image_id,image_name,study_label,income,income_quartile,region,country_id,country_name,model,accepted_caption_terms,task,raw_output,predicted_label,confidence,correct_rank,boxes,metric_value
5d4bde4dcf0b3a0f3f335e21,5d4bde4dcf0b3a0f3f335e21.jpg,stove,898.0,Q3,am,us,United States,yolo_world,"[""stove"", ""oven"", ""cooker"", ""cooktop"", ""hob""]",detection,,,,,[],False
5d4bde4dcf0b3a0f3f335e25,5d4bde4dcf0b3a0f3f335e25.jpg,light source,898.0,Q3,am,us,United States,clip,"[""light"", ""lamp"", ""bulb"", ""lantern"", ""candle""]",classification,stove,stove,0.5475256443023682,2.0,,False
5d4bde4dcf0b3a0f3f335e25,5d4bde4dcf0b3a0f3f335e25.jpg,light source,898.0,Q3,am,us,United States,yolo_world,"[""light"", ""lamp"", ""bulb"", ""lantern"", ""candle""]",detection,,,,,[],False
5d4bdefccf0b3a0f3f336ec5,5d4bdefccf0b3a0f3f336ec5.jpg,roof,430.0,Q2,eu,rs,Serbia,yolo_world,"[""roof"", ""roofing"", ""ceiling""]",detection,,,,,[],False
5d4bdf05cf0b3a0f3f336fb3,5d4bdf05cf0b3a0f3f336fb3.JPG,light source,293.0,Q2,as,id,Indonesia,yolo_world,"[""light"", ""lamp"", ""bulb"", ""lantern"", ""candle""]",detection,,,,,[],False
5d4bdf17cf0b3a0f3f337195,5d4bdf17cf0b3a0f3f337195.JPG,switch,234.0,Q2,as,id,Indonesia,yolo_world,"[""switch"", ""light switch"", ""power switch""]",detection,,,,,[],False
5d4bdf26cf0b3a0f3f337341,5d4bdf26cf0b3a0f3f337341.JPG,footwear,670.0,Q2,af,tg,Togo,blip_baseline,"[""shoe"", ""shoes"", ""sandal"", ""sandals"", ""slipper"", ""slippers"", ""sneaker"", ""sneakers"", ""boot"", ""boots"", ""footwear""]",captioning,a person standing on a step with their feet up,,,,,False
5d4bdf69cf0b3a0f3f337997,5d4bdf69cf0b3a0f3f337997.jpg,trash container,228.0,Q2,af,tz,Tanzania,blip_baseline,"[""trash can"", ""garbage can"", ""garbage bin"", ""waste bin"", ""dustbin"", ""dumpster""]",captioning,a white basket with a bunch of beer bottles,,,,,False
5d4bdf69cf0b3a0f3f337997,5d4bdf69cf0b3a0f3f337997.jpg,trash container,228.0,Q2,af,tz,Tanzania,blip_prompted,"[""trash can"", ""garbage can"", ""garbage bin"", ""waste bin"", ""dustbin"", ""dumpster""]",captioning,the main household object in this image is a basket of beer bottles,,,,,False
5d4bdf69cf0b3a0f3f337997,5d4bdf69cf0b3a0f3f337997.jpg,trash container,228.0,Q2,af,tz,Tanzania,internvl,"[""trash can"", ""garbage can"", ""garbage bin"", ""waste bin"", ""dustbin"", ""dumpster""]",captioning,A white plastic basket is placed on top of a red crate filled with bottles.,,,,,False
5d4bdf69cf0b3a0f3f337997,5d4bdf69cf0b3a0f3f337997.jpg,trash container,228.0,Q2,af,tz,Tanzania,qwen,"[""trash can"", ""garbage can"", ""garbage bin"", ""waste bin"", ""dustbin"", ""dumpster""]",captioning,The main household object is a red Coca-Cola crate with several empty bottles inside and a white plastic basket on top.,,,,,False
5d4bdf69cf0b3a0f3f337997,5d4bdf69cf0b3a0f3f337997.jpg,trash container,228.0,Q2,af,tz,Tanzania,yolo_world,"[""trash can"", ""garbage can"", ""garbage bin"", ""waste bin"", ""dustbin"", ""dumpster""]",detection,footwear,footwear,0.426945149898529,,"[{""label"": ""footwear"", ""confidence"": 0.42694514989852905, ""xyxy"": [2108.32861328125, 3541.89794921875, 2634.91845703125, 3989.339599609375]}]",False
5d4bdf79cf0b3a0f3f337b57,5d4bdf79cf0b3a0f3f337b57.jpg,trash container,1193.0,Q3,eu,rs,Serbia,blip_baseline,"[""trash can"", ""garbage can"", ""garbage bin"", ""waste bin"", ""dustbin"", ""dumpster""]",captioning,a plastic bag filled with food and a bag of chips,,,,,False
5d4bdf79cf0b3a0f3f337b57,5d4bdf79cf0b3a0f3f337b57.jpg,trash container,1193.0,Q3,eu,rs,Serbia,blip_prompted,"[""trash can"", ""garbage can"", ""garbage bin"", ""waste bin"", ""dustbin"", ""dumpster""]",captioning,the main household object in this image is a plastic bag,,,,,False
5d4bdf79cf0b3a0f3f337b57,5d4bdf79cf0b3a0f3f337b57.jpg,trash container,1193.0,Q3,eu,rs,Serbia,internvl,"[""trash can"", ""garbage can"", ""garbage bin"", ""waste bin"", ""dustbin"", ""dumpster""]",captioning,"A trash bin filled with various discarded items, including a green bag of food and plastic bags.",,,,,False
5d4bdf79cf0b3a0f3f337b57,5d4bdf79cf0b3a0f3f337b57.jpg,trash container,1193.0,Q3,eu,rs,Serbia,yolo_world,"[""trash can"", ""garbage can"", ""garbage bin"", ""waste bin"", ""dustbin"", ""dumpster""]",detection,,,,,[],False
5d4bdf81cf0b3a0f3f337c37,5d4bdf81cf0b3a0f3f337c37.jpg,footwear,2379.0,Q4,eu,ro,Romania,yolo_world,"[""shoe"", ""shoes"", ""sandal"", ""sandals"", ""slipper"", ""slippers"", ""sneaker"", ""sneakers"", ""boot"", ""boots"", ""footwear""]",detection,,,,,[],False
5d4bdf9ecf0b3a0f3f337f0b,5d4bdf9ecf0b3a0f3f337f0b.JPG,footwear,2602.0,Q4,eu,ch,Switzerland,yolo_world,"[""shoe"", ""shoes"", ""sandal"", ""sandals"", ""slipper"", ""slippers"", ""sneaker"", ""sneakers"", ""boot"", ""boots"", ""footwear""]",detection,,,,,[],False
5d4bdfa0cf0b3a0f3f337f53,5d4bdfa0cf0b3a0f3f337f53.jpg,light source,398.0,Q2,am,pe,Peru,yolo_world,"[""light"", ""lamp"", ""bulb"", ""lantern"", ""candle""]",detection,,,,,[],False
5d4bdfb1cf0b3a0f3f33809d,5d4bdfb1cf0b3a0f3f33809d.jpg,light source,1038.0,Q3,eu,nl,Netherlands,yolo_world,"[""light"", ""lamp"", ""bulb"", ""lantern"", ""candle""]",detection,,,,,[],False
5d4bdfefcf0b3a0f3f33871e,5d4bdfefcf0b3a0f3f33871e.jpg,trash container,1308.0,Q3,as,pk,Pakistan,blip_baseline,"[""trash can"", ""garbage can"", ""garbage bin"", ""waste bin"", ""dustbin"", ""dumpster""]",captioning,a white bag with a black handle,,,,,False
5d4bdfefcf0b3a0f3f33871e,5d4bdfefcf0b3a0f3f33871e.jpg,trash container,1308.0,Q3,as,pk,Pakistan,blip_prompted,"[""trash can"", ""garbage can"", ""garbage bin"", ""waste bin"", ""dustbin"", ""dumpster""]",captioning,the main household object in this image is a trash bag,,,,,False
5d4bdfefcf0b3a0f3f33871e,5d4bdfefcf0b3a0f3f33871e.jpg,trash container,1308.0,Q3,as,pk,Pakistan,qwen,"[""trash can"", ""garbage can"", ""garbage bin"", ""waste bin"", ""dustbin"", ""dumpster""]",captioning,The main household object in the image is a white plastic bag with some markings on it.,,,,,False
5d4bdfefcf0b3a0f3f33871e,5d4bdfefcf0b3a0f3f33871e.jpg,trash container,1308.0,Q3,as,pk,Pakistan,yolo_world,"[""trash can"", ""garbage can"", ""garbage bin"", ""waste bin"", ""dustbin"", ""dumpster""]",detection,,,,,[],False
5d4be014cf0b3a0f3f338aa4,5d4be014cf0b3a0f3f338aa4.JPG,switch,3750.0,Q4,af,ng,Nigeria,internvl,"[""switch"", ""light switch"", ""power switch""]",captioning,The image shows a wall-mounted water heater with two light switches.,,,,,False
5d4be014cf0b3a0f3f338aa4,5d4be014cf0b3a0f3f338aa4.JPG,switch,3750.0,Q4,af,ng,Nigeria,yolo_world,"[""switch"", ""light switch"", ""power switch""]",detection,,,,,[],False
5d4be02ecf0b3a0f3f338c56,5d4be02ecf0b3a0f3f338c56.JPG,switch,1260.0,Q3,eu,nl,Netherlands,blip_baseline,"[""switch"", ""light switch"", ""power switch""]",captioning,two speakers on a brick wall,,,,,False
5d4be02ecf0b3a0f3f338c56,5d4be02ecf0b3a0f3f338c56.JPG,switch,1260.0,Q3,eu,nl,Netherlands,blip_prompted,"[""switch"", ""light switch"", ""power switch""]",captioning,the main household object in this image is a black and gold double - socket socket,,,,,False
5d4be02ecf0b3a0f3f338c56,5d4be02ecf0b3a0f3f338c56.JPG,switch,1260.0,Q3,eu,nl,Netherlands,internvl,"[""switch"", ""light switch"", ""power switch""]",captioning,A kitchen countertop with two black circular burners.,,,,,False
5d4be02ecf0b3a0f3f338c56,5d4be02ecf0b3a0f3f338c56.JPG,switch,1260.0,Q3,eu,nl,Netherlands,internvl,"[""switch"", ""light switch"", ""power switch""]",classification,stove,stove,,,,False
5d4be02ecf0b3a0f3f338c56,5d4be02ecf0b3a0f3f338c56.JPG,switch,1260.0,Q3,eu,nl,Netherlands,qwen,"[""switch"", ""light switch"", ""power switch""]",captioning,The main household object in this image is a wall socket with two black circular buttons.,,,,,False
5d4be02ecf0b3a0f3f338c56,5d4be02ecf0b3a0f3f338c56.JPG,switch,1260.0,Q3,eu,nl,Netherlands,yolo_world,"[""switch"", ""light switch"", ""power switch""]",detection,,,,,[],False
5d4be02fcf0b3a0f3f338c7c,5d4be02fcf0b3a0f3f338c7c.JPG,roof,1260.0,Q3,eu,nl,Netherlands,blip_baseline,"[""roof"", ""roofing"", ""ceiling""]",captioning,a white wall with a light on it,,,,,False
5d4be02fcf0b3a0f3f338c7c,5d4be02fcf0b3a0f3f338c7c.JPG,roof,1260.0,Q3,eu,nl,Netherlands,blip_prompted,"[""roof"", ""roofing"", ""ceiling""]",captioning,the main household object in this image is a white wall,,,,,False
5d4be02fcf0b3a0f3f338c7c,5d4be02fcf0b3a0f3f338c7c.JPG,roof,1260.0,Q3,eu,nl,Netherlands,internvl,"[""roof"", ""roofing"", ""ceiling""]",captioning,A plain wall with a subtle light source creating a warm glow on the left side.,,,,,False
5d4be02fcf0b3a0f3f338c7c,5d4be02fcf0b3a0f3f338c7c.JPG,roof,1260.0,Q3,eu,nl,Netherlands,internvl,"[""roof"", ""roofing"", ""ceiling""]",classification,light source,light source,,,,False
5d4be02fcf0b3a0f3f338c7c,5d4be02fcf0b3a0f3f338c7c.JPG,roof,1260.0,Q3,eu,nl,Netherlands,qwen,"[""roof"", ""roofing"", ""ceiling""]",captioning,The main household object is a wall with a textured surface.,,,,,False
5d4be02fcf0b3a0f3f338c7c,5d4be02fcf0b3a0f3f338c7c.JPG,roof,1260.0,Q3,eu,nl,Netherlands,qwen,"[""roof"", ""roofing"", ""ceiling""]",classification,light source,light source,,,,False
5d4be02fcf0b3a0f3f338c7c,5d4be02fcf0b3a0f3f338c7c.JPG,roof,1260.0,Q3,eu,nl,Netherlands,yolo_world,"[""roof"", ""roofing"", ""ceiling""]",detection,,,,,[],False
5d4be034cf0b3a0f3f338d08,5d4be034cf0b3a0f3f338d08.JPG,switch,1816.0,Q3,eu,nl,Netherlands,yolo_world,"[""switch"", ""light switch"", ""power switch""]",detection,,,,,[],False
5d4be03ccf0b3a0f3f338dde,5d4be03ccf0b3a0f3f338dde.JPG,light source,1643.0,Q3,af,ng,Nigeria,blip_baseline,"[""light"", ""lamp"", ""bulb"", ""lantern"", ""candle""]",captioning,a chandel with three lights on a ceiling,,,,,False
5d4be03ccf0b3a0f3f338dde,5d4be03ccf0b3a0f3f338dde.JPG,light source,1643.0,Q3,af,ng,Nigeria,blip_prompted,"[""light"", ""lamp"", ""bulb"", ""lantern"", ""candle""]",captioning,the main household object in this image is a chandel,,,,,False
5d4be03ccf0b3a0f3f338dde,5d4be03ccf0b3a0f3f338dde.JPG,light source,1643.0,Q3,af,ng,Nigeria,internvl,"[""light"", ""lamp"", ""bulb"", ""lantern"", ""candle""]",captioning,A chandelier with clear glass shades and a metallic base.,,,,,False
5d4be03ccf0b3a0f3f338dde,5d4be03ccf0b3a0f3f338dde.JPG,light source,1643.0,Q3,af,ng,Nigeria,qwen,"[""light"", ""lamp"", ""bulb"", ""lantern"", ""candle""]",captioning,The main household object in the image is a chandelier with four glass shades and a central metal rod.,,,,,False
5d4be03ccf0b3a0f3f338dde,5d4be03ccf0b3a0f3f338dde.JPG,light source,1643.0,Q3,af,ng,Nigeria,yolo_world,"[""light"", ""lamp"", ""bulb"", ""lantern"", ""candle""]",detection,,,,,[],False
5d4be048cf0b3a0f3f338f18,5d4be048cf0b3a0f3f338f18.jpg,stove,4559.0,Q4,am,us,United States,yolo_world,"[""stove"", ""oven"", ""cooker"", ""cooktop"", ""hob""]",detection,,,,,[],False
5d4be092cf0b3a0f3f3397a5,5d4be092cf0b3a0f3f3397a5.JPG,footwear,1728.0,Q3,eu,nl,Netherlands,yolo_world,"[""shoe"", ""shoes"", ""sandal"", ""sandals"", ""slipper"", ""slippers"", ""sneaker"", ""sneakers"", ""boot"", ""boots"", ""footwear""]",detection,,,,,[],False
5d4be09bcf0b3a0f3f3398ab,5d4be09bcf0b3a0f3f3398ab.JPG,roof,1034.0,Q3,am,br,Brazil,blip_prompted,"[""roof"", ""roofing"", ""ceiling""]",captioning,the main household object in this image is a light,,,,,False
5d4be09bcf0b3a0f3f3398ab,5d4be09bcf0b3a0f3f3398ab.JPG,roof,1034.0,Q3,am,br,Brazil,internvl,"[""roof"", ""roofing"", ""ceiling""]",classification,light source,light source,,,,False
5d4be09bcf0b3a0f3f3398ab,5d4be09bcf0b3a0f3f3398ab.JPG,roof,1034.0,Q3,am,br,Brazil,qwen,"[""roof"", ""roofing"", ""ceiling""]",classification,light source,light source,,,,False
5d4be09bcf0b3a0f3f3398ab,5d4be09bcf0b3a0f3f3398ab.JPG,roof,1034.0,Q3,am,br,Brazil,yolo_world,"[""roof"", ""roofing"", ""ceiling""]",detection,,,,,[],False
5d4be09ccf0b3a0f3f3398bb,5d4be09ccf0b3a0f3f3398bb.JPG,footwear,1034.0,Q3,am,br,Brazil,blip_baseline,"[""shoe"", ""shoes"", ""sandal"", ""sandals"", ""slipper"", ""slippers"", ""sneaker"", ""sneakers"", ""boot"", ""boots"", ""footwear""]",captioning,a pair of black flip flops on a towel,,,,,False
5d4be09ccf0b3a0f3f3398bb,5d4be09ccf0b3a0f3f3398bb.JPG,footwear,1034.0,Q3,am,br,Brazil,blip_prompted,"[""shoe"", ""shoes"", ""sandal"", ""sandals"", ""slipper"", ""slippers"", ""sneaker"", ""sneakers"", ""boot"", ""boots"", ""footwear""]",captioning,the main household object in this image is a pair of flip flops,,,,,False
5d4be09ccf0b3a0f3f3398bb,5d4be09ccf0b3a0f3f3398bb.JPG,footwear,1034.0,Q3,am,br,Brazil,internvl,"[""shoe"", ""shoes"", ""sandal"", ""sandals"", ""slipper"", ""slippers"", ""sneaker"", ""sneakers"", ""boot"", ""boots"", ""footwear""]",captioning,A set of black flip-flops is placed on a green and white striped towel.,,,,,False
5d4be09ccf0b3a0f3f3398bb,5d4be09ccf0b3a0f3f3398bb.JPG,footwear,1034.0,Q3,am,br,Brazil,qwen,"[""shoe"", ""shoes"", ""sandal"", ""sandals"", ""slipper"", ""slippers"", ""sneaker"", ""sneakers"", ""boot"", ""boots"", ""footwear""]",captioning,The main household object in the image is a pair of black flip-flops placed on a green and white patterned rug.,,,,,False
5d4be0abcf0b3a0f3f339a79,5d4be0abcf0b3a0f3f339a79.jpg,roof,5621.0,Q4,as,in,India,internvl,"[""roof"", ""roofing"", ""ceiling""]",classification,light source,light source,,,,False
5d4be0abcf0b3a0f3f339a79,5d4be0abcf0b3a0f3f339a79.jpg,roof,5621.0,Q4,as,in,India,qwen,"[""roof"", ""roofing"", ""ceiling""]",classification,light source,light source,,,,False
5d4be0abcf0b3a0f3f339a79,5d4be0abcf0b3a0f3f339a79.jpg,roof,5621.0,Q4,as,in,India,yolo_world,"[""roof"", ""roofing"", ""ceiling""]",detection,,,,,[],False
5d4be0b0cf0b3a0f3f339b0b,5d4be0b0cf0b3a0f3f339b0b.jpg,light source,1742.0,Q3,as,in,India,blip_baseline,"[""light"", ""lamp"", ""bulb"", ""lantern"", ""candle""]",captioning,a room with a refrigerator and a sink,,,,,False
5d4be0b0cf0b3a0f3f339b0b,5d4be0b0cf0b3a0f3f339b0b.jpg,light source,1742.0,Q3,as,in,India,blip_prompted,"[""light"", ""lamp"", ""bulb"", ""lantern"", ""candle""]",captioning,the main household object in this image is a refrigerator,,,,,False
5d4be0b0cf0b3a0f3f339b0b,5d4be0b0cf0b3a0f3f339b0b.jpg,light source,1742.0,Q3,as,in,India,internvl,"[""light"", ""lamp"", ""bulb"", ""lantern"", ""candle""]",captioning,"A kitchen with a brown door, a stainless steel refrigerator, and an open doorway leading to a kitchen area.",,,,,False
5d4be0b0cf0b3a0f3f339b0b,5d4be0b0cf0b3a0f3f339b0b.jpg,light source,1742.0,Q3,as,in,India,internvl,"[""light"", ""lamp"", ""bulb"", ""lantern"", ""candle""]",classification,stove,stove,,,,False
5d4be0b0cf0b3a0f3f339b0b,5d4be0b0cf0b3a0f3f339b0b.jpg,light source,1742.0,Q3,as,in,India,qwen,"[""light"", ""lamp"", ""bulb"", ""lantern"", ""candle""]",classification,stove,stove,,,,False
5d4be0b0cf0b3a0f3f339b0b,5d4be0b0cf0b3a0f3f339b0b.jpg,light source,1742.0,Q3,as,in,India,yolo_world,"[""light"", ""lamp"", ""bulb"", ""lantern"", ""candle""]",detection,,,,,[],False
5d4be0becf0b3a0f3f339caf,5d4be0becf0b3a0f3f339caf.jpg,trash container,2340.0,Q4,as,in,India,blip_prompted,"[""trash can"", ""garbage can"", ""garbage bin"", ""waste bin"", ""dustbin"", ""dumpster""]",captioning,the main household object in this image is a trash bin,,,,,False
5d4be0becf0b3a0f3f339caf,5d4be0becf0b3a0f3f339caf.jpg,trash container,2340.0,Q4,as,in,India,internvl,"[""trash can"", ""garbage can"", ""garbage bin"", ""waste bin"", ""dustbin"", ""dumpster""]",captioning,"A beige plastic trash bin with an open lid, containing various discarded items including a plastic bag and a can.",,,,,False
5d4be0becf0b3a0f3f339caf,5d4be0becf0b3a0f3f339caf.jpg,trash container,2340.0,Q4,as,in,India,yolo_world,"[""trash can"", ""garbage can"", ""garbage bin"", ""waste bin"", ""dustbin"", ""dumpster""]",detection,,,,,[],False
5d4be0ddcf0b3a0f3f33a03d,5d4be0ddcf0b3a0f3f33a03d.JPG,stove,2370.0,Q4,eu,nl,Netherlands,yolo_world,"[""stove"", ""oven"", ""cooker"", ""cooktop"", ""hob""]",detection,,,,,[],False
5d4be0e9cf0b3a0f3f33a1a1,5d4be0e9cf0b3a0f3f33a1a1.jpg,footwear,4732.0,Q4,as,in,India,internvl,"[""shoe"", ""shoes"", ""sandal"", ""sandals"", ""slipper"", ""slippers"", ""sneaker"", ""sneakers"", ""boot"", ""boots"", ""footwear""]",captioning,The main household object in the image is a pair of blue and black flip-flops.,,,,,False
5d4be0e9cf0b3a0f3f33a1a1,5d4be0e9cf0b3a0f3f33a1a1.jpg,footwear,4732.0,Q4,as,in,India,qwen,"[""shoe"", ""shoes"", ""sandal"", ""sandals"", ""slipper"", ""slippers"", ""sneaker"", ""sneakers"", ""boot"", ""boots"", ""footwear""]",captioning,The main household object in this image is a pair of blue flip-flops with black straps.,,,,,False
5d4be0fecf0b3a0f3f33a415,5d4be0fecf0b3a0f3f33a415.jpeg,stove,1295.0,Q3,as,in,India,yolo_world,"[""stove"", ""oven"", ""cooker"", ""cooktop"", ""hob""]",detection,,,,,[],False
5d4be103cf0b3a0f3f33a4af,5d4be103cf0b3a0f3f33a4af.jpg,roof,1295.0,Q3,as,in,India,blip_prompted,"[""roof"", ""roofing"", ""ceiling""]",captioning,the main household object in this image is a dont,,,,,False
5d4be103cf0b3a0f3f33a4af,5d4be103cf0b3a0f3f33a4af.jpg,roof,1295.0,Q3,as,in,India,internvl,"[""roof"", ""roofing"", ""ceiling""]",classification,light source,light source,,,,False
5d4be103cf0b3a0f3f33a4af,5d4be103cf0b3a0f3f33a4af.jpg,roof,1295.0,Q3,as,in,India,qwen,"[""roof"", ""roofing"", ""ceiling""]",classification,light source,light source,,,,False
5d4be103cf0b3a0f3f33a4af,5d4be103cf0b3a0f3f33a4af.jpg,roof,1295.0,Q3,as,in,India,yolo_world,"[""roof"", ""roofing"", ""ceiling""]",detection,,,,,[],False
5d4be118cf0b3a0f3f33a717,5d4be118cf0b3a0f3f33a717.jpeg,light source,3477.0,Q4,as,in,India,yolo_world,"[""light"", ""lamp"", ""bulb"", ""lantern"", ""candle""]",detection,,,,,[],False
5d4be134cf0b3a0f3f33aa59,5d4be134cf0b3a0f3f33aa59.jpg,trash container,4621.0,Q4,as,in,India,blip_baseline,"[""trash can"", ""garbage can"", ""garbage bin"", ""waste bin"", ""dustbin"", ""dumpster""]",captioning,a metal basket with a piece of fruit inside,,,,,False
5d4be134cf0b3a0f3f33aa59,5d4be134cf0b3a0f3f33aa59.jpg,trash container,4621.0,Q4,as,in,India,blip_prompted,"[""trash can"", ""garbage can"", ""garbage bin"", ""waste bin"", ""dustbin"", ""dumpster""]",captioning,the main household object in this image is a basket of food,,,,,False
5d4be134cf0b3a0f3f33aa59,5d4be134cf0b3a0f3f33aa59.jpg,trash container,4621.0,Q4,as,in,India,internvl,"[""trash can"", ""garbage can"", ""garbage bin"", ""waste bin"", ""dustbin"", ""dumpster""]",captioning,"A metal trash bin filled with discarded items, including a banana peel, is placed on a tiled floor against a green wall.",,,,,False
5d4be136cf0b3a0f3f33aa95,5d4be136cf0b3a0f3f33aa95.jpg,roof,4621.0,Q4,as,in,India,internvl,"[""roof"", ""roofing"", ""ceiling""]",classification,ceiling fan,,,,,False
5d4be136cf0b3a0f3f33aa95,5d4be136cf0b3a0f3f33aa95.jpg,roof,4621.0,Q4,as,in,India,qwen,"[""roof"", ""roofing"", ""ceiling""]",classification,light source,light source,,,,False
5d4be136cf0b3a0f3f33aa95,5d4be136cf0b3a0f3f33aa95.jpg,roof,4621.0,Q4,as,in,India,yolo_world,"[""roof"", ""roofing"", ""ceiling""]",detection,,,,,[],False
5d4be15bcf0b3a0f3f33aee7,5d4be15bcf0b3a0f3f33aee7.JPG,stove,368.0,Q2,am,br,Brazil,yolo_world,"[""stove"", ""oven"", ""cooker"", ""cooktop"", ""hob""]",detection,,,,,[],False
5d4be176cf0b3a0f3f33b207,5d4be176cf0b3a0f3f33b207.jpg,stove,456.0,Q2,am,br,Brazil,yolo_world,"[""stove"", ""oven"", ""cooker"", ""cooktop"", ""hob""]",detection,,,,,[],False
5d4be196cf0b3a0f3f33b4c3,5d4be196cf0b3a0f3f33b4c3.jpg,light source,685.0,Q2,am,br,Brazil,blip_baseline,"[""light"", ""lamp"", ""bulb"", ""lantern"", ""candle""]",captioning,a bathroom with a shower head and a shower curtain,,,,,False
5d4be196cf0b3a0f3f33b4c3,5d4be196cf0b3a0f3f33b4c3.jpg,light source,685.0,Q2,am,br,Brazil,blip_prompted,"[""light"", ""lamp"", ""bulb"", ""lantern"", ""candle""]",captioning,the main household object in this image is a shower head,,,,,False
5d4be196cf0b3a0f3f33b4c3,5d4be196cf0b3a0f3f33b4c3.jpg,light source,685.0,Q2,am,br,Brazil,clip,"[""light"", ""lamp"", ""bulb"", ""lantern"", ""candle""]",classification,roof,roof,0.7075773477554321,2.0,,False
5d4be196cf0b3a0f3f33b4c3,5d4be196cf0b3a0f3f33b4c3.jpg,light source,685.0,Q2,am,br,Brazil,yolo_world,"[""light"", ""lamp"", ""bulb"", ""lantern"", ""candle""]",detection,,,,,[],False
5d4be1c8cf0b3a0f3f33b9cf,5d4be1c8cf0b3a0f3f33b9cf.JPG,trash container,82.0,Q1,af,ke,Kenya,blip_baseline,"[""trash can"", ""garbage can"", ""garbage bin"", ""waste bin"", ""dustbin"", ""dumpster""]",captioning,a pile of trash sitting in the grass,,,,,False
5d4be1c8cf0b3a0f3f33b9cf,5d4be1c8cf0b3a0f3f33b9cf.JPG,trash container,82.0,Q1,af,ke,Kenya,blip_prompted,"[""trash can"", ""garbage can"", ""garbage bin"", ""waste bin"", ""dustbin"", ""dumpster""]",captioning,the main household object in this image is a pile of garbage,,,,,False
5d4be1c8cf0b3a0f3f33b9cf,5d4be1c8cf0b3a0f3f33b9cf.JPG,trash container,82.0,Q1,af,ke,Kenya,internvl,"[""trash can"", ""garbage can"", ""garbage bin"", ""waste bin"", ""dustbin"", ""dumpster""]",captioning,"A pile of trash and debris on the grass, including plastic bags and clothing, with smoke rising in the background.",,,,,False
5d4be1c8cf0b3a0f3f33b9cf,5d4be1c8cf0b3a0f3f33b9cf.JPG,trash container,82.0,Q1,af,ke,Kenya,internvl,"[""trash can"", ""garbage can"", ""garbage bin"", ""waste bin"", ""dustbin"", ""dumpster""]",classification,stove,stove,,,,False
5d4be1c8cf0b3a0f3f33b9cf,5d4be1c8cf0b3a0f3f33b9cf.JPG,trash container,82.0,Q1,af,ke,Kenya,qwen,"[""trash can"", ""garbage can"", ""garbage bin"", ""waste bin"", ""dustbin"", ""dumpster""]",captioning,"The main household object in the image is a pile of composted organic waste, including leaves, twigs, and possibly some clothing.",,,,,False
5d4be1c8cf0b3a0f3f33b9cf,5d4be1c8cf0b3a0f3f33b9cf.JPG,trash container,82.0,Q1,af,ke,Kenya,yolo_world,"[""trash can"", ""garbage can"", ""garbage bin"", ""waste bin"", ""dustbin"", ""dumpster""]",detection,,,,,[],False
5d4be1cbcf0b3a0f3f33ba21,5d4be1cbcf0b3a0f3f33ba21.JPG,light source,82.0,Q1,af,ke,Kenya,blip_baseline,"[""light"", ""lamp"", ""bulb"", ""lantern"", ""candle""]",captioning,a small red can sitting on a ledge,,,,,False
5d4be1cbcf0b3a0f3f33ba21,5d4be1cbcf0b3a0f3f33ba21.JPG,light source,82.0,Q1,af,ke,Kenya,blip_prompted,"[""light"", ""lamp"", ""bulb"", ""lantern"", ""candle""]",captioning,the main household object in this image is a can of coke,,,,,False
5d4be1cbcf0b3a0f3f33ba21,5d4be1cbcf0b3a0f3f33ba21.JPG,light source,82.0,Q1,af,ke,Kenya,clip,"[""light"", ""lamp"", ""bulb"", ""lantern"", ""candle""]",classification,stove,stove,0.9472675323486328,2.0,,False
5d4be1cbcf0b3a0f3f33ba21,5d4be1cbcf0b3a0f3f33ba21.JPG,light source,82.0,Q1,af,ke,Kenya,internvl,"[""light"", ""lamp"", ""bulb"", ""lantern"", ""candle""]",captioning,A red battery with a black screw on top is placed on a wooden surface against a brick wall.,,,,,False
5d4be1cbcf0b3a0f3f33ba21,5d4be1cbcf0b3a0f3f33ba21.JPG,light source,82.0,Q1,af,ke,Kenya,internvl,"[""light"", ""lamp"", ""bulb"", ""lantern"", ""candle""]",classification,trash container,trash container,,,,False
5d4be1cbcf0b3a0f3f33ba21,5d4be1cbcf0b3a0f3f33ba21.JPG,light source,82.0,Q1,af,ke,Kenya,qwen,"[""light"", ""lamp"", ""bulb"", ""lantern"", ""candle""]",captioning,"The main household object in the image is a red canister with a black nozzle, likely used for fuel or gas.",,,,,False
5d4be1cbcf0b3a0f3f33ba21,5d4be1cbcf0b3a0f3f33ba21.JPG,light source,82.0,Q1,af,ke,Kenya,qwen,"[""light"", ""lamp"", ""bulb"", ""lantern"", ""candle""]",classification,stove,stove,,,,False
5d4be1cbcf0b3a0f3f33ba21,5d4be1cbcf0b3a0f3f33ba21.JPG,light source,82.0,Q1,af,ke,Kenya,yolo_world,"[""light"", ""lamp"", ""bulb"", ""lantern"", ""candle""]",detection,,,,,[],False
5d4be2ffcf0b3a0f3f33d901,5d4be2ffcf0b3a0f3f33d901.jpg,switch,1125.0,Q3,as,in,India,internvl,"[""switch"", ""light switch"", ""power switch""]",captioning,"The image shows an old, worn-out electrical outlet on an orange wall.",,,,,False
5d4be2ffcf0b3a0f3f33d901,5d4be2ffcf0b3a0f3f33d901.jpg,switch,1125.0,Q3,as,in,India,qwen,"[""switch"", ""light switch"", ""power switch""]",captioning,The main household object is an electrical panel with multiple switches and outlets on an orange wall.,,,,,False
5d4be2ffcf0b3a0f3f33d901,5d4be2ffcf0b3a0f3f33d901.jpg,switch,1125.0,Q3,as,in,India,yolo_world,"[""switch"", ""light switch"", ""power switch""]",detection,,,,,[],False
5d4be3ffcf0b3a0f3f33f4fa,5d4be3ffcf0b3a0f3f33f4fa.jpg,switch,227.0,Q2,af,cm,Cameroon,blip_baseline,"[""switch"", ""light switch"", ""power switch""]",captioning,a picture of a woman hanging on a wall,,,,,False
5d4be3ffcf0b3a0f3f33f4fa,5d4be3ffcf0b3a0f3f33f4fa.jpg,switch,227.0,Q2,af,cm,Cameroon,blip_prompted,"[""switch"", ""light switch"", ""power switch""]",captioning,the main household object in this image is a picture of a woman,,,,,False
5d4be3ffcf0b3a0f3f33f4fa,5d4be3ffcf0b3a0f3f33f4fa.jpg,switch,227.0,Q2,af,cm,Cameroon,clip,"[""switch"", ""light switch"", ""power switch""]",classification,light source,light source,0.5828473567962646,2.0,,False
5d4be3ffcf0b3a0f3f33f4fa,5d4be3ffcf0b3a0f3f33f4fa.jpg,switch,227.0,Q2,af,cm,Cameroon,internvl,"[""switch"", ""light switch"", ""power switch""]",captioning,A white electrical outlet is mounted on a white wooden surface.,,,,,False
5d4be3ffcf0b3a0f3f33f4fa,5d4be3ffcf0b3a0f3f33f4fa.jpg,switch,227.0,Q2,af,cm,Cameroon,yolo_world,"[""switch"", ""light switch"", ""power switch""]",detection,,,,,[],False
5d4be3ffcf0b3a0f3f33f500,5d4be3ffcf0b3a0f3f33f500.jpg,roof,227.0,Q2,af,cm,Cameroon,internvl,"[""roof"", ""roofing"", ""ceiling""]",captioning,A hanging strawberry decoration with a red chili pepper and a blue ball.,,,,,False
5d4be3ffcf0b3a0f3f33f500,5d4be3ffcf0b3a0f3f33f500.jpg,roof,227.0,Q2,af,cm,Cameroon,internvl,"[""roof"", ""roofing"", ""ceiling""]",classification,light source,light source,,,,False
5d4be3ffcf0b3a0f3f33f500,5d4be3ffcf0b3a0f3f33f500.jpg,roof,227.0,Q2,af,cm,Cameroon,qwen,"[""roof"", ""roofing"", ""ceiling""]",captioning,The main household object in the image is a hanging strawberry-shaped decoration.,,,,,False
5d4be3ffcf0b3a0f3f33f500,5d4be3ffcf0b3a0f3f33f500.jpg,roof,227.0,Q2,af,cm,Cameroon,qwen,"[""roof"", ""roofing"", ""ceiling""]",classification,light source,light source,,,,False
5d4be3ffcf0b3a0f3f33f500,5d4be3ffcf0b3a0f3f33f500.jpg,roof,227.0,Q2,af,cm,Cameroon,yolo_world,"[""roof"", ""roofing"", ""ceiling""]",detection,,,,,[],False
5d4be404cf0b3a0f3f33f59c,5d4be404cf0b3a0f3f33f59c.JPG,roof,2010.0,Q4,eu,gb,United Kingdom,blip_baseline,"[""roof"", ""roofing"", ""ceiling""]",captioning,a clear blue sky,,,,,False
5d4be404cf0b3a0f3f33f59c,5d4be404cf0b3a0f3f33f59c.JPG,roof,2010.0,Q4,eu,gb,United Kingdom,blip_prompted,"[""roof"", ""roofing"", ""ceiling""]",captioning,the main household object in this image is a house,,,,,False
5d4be404cf0b3a0f3f33f59c,5d4be404cf0b3a0f3f33f59c.JPG,roof,2010.0,Q4,eu,gb,United Kingdom,yolo_world,"[""roof"", ""roofing"", ""ceiling""]",detection,,,,,[],False
5d4be417cf0b3a0f3f33f7d4,5d4be417cf0b3a0f3f33f7d4.JPG,roof,1890.0,Q4,eu,gb,United Kingdom,clip,"[""roof"", ""roofing"", ""ceiling""]",classification,light source,light source,0.3951732516288757,2.0,,False
5d4be417cf0b3a0f3f33f7d4,5d4be417cf0b3a0f3f33f7d4.JPG,roof,1890.0,Q4,eu,gb,United Kingdom,internvl,"[""roof"", ""roofing"", ""ceiling""]",classification,light source,light source,,,,False
5d4be417cf0b3a0f3f33f7d4,5d4be417cf0b3a0f3f33f7d4.JPG,roof,1890.0,Q4,eu,gb,United Kingdom,qwen,"[""roof"", ""roofing"", ""ceiling""]",classification,light source,light source,,,,False
5d4be417cf0b3a0f3f33f7d4,5d4be417cf0b3a0f3f33f7d4.JPG,roof,1890.0,Q4,eu,gb,United Kingdom,yolo_world,"[""roof"", ""roofing"", ""ceiling""]",detection,,,,,[],False
5d4be42ccf0b3a0f3f33fa48,5d4be42ccf0b3a0f3f33fa48.JPG,roof,4446.0,Q4,am,us,United States,blip_baseline,"[""roof"", ""roofing"", ""ceiling""]",captioning,a person holding a cell phone in their hand,,,,,False
5d4be42ccf0b3a0f3f33fa48,5d4be42ccf0b3a0f3f33fa48.JPG,roof,4446.0,Q4,am,us,United States,blip_prompted,"[""roof"", ""roofing"", ""ceiling""]",captioning,the main household object in this image is a toothbrush,,,,,False
5d4be42ccf0b3a0f3f33fa48,5d4be42ccf0b3a0f3f33fa48.JPG,roof,4446.0,Q4,am,us,United States,clip,"[""roof"", ""roofing"", ""ceiling""]",classification,trash container,trash container,0.3019610345363617,5.0,,False
5d4be42ccf0b3a0f3f33fa48,5d4be42ccf0b3a0f3f33fa48.JPG,roof,4446.0,Q4,am,us,United States,internvl,"[""roof"", ""roofing"", ""ceiling""]",captioning,The image shows a blurred background with no clear household objects visible.,,,,,False
5d4be42ccf0b3a0f3f33fa48,5d4be42ccf0b3a0f3f33fa48.JPG,roof,4446.0,Q4,am,us,United States,internvl,"[""roof"", ""roofing"", ""ceiling""]",classification,light source,light source,,,,False
5d4be42ccf0b3a0f3f33fa48,5d4be42ccf0b3a0f3f33fa48.JPG,roof,4446.0,Q4,am,us,United States,qwen,"[""roof"", ""roofing"", ""ceiling""]",captioning,The main household object in the image is a white wall.,,,,,False
5d4be42ccf0b3a0f3f33fa48,5d4be42ccf0b3a0f3f33fa48.JPG,roof,4446.0,Q4,am,us,United States,qwen,"[""roof"", ""roofing"", ""ceiling""]",classification,light source,light source,,,,False
5d4be42ccf0b3a0f3f33fa48,5d4be42ccf0b3a0f3f33fa48.JPG,roof,4446.0,Q4,am,us,United States,yolo_world,"[""roof"", ""roofing"", ""ceiling""]",detection,,,,,[],False
5d4be53dcf0b3a0f3f341904,5d4be53dcf0b3a0f3f341904.JPG,light source,2001.0,Q4,am,us,United States,blip_baseline,"[""light"", ""lamp"", ""bulb"", ""lantern"", ""candle""]",captioning,a kitchen with a white ceiling and a window,,,,,False
5d4be53dcf0b3a0f3f341904,5d4be53dcf0b3a0f3f341904.JPG,light source,2001.0,Q4,am,us,United States,blip_prompted,"[""light"", ""lamp"", ""bulb"", ""lantern"", ""candle""]",captioning,the main household object in this image is a ceiling,,,,,False
5d4be53dcf0b3a0f3f341904,5d4be53dcf0b3a0f3f341904.JPG,light source,2001.0,Q4,am,us,United States,clip,"[""light"", ""lamp"", ""bulb"", ""lantern"", ""candle""]",classification,roof,roof,0.9291963577270508,4.0,,False
5d4be53dcf0b3a0f3f341904,5d4be53dcf0b3a0f3f341904.JPG,light source,2001.0,Q4,am,us,United States,qwen,"[""light"", ""lamp"", ""bulb"", ""lantern"", ""candle""]",captioning,The main household object is a white rectangular vent on the ceiling.,,,,,False
5d4be53dcf0b3a0f3f341904,5d4be53dcf0b3a0f3f341904.JPG,light source,2001.0,Q4,am,us,United States,yolo_world,"[""light"", ""lamp"", ""bulb"", ""lantern"", ""candle""]",detection,,,,,[],False
5d4be61ccf0b3a0f3f343139,5d4be61ccf0b3a0f3f343139.jpg,roof,3755.0,Q4,af,za,South Africa,blip_baseline,"[""roof"", ""roofing"", ""ceiling""]",captioning,a white wall with a black and white cat,,,,,False
5d4be61ccf0b3a0f3f343139,5d4be61ccf0b3a0f3f343139.jpg,roof,3755.0,Q4,af,za,South Africa,blip_prompted,"[""roof"", ""roofing"", ""ceiling""]",captioning,the main household object in this image is a toilet,,,,,False
5d4be61ccf0b3a0f3f343139,5d4be61ccf0b3a0f3f343139.jpg,roof,3755.0,Q4,af,za,South Africa,internvl,"[""roof"", ""roofing"", ""ceiling""]",captioning,A plain white wall.,,,,,False
5d4be61ccf0b3a0f3f343139,5d4be61ccf0b3a0f3f343139.jpg,roof,3755.0,Q4,af,za,South Africa,internvl,"[""roof"", ""roofing"", ""ceiling""]",classification,light source,light source,,,,False
5d4be61ccf0b3a0f3f343139,5d4be61ccf0b3a0f3f343139.jpg,roof,3755.0,Q4,af,za,South Africa,qwen,"[""roof"", ""roofing"", ""ceiling""]",captioning,The main household object in this image is a white wall.,,,,,False
5d4be61ccf0b3a0f3f343139,5d4be61ccf0b3a0f3f343139.jpg,roof,3755.0,Q4,af,za,South Africa,qwen,"[""roof"", ""roofing"", ""ceiling""]",classification,light source,light source,,,,False
5d4be61ccf0b3a0f3f343139,5d4be61ccf0b3a0f3f343139.jpg,roof,3755.0,Q4,af,za,South Africa,yolo_world,"[""roof"", ""roofing"", ""ceiling""]",detection,,,,,[],False
5d4be631cf0b3a0f3f343397,5d4be631cf0b3a0f3f343397.JPG,light source,526.0,Q2,as,in,India,yolo_world,"[""light"", ""lamp"", ""bulb"", ""lantern"", ""candle""]",detection,,,,,[],False
5d4be657cf0b3a0f3f3437e9,5d4be657cf0b3a0f3f3437e9.JPG,light source,1350.0,Q3,as,cn,China,yolo_world,"[""light"", ""lamp"", ""bulb"", ""lantern"", ""candle""]",detection,,,,,[],False
5d4be664cf0b3a0f3f343977,5d4be664cf0b3a0f3f343977.JPG,light source,102.0,Q1,am,pe,Peru,blip_baseline,"[""light"", ""lamp"", ""bulb"", ""lantern"", ""candle""]",captioning,a close up of a white plastic pipe,,,,,False
5d4be664cf0b3a0f3f343977,5d4be664cf0b3a0f3f343977.JPG,light source,102.0,Q1,am,pe,Peru,blip_prompted,"[""light"", ""lamp"", ""bulb"", ""lantern"", ""candle""]",captioning,the main household object in this image is a white plastic pipe,,,,,False
5d4be664cf0b3a0f3f343977,5d4be664cf0b3a0f3f343977.JPG,light source,102.0,Q1,am,pe,Peru,yolo_world,"[""light"", ""lamp"", ""bulb"", ""lantern"", ""candle""]",detection,,,,,[],False
5d4be672cf0b3a0f3f343b09,5d4be672cf0b3a0f3f343b09.jpg,footwear,1050.70879,Q3,af,tz,Tanzania,yolo_world,"[""shoe"", ""shoes"", ""sandal"", ""sandals"", ""slipper"", ""slippers"", ""sneaker"", ""sneakers"", ""boot"", ""boots"", ""footwear""]",detection,,,,,[],False
5d4be672cf0b3a0f3f343b13,5d4be672cf0b3a0f3f343b13.jpg,stove,1050.70879,Q3,af,tz,Tanzania,blip_baseline,"[""stove"", ""oven"", ""cooker"", ""cooktop"", ""hob""]",captioning,a woman is standing in front of a microwave,,,,,False
5d4be672cf0b3a0f3f343b13,5d4be672cf0b3a0f3f343b13.jpg,stove,1050.70879,Q3,af,tz,Tanzania,blip_prompted,"[""stove"", ""oven"", ""cooker"", ""cooktop"", ""hob""]",captioning,the main household object in this image is a microwave,,,,,False
5d4be672cf0b3a0f3f343b13,5d4be672cf0b3a0f3f343b13.jpg,stove,1050.70879,Q3,af,tz,Tanzania,yolo_world,"[""stove"", ""oven"", ""cooker"", ""cooktop"", ""hob""]",detection,,,,,[],False
5d4be672cf0b3a0f3f343b19,5d4be672cf0b3a0f3f343b19.jpg,light source,1050.70879,Q3,af,tz,Tanzania,yolo_world,"[""light"", ""lamp"", ""bulb"", ""lantern"", ""candle""]",detection,,,,,[],False
5d4be752cf0b3a0f3f3453ca,5d4be752cf0b3a0f3f3453ca.jpg,light source,63.5080716,Q1,as,mm,Myanmar,blip_baseline,"[""light"", ""lamp"", ""bulb"", ""lantern"", ""candle""]",captioning,a view of a river from a hut,,,,,False
5d4be752cf0b3a0f3f3453ca,5d4be752cf0b3a0f3f3453ca.jpg,light source,63.5080716,Q1,as,mm,Myanmar,blip_prompted,"[""light"", ""lamp"", ""bulb"", ""lantern"", ""candle""]",captioning,the main household object in this image is a water well,,,,,False
5d4be752cf0b3a0f3f3453ca,5d4be752cf0b3a0f3f3453ca.jpg,light source,63.5080716,Q1,as,mm,Myanmar,clip,"[""light"", ""lamp"", ""bulb"", ""lantern"", ""candle""]",classification,stove,stove,0.6708827614784241,5.0,,False
5d4be752cf0b3a0f3f3453ca,5d4be752cf0b3a0f3f3453ca.jpg,light source,63.5080716,Q1,as,mm,Myanmar,internvl,"[""light"", ""lamp"", ""bulb"", ""lantern"", ""candle""]",captioning,A large metal bucket is placed on the porch of a rustic house.,,,,,False
5d4be752cf0b3a0f3f3453ca,5d4be752cf0b3a0f3f3453ca.jpg,light source,63.5080716,Q1,as,mm,Myanmar,internvl,"[""light"", ""lamp"", ""bulb"", ""lantern"", ""candle""]",classification,trash container,trash container,,,,False
5d4be752cf0b3a0f3f3453ca,5d4be752cf0b3a0f3f3453ca.jpg,light source,63.5080716,Q1,as,mm,Myanmar,qwen,"[""light"", ""lamp"", ""bulb"", ""lantern"", ""candle""]",captioning,The main household object is a woven basket hanging on a wooden post near a water body.,,,,,False
5d4be752cf0b3a0f3f3453ca,5d4be752cf0b3a0f3f3453ca.jpg,light source,63.5080716,Q1,as,mm,Myanmar,qwen,"[""light"", ""lamp"", ""bulb"", ""lantern"", ""candle""]",classification,trash container,trash container,,,,False
5d4be752cf0b3a0f3f3453ca,5d4be752cf0b3a0f3f3453ca.jpg,light source,63.5080716,Q1,as,mm,Myanmar,yolo_world,"[""light"", ""lamp"", ""bulb"", ""lantern"", ""candle""]",detection,,,,,[],False
5d4be76ecf0b3a0f3f3456d4,5d4be76ecf0b3a0f3f3456d4.jpg,trash container,308.0,Q2,as,id,Indonesia,blip_baseline,"[""trash can"", ""garbage can"", ""garbage bin"", ""waste bin"", ""dustbin"", ""dumpster""]",captioning,a bag of garbage sitting on the ground,,,,,False
5d4be76ecf0b3a0f3f3456d4,5d4be76ecf0b3a0f3f3456d4.jpg,trash container,308.0,Q2,as,id,Indonesia,blip_prompted,"[""trash can"", ""garbage can"", ""garbage bin"", ""waste bin"", ""dustbin"", ""dumpster""]",captioning,the main household object in this image is a bag of garbage,,,,,False
5d4be76ecf0b3a0f3f3456d4,5d4be76ecf0b3a0f3f3456d4.jpg,trash container,308.0,Q2,as,id,Indonesia,internvl,"[""trash can"", ""garbage can"", ""garbage bin"", ""waste bin"", ""dustbin"", ""dumpster""]",captioning,A large plastic bag filled with various items is placed against a wall in a dimly lit room.,,,,,False
5d4be76ecf0b3a0f3f3456d4,5d4be76ecf0b3a0f3f3456d4.jpg,trash container,308.0,Q2,as,id,Indonesia,qwen,"[""trash can"", ""garbage can"", ""garbage bin"", ""waste bin"", ""dustbin"", ""dumpster""]",captioning,The main household object is a plastic bag with a colorful label.,,,,,False
5d4be76ecf0b3a0f3f3456d4,5d4be76ecf0b3a0f3f3456d4.jpg,trash container,308.0,Q2,as,id,Indonesia,yolo_world,"[""trash can"", ""garbage can"", ""garbage bin"", ""waste bin"", ""dustbin"", ""dumpster""]",detection,,,,,[],False
5d4be76ecf0b3a0f3f3456e8,5d4be76ecf0b3a0f3f3456e8.jpg,stove,308.0,Q2,as,id,Indonesia,blip_prompted,"[""stove"", ""oven"", ""cooker"", ""cooktop"", ""hob""]",captioning,the main household object in this image is a pan and a bowl,,,,,False
5d4be76ecf0b3a0f3f3456e8,5d4be76ecf0b3a0f3f3456e8.jpg,stove,308.0,Q2,as,id,Indonesia,yolo_world,"[""stove"", ""oven"", ""cooker"", ""cooktop"", ""hob""]",detection,,,,,[],False
5d4be78acf0b3a0f3f345a14,5d4be78acf0b3a0f3f345a14.jpg,footwear,131.3989924,Q1,as,id,Indonesia,internvl,"[""shoe"", ""shoes"", ""sandal"", ""sandals"", ""slipper"", ""slippers"", ""sneaker"", ""sneakers"", ""boot"", ""boots"", ""footwear""]",captioning,A pair of worn red flip-flops is placed on a concrete surface.,,,,,False
5d4be78acf0b3a0f3f345a14,5d4be78acf0b3a0f3f345a14.jpg,footwear,131.3989924,Q1,as,id,Indonesia,qwen,"[""shoe"", ""shoes"", ""sandal"", ""sandals"", ""slipper"", ""slippers"", ""sneaker"", ""sneakers"", ""boot"", ""boots"", ""footwear""]",captioning,The main household object in the image is a pair of red flip-flops with visible wear and tear on a concrete surface.,,,,,False
5d4be78acf0b3a0f3f345a14,5d4be78acf0b3a0f3f345a14.jpg,footwear,131.3989924,Q1,as,id,Indonesia,yolo_world,"[""shoe"", ""shoes"", ""sandal"", ""sandals"", ""slipper"", ""slippers"", ""sneaker"", ""sneakers"", ""boot"", ""boots"", ""footwear""]",detection,,,,,[],False
5d4be798cf0b3a0f3f345bb4,5d4be798cf0b3a0f3f345bb4.jpg,roof,78.0,Q1,as,bd,Bangladesh,blip_baseline,"[""roof"", ""roofing"", ""ceiling""]",captioning,a pile of wood,,,,,False
5d4be798cf0b3a0f3f345bb4,5d4be798cf0b3a0f3f345bb4.jpg,roof,78.0,Q1,as,bd,Bangladesh,blip_prompted,"[""roof"", ""roofing"", ""ceiling""]",captioning,the main household object in this image is a wooden box,,,,,False
5d4be798cf0b3a0f3f345bb4,5d4be798cf0b3a0f3f345bb4.jpg,roof,78.0,Q1,as,bd,Bangladesh,internvl,"[""roof"", ""roofing"", ""ceiling""]",captioning,A bamboo beam is visible against a concrete wall.,,,,,False
5d4be798cf0b3a0f3f345bb4,5d4be798cf0b3a0f3f345bb4.jpg,roof,78.0,Q1,as,bd,Bangladesh,qwen,"[""roof"", ""roofing"", ""ceiling""]",captioning,The main household object in the image is a wooden broom with a handle and bristles.,,,,,False
5d4be798cf0b3a0f3f345bb4,5d4be798cf0b3a0f3f345bb4.jpg,roof,78.0,Q1,as,bd,Bangladesh,yolo_world,"[""roof"", ""roofing"", ""ceiling""]",detection,,,,,[],False
5d4be7afcf0b3a0f3f345e48,5d4be7afcf0b3a0f3f345e48.jpg,trash container,72.10457258,Q1,as,bd,Bangladesh,blip_baseline,"[""trash can"", ""garbage can"", ""garbage bin"", ""waste bin"", ""dustbin"", ""dumpster""]",captioning,a bucket is sitting on the ground,,,,,False
5d4be7afcf0b3a0f3f345e48,5d4be7afcf0b3a0f3f345e48.jpg,trash container,72.10457258,Q1,as,bd,Bangladesh,blip_prompted,"[""trash can"", ""garbage can"", ""garbage bin"", ""waste bin"", ""dustbin"", ""dumpster""]",captioning,the main household object in this image is a bucket,,,,,False
5d4be7afcf0b3a0f3f345e48,5d4be7afcf0b3a0f3f345e48.jpg,trash container,72.10457258,Q1,as,bd,Bangladesh,internvl,"[""trash can"", ""garbage can"", ""garbage bin"", ""waste bin"", ""dustbin"", ""dumpster""]",captioning,"A weathered, red-handled bucket sits on a rocky surface, partially open and showing signs of wear.",,,,,False
5d4be7afcf0b3a0f3f345e48,5d4be7afcf0b3a0f3f345e48.jpg,trash container,72.10457258,Q1,as,bd,Bangladesh,qwen,"[""trash can"", ""garbage can"", ""garbage bin"", ""waste bin"", ""dustbin"", ""dumpster""]",captioning,The main household object in the image is a broken red plastic bucket with a concrete base.,,,,,False
5d4be7afcf0b3a0f3f345e48,5d4be7afcf0b3a0f3f345e48.jpg,trash container,72.10457258,Q1,as,bd,Bangladesh,yolo_world,"[""trash can"", ""garbage can"", ""garbage bin"", ""waste bin"", ""dustbin"", ""dumpster""]",detection,,,,,[],False
5d4be7b3cf0b3a0f3f345ec4,5d4be7b3cf0b3a0f3f345ec4.jpg,stove,72.10457258,Q1,as,bd,Bangladesh,blip_baseline,"[""stove"", ""oven"", ""cooker"", ""cooktop"", ""hob""]",captioning,a black pot sitting on top of a cement,,,,,False
5d4be7b3cf0b3a0f3f345ec4,5d4be7b3cf0b3a0f3f345ec4.jpg,stove,72.10457258,Q1,as,bd,Bangladesh,blip_prompted,"[""stove"", ""oven"", ""cooker"", ""cooktop"", ""hob""]",captioning,the main household object in this image is a pot,,,,,False
5d4be7b3cf0b3a0f3f345ec4,5d4be7b3cf0b3a0f3f345ec4.jpg,stove,72.10457258,Q1,as,bd,Bangladesh,yolo_world,"[""stove"", ""oven"", ""cooker"", ""cooktop"", ""hob""]",detection,,,,,[],False
5d4be7b6cf0b3a0f3f345f1c,5d4be7b6cf0b3a0f3f345f1c.jpg,trash container,65.20651387,Q1,as,bd,Bangladesh,blip_baseline,"[""trash can"", ""garbage can"", ""garbage bin"", ""waste bin"", ""dustbin"", ""dumpster""]",captioning,a pile of trash on the ground,,,,,False
5d4be7b6cf0b3a0f3f345f1c,5d4be7b6cf0b3a0f3f345f1c.jpg,trash container,65.20651387,Q1,as,bd,Bangladesh,blip_prompted,"[""trash can"", ""garbage can"", ""garbage bin"", ""waste bin"", ""dustbin"", ""dumpster""]",captioning,the main household object in this image is a pile of garbage,,,,,False
5d4be7b6cf0b3a0f3f345f1c,5d4be7b6cf0b3a0f3f345f1c.jpg,trash container,65.20651387,Q1,as,bd,Bangladesh,internvl,"[""trash can"", ""garbage can"", ""garbage bin"", ""waste bin"", ""dustbin"", ""dumpster""]",captioning,The main household object in the image is a discarded plastic bottle.,,,,,False
5d4be7b6cf0b3a0f3f345f1c,5d4be7b6cf0b3a0f3f345f1c.jpg,trash container,65.20651387,Q1,as,bd,Bangladesh,qwen,"[""trash can"", ""garbage can"", ""garbage bin"", ""waste bin"", ""dustbin"", ""dumpster""]",captioning,The main household object in the image is a used syringe lying on the ground among other debris.,,,,,False
5d4be7b6cf0b3a0f3f345f1c,5d4be7b6cf0b3a0f3f345f1c.jpg,trash container,65.20651387,Q1,as,bd,Bangladesh,yolo_world,"[""trash can"", ""garbage can"", ""garbage bin"", ""waste bin"", ""dustbin"", ""dumpster""]",detection,,,,,[],False
5d4be8dccf0b3a0f3f3478b6,5d4be8dccf0b3a0f3f3478b6.jpg,trash container,3363.3971,Q4,eu,ua,Ukraine,blip_baseline,"[""trash can"", ""garbage can"", ""garbage bin"", ""waste bin"", ""dustbin"", ""dumpster""]",captioning,a blue trash bag,,,,,False
5d4be8dccf0b3a0f3f3478b6,5d4be8dccf0b3a0f3f3478b6.jpg,trash container,3363.3971,Q4,eu,ua,Ukraine,blip_prompted,"[""trash can"", ""garbage can"", ""garbage bin"", ""waste bin"", ""dustbin"", ""dumpster""]",captioning,the main household object in this image is a blue bag,,,,,False
5d4be8dccf0b3a0f3f3478b6,5d4be8dccf0b3a0f3f3478b6.jpg,trash container,3363.3971,Q4,eu,ua,Ukraine,internvl,"[""trash can"", ""garbage can"", ""garbage bin"", ""waste bin"", ""dustbin"", ""dumpster""]",captioning,"A blue plastic trash bin filled with various discarded items, including a box of alphabet letters, a banana peel, and a white container.",,,,,False
5d4be8dccf0b3a0f3f3478b6,5d4be8dccf0b3a0f3f3478b6.jpg,trash container,3363.3971,Q4,eu,ua,Ukraine,yolo_world,"[""trash can"", ""garbage can"", ""garbage bin"", ""waste bin"", ""dustbin"", ""dumpster""]",detection,,,,,[],False
5d4be956cf0b3a0f3f3486e4,5d4be956cf0b3a0f3f3486e4.jpg,trash container,694.0,Q3,eu,ua,Ukraine,blip_baseline,"[""trash can"", ""garbage can"", ""garbage bin"", ""waste bin"", ""dustbin"", ""dumpster""]",captioning,a pile of garbage on the side of a road,,,,,False
5d4be956cf0b3a0f3f3486e4,5d4be956cf0b3a0f3f3486e4.jpg,trash container,694.0,Q3,eu,ua,Ukraine,blip_prompted,"[""trash can"", ""garbage can"", ""garbage bin"", ""waste bin"", ""dustbin"", ""dumpster""]",captioning,the main household object in this image is a dump,,,,,False
5d4be956cf0b3a0f3f3486e4,5d4be956cf0b3a0f3f3486e4.jpg,trash container,694.0,Q3,eu,ua,Ukraine,internvl,"[""trash can"", ""garbage can"", ""garbage bin"", ""waste bin"", ""dustbin"", ""dumpster""]",captioning,Three garbage bins are lined up on a street.,,,,,False
5d4be956cf0b3a0f3f3486e4,5d4be956cf0b3a0f3f3486e4.jpg,trash container,694.0,Q3,eu,ua,Ukraine,yolo_world,"[""trash can"", ""garbage can"", ""garbage bin"", ""waste bin"", ""dustbin"", ""dumpster""]",detection,,,,,[],False
5d4be977cf0b3a0f3f348ac0,5d4be977cf0b3a0f3f348ac0.jpg,switch,7433.155246,Q4,as,jo,Jordan,blip_baseline,"[""switch"", ""light switch"", ""power switch""]",captioning,two white switches on a wall,,,,,False
5d4be977cf0b3a0f3f348ac0,5d4be977cf0b3a0f3f348ac0.jpg,switch,7433.155246,Q4,as,jo,Jordan,internvl,"[""switch"", ""light switch"", ""power switch""]",captioning,Two white light switches on a wall.,,,,,False
5d4be977cf0b3a0f3f348ac0,5d4be977cf0b3a0f3f348ac0.jpg,switch,7433.155246,Q4,as,jo,Jordan,yolo_world,"[""switch"", ""light switch"", ""power switch""]",detection,,,,,[],False
5d4bea54cf0b3a0f3f34a3ac,5d4bea54cf0b3a0f3f34a3ac.jpg,roof,221.3244168,Q2,as,in,India,blip_baseline,"[""roof"", ""roofing"", ""ceiling""]",captioning,a wall with a wooden beam in it,,,,,False
5d4bea54cf0b3a0f3f34a3ac,5d4bea54cf0b3a0f3f34a3ac.jpg,roof,221.3244168,Q2,as,in,India,blip_prompted,"[""roof"", ""roofing"", ""ceiling""]",captioning,the main household object in this image is a wooden pole,,,,,False
5d4bea54cf0b3a0f3f34a3ac,5d4bea54cf0b3a0f3f34a3ac.jpg,roof,221.3244168,Q2,as,in,India,internvl,"[""roof"", ""roofing"", ""ceiling""]",captioning,"A wooden beam is crossed by a vertical post, set against a weathered corrugated metal background.",,,,,False
5d4bea54cf0b3a0f3f34a3ac,5d4bea54cf0b3a0f3f34a3ac.jpg,roof,221.3244168,Q2,as,in,India,qwen,"[""roof"", ""roofing"", ""ceiling""]",captioning,The main household object in the image is a wooden stick placed against a corrugated metal wall.,,,,,False
5d4bea54cf0b3a0f3f34a3ac,5d4bea54cf0b3a0f3f34a3ac.jpg,roof,221.3244168,Q2,as,in,India,yolo_world,"[""roof"", ""roofing"", ""ceiling""]",detection,,,,,[],False
5d4beab0cf0b3a0f3f34ae70,5d4beab0cf0b3a0f3f34ae70.jpg,light source,170.0,Q1,as,in,India,blip_baseline,"[""light"", ""lamp"", ""bulb"", ""lantern"", ""candle""]",captioning,a room with a ceiling and a ceiling fan,,,,,False
5d4beab0cf0b3a0f3f34ae70,5d4beab0cf0b3a0f3f34ae70.jpg,light source,170.0,Q1,as,in,India,blip_prompted,"[""light"", ""lamp"", ""bulb"", ""lantern"", ""candle""]",captioning,the main household object in this image is a ceiling,,,,,False
5d4beab0cf0b3a0f3f34ae70,5d4beab0cf0b3a0f3f34ae70.jpg,light source,170.0,Q1,as,in,India,clip,"[""light"", ""lamp"", ""bulb"", ""lantern"", ""candle""]",classification,roof,roof,0.5235329866409302,2.0,,False
5d4beab0cf0b3a0f3f34ae70,5d4beab0cf0b3a0f3f34ae70.jpg,light source,170.0,Q1,as,in,India,yolo_world,"[""light"", ""lamp"", ""bulb"", ""lantern"", ""candle""]",detection,,,,,[],False
5d4beab2cf0b3a0f3f34aea4,5d4beab2cf0b3a0f3f34aea4.jpg,switch,170.0,Q1,as,in,India,blip_baseline,"[""switch"", ""light switch"", ""power switch""]",captioning,a green electrical panel,,,,,False
5d4beab2cf0b3a0f3f34aea4,5d4beab2cf0b3a0f3f34aea4.jpg,switch,170.0,Q1,as,in,India,qwen,"[""switch"", ""light switch"", ""power switch""]",captioning,The main household object in the image is an electrical panel with multiple switches and a red light indicator.,,,,,False
5d4beab2cf0b3a0f3f34aea4,5d4beab2cf0b3a0f3f34aea4.jpg,switch,170.0,Q1,as,in,India,yolo_world,"[""switch"", ""light switch"", ""power switch""]",detection,,,,,[],False
5d4beacdcf0b3a0f3f34b1d8,5d4beacdcf0b3a0f3f34b1d8.jpg,roof,30.68690172,Q1,as,in,India,blip_baseline,"[""roof"", ""roofing"", ""ceiling""]",captioning,a room with clothes hanging on a line,,,,,False
5d4beacdcf0b3a0f3f34b1d8,5d4beacdcf0b3a0f3f34b1d8.jpg,roof,30.68690172,Q1,as,in,India,blip_prompted,"[""roof"", ""roofing"", ""ceiling""]",captioning,the main household object in this image is a dirty room,,,,,False
5d4beacdcf0b3a0f3f34b1d8,5d4beacdcf0b3a0f3f34b1d8.jpg,roof,30.68690172,Q1,as,in,India,internvl,"[""roof"", ""roofing"", ""ceiling""]",captioning,A clothesline with various garments hanging to dry is visible in a dimly lit room.,,,,,False
5d4beacdcf0b3a0f3f34b1d8,5d4beacdcf0b3a0f3f34b1d8.jpg,roof,30.68690172,Q1,as,in,India,qwen,"[""roof"", ""roofing"", ""ceiling""]",captioning,The main household object is a hammock hanging from a wooden frame.,,,,,False
5d4beacdcf0b3a0f3f34b1d8,5d4beacdcf0b3a0f3f34b1d8.jpg,roof,30.68690172,Q1,as,in,India,yolo_world,"[""roof"", ""roofing"", ""ceiling""]",detection,,,,,[],False
5d4bebdccf0b3a0f3f34d03d,5d4bebdccf0b3a0f3f34d03d.jpg,roof,4650.0,Q4,am,us,United States,blip_prompted,"[""roof"", ""roofing"", ""ceiling""]",captioning,the main household object in this image is a window,,,,,False
5d4bebdccf0b3a0f3f34d03d,5d4bebdccf0b3a0f3f34d03d.jpg,roof,4650.0,Q4,am,us,United States,qwen,"[""roof"", ""roofing"", ""ceiling""]",captioning,"The main household object is a dormer window with a curved top and a small, dark-colored object inside.",,,,,False
5d4bebdccf0b3a0f3f34d03d,5d4bebdccf0b3a0f3f34d03d.jpg,roof,4650.0,Q4,am,us,United States,yolo_world,"[""roof"", ""roofing"", ""ceiling""]",detection,,,,,[],False
5d4bebfdcf0b3a0f3f34d421,5d4bebfdcf0b3a0f3f34d421.jpg,light source,4650.0,Q4,am,us,United States,blip_baseline,"[""light"", ""lamp"", ""bulb"", ""lantern"", ""candle""]",captioning,a kitchen with two lights on the ceiling,,,,,False
5d4bebfdcf0b3a0f3f34d421,5d4bebfdcf0b3a0f3f34d421.jpg,light source,4650.0,Q4,am,us,United States,internvl,"[""light"", ""lamp"", ""bulb"", ""lantern"", ""candle""]",captioning,The main household object in the image is a ceiling with recessed lighting fixtures.,,,,,False
5d4bebfdcf0b3a0f3f34d421,5d4bebfdcf0b3a0f3f34d421.jpg,light source,4650.0,Q4,am,us,United States,qwen,"[""light"", ""lamp"", ""bulb"", ""lantern"", ""candle""]",captioning,The main household object in this image is a ceiling with recessed lighting fixtures.,,,,,False
5d4bebfdcf0b3a0f3f34d421,5d4bebfdcf0b3a0f3f34d421.jpg,light source,4650.0,Q4,am,us,United States,yolo_world,"[""light"", ""lamp"", ""bulb"", ""lantern"", ""candle""]",detection,,,,,[],False
5d4bec7acf0b3a0f3f34dfca,5d4bec7acf0b3a0f3f34dfca.jpg,switch,124.9655714,Q1,as,bd,Bangladesh,blip_baseline,"[""switch"", ""light switch"", ""power switch""]",captioning,a white electrical outlet on a metal surface,,,,,False
5d4bec7acf0b3a0f3f34dfca,5d4bec7acf0b3a0f3f34dfca.jpg,switch,124.9655714,Q1,as,bd,Bangladesh,yolo_world,"[""switch"", ""light switch"", ""power switch""]",detection,,,,,[],False
5d4becb3cf0b3a0f3f34e59a,5d4becb3cf0b3a0f3f34e59a.jpg,footwear,73.16914591,Q1,af,zw,Zimbabwe,blip_baseline,"[""shoe"", ""shoes"", ""sandal"", ""sandals"", ""slipper"", ""slippers"", ""sneaker"", ""sneakers"", ""boot"", ""boots"", ""footwear""]",captioning,a pair of pink flip flops on a dirt covered ground,,,,,False
5d4becb3cf0b3a0f3f34e59a,5d4becb3cf0b3a0f3f34e59a.jpg,footwear,73.16914591,Q1,af,zw,Zimbabwe,blip_prompted,"[""shoe"", ""shoes"", ""sandal"", ""sandals"", ""slipper"", ""slippers"", ""sneaker"", ""sneakers"", ""boot"", ""boots"", ""footwear""]",captioning,the main household object in this image is a pair of flip flops,,,,,False
5d4becb3cf0b3a0f3f34e59a,5d4becb3cf0b3a0f3f34e59a.jpg,footwear,73.16914591,Q1,af,zw,Zimbabwe,internvl,"[""shoe"", ""shoes"", ""sandal"", ""sandals"", ""slipper"", ""slippers"", ""sneaker"", ""sneakers"", ""boot"", ""boots"", ""footwear""]",captioning,A pair of pink flip-flops is placed on a dirt surface.,,,,,False
5d4becb3cf0b3a0f3f34e59a,5d4becb3cf0b3a0f3f34e59a.jpg,footwear,73.16914591,Q1,af,zw,Zimbabwe,qwen,"[""shoe"", ""shoes"", ""sandal"", ""sandals"", ""slipper"", ""slippers"", ""sneaker"", ""sneakers"", ""boot"", ""boots"", ""footwear""]",captioning,The main household object in the image is a pair of pink flip-flops with a cat design on the soles.,,,,,False
5d4becb3cf0b3a0f3f34e59a,5d4becb3cf0b3a0f3f34e59a.jpg,footwear,73.16914591,Q1,af,zw,Zimbabwe,yolo_world,"[""shoe"", ""shoes"", ""sandal"", ""sandals"", ""slipper"", ""slippers"", ""sneaker"", ""sneakers"", ""boot"", ""boots"", ""footwear""]",detection,,,,,[],False
5d4becefcf0b3a0f3f34eb88,5d4becefcf0b3a0f3f34eb88.jpg,light source,41.85460574,Q1,af,zw,Zimbabwe,blip_baseline,"[""light"", ""lamp"", ""bulb"", ""lantern"", ""candle""]",captioning,a plane flying through a cloudy sky,,,,,False
5d4becefcf0b3a0f3f34eb88,5d4becefcf0b3a0f3f34eb88.jpg,light source,41.85460574,Q1,af,zw,Zimbabwe,blip_prompted,"[""light"", ""lamp"", ""bulb"", ""lantern"", ""candle""]",captioning,the main household object in this image is a plane flying through the clouds,,,,,False
5d4becefcf0b3a0f3f34eb88,5d4becefcf0b3a0f3f34eb88.jpg,light source,41.85460574,Q1,af,zw,Zimbabwe,clip,"[""light"", ""lamp"", ""bulb"", ""lantern"", ""candle""]",classification,roof,roof,0.6565628051757812,4.0,,False
5d4becefcf0b3a0f3f34eb88,5d4becefcf0b3a0f3f34eb88.jpg,light source,41.85460574,Q1,af,zw,Zimbabwe,internvl,"[""light"", ""lamp"", ""bulb"", ""lantern"", ""candle""]",captioning,The main household object in the image is a cloudy sky.,,,,,False
5d4becefcf0b3a0f3f34eb88,5d4becefcf0b3a0f3f34eb88.jpg,light source,41.85460574,Q1,af,zw,Zimbabwe,internvl,"[""light"", ""lamp"", ""bulb"", ""lantern"", ""candle""]",classification,roof,roof,,,,False
5d4becefcf0b3a0f3f34eb88,5d4becefcf0b3a0f3f34eb88.jpg,light source,41.85460574,Q1,af,zw,Zimbabwe,qwen,"[""light"", ""lamp"", ""bulb"", ""lantern"", ""candle""]",captioning,"The image shows a dark, cloudy sky with no visible objects.",,,,,False
5d4becefcf0b3a0f3f34eb88,5d4becefcf0b3a0f3f34eb88.jpg,light source,41.85460574,Q1,af,zw,Zimbabwe,qwen,"[""light"", ""lamp"", ""bulb"", ""lantern"", ""candle""]",classification,stove,stove,,,,False
5d4becefcf0b3a0f3f34eb88,5d4becefcf0b3a0f3f34eb88.jpg,light source,41.85460574,Q1,af,zw,Zimbabwe,yolo_world,"[""light"", ""lamp"", ""bulb"", ""lantern"", ""candle""]",detection,,,,,[],False
5d4becffcf0b3a0f3f34ed6c,5d4becffcf0b3a0f3f34ed6c.jpg,trash container,265.5253567,Q2,as,vn,Vietnam,blip_baseline,"[""trash can"", ""garbage can"", ""garbage bin"", ""waste bin"", ""dustbin"", ""dumpster""]",captioning,a green basket filled with ice and a bottle of water,,,,,False
5d4becffcf0b3a0f3f34ed6c,5d4becffcf0b3a0f3f34ed6c.jpg,trash container,265.5253567,Q2,as,vn,Vietnam,blip_prompted,"[""trash can"", ""garbage can"", ""garbage bin"", ""waste bin"", ""dustbin"", ""dumpster""]",captioning,the main household object in this image is a basket of ice,,,,,False
5d4becffcf0b3a0f3f34ed6c,5d4becffcf0b3a0f3f34ed6c.jpg,trash container,265.5253567,Q2,as,vn,Vietnam,internvl,"[""trash can"", ""garbage can"", ""garbage bin"", ""waste bin"", ""dustbin"", ""dumpster""]",captioning,A green plastic basket filled with plastic waste is placed on a wet floor near a doorway.,,,,,False
5d4bed05cf0b3a0f3f34edce,5d4bed05cf0b3a0f3f34edce.jpg,stove,265.5253567,Q2,as,vn,Vietnam,yolo_world,"[""stove"", ""oven"", ""cooker"", ""cooktop"", ""hob""]",detection,footwear,footwear,0.2678689360618591,,"[{""label"": ""footwear"", ""confidence"": 0.26786893606185913, ""xyxy"": [1.737070083618164, 2201.345458984375, 738.48291015625, 3671.845947265625]}]",False
5d4bed75cf0b3a0f3f34fa6a,5d4bed75cf0b3a0f3f34fa6a.jpg,stove,113.5375491,Q1,af,tn,Tunisia,blip_baseline,"[""stove"", ""oven"", ""cooker"", ""cooktop"", ""hob""]",captioning,a large metal jug sitting on top of a table,,,,,False
5d4bed75cf0b3a0f3f34fa6a,5d4bed75cf0b3a0f3f34fa6a.jpg,stove,113.5375491,Q1,af,tn,Tunisia,blip_prompted,"[""stove"", ""oven"", ""cooker"", ""cooktop"", ""hob""]",captioning,the main household object in this image is a gas can,,,,,False
5d4bed75cf0b3a0f3f34fa6a,5d4bed75cf0b3a0f3f34fa6a.jpg,stove,113.5375491,Q1,af,tn,Tunisia,internvl,"[""stove"", ""oven"", ""cooker"", ""cooktop"", ""hob""]",captioning,A gas cylinder is placed on a platform inside a tent.,,,,,False
5d4bed75cf0b3a0f3f34fa6a,5d4bed75cf0b3a0f3f34fa6a.jpg,stove,113.5375491,Q1,af,tn,Tunisia,qwen,"[""stove"", ""oven"", ""cooker"", ""cooktop"", ""hob""]",captioning,The main household object is a metal gas cylinder with a hose attached to it.,,,,,False
5d4bed75cf0b3a0f3f34fa6a,5d4bed75cf0b3a0f3f34fa6a.jpg,stove,113.5375491,Q1,af,tn,Tunisia,yolo_world,"[""stove"", ""oven"", ""cooker"", ""cooktop"", ""hob""]",detection,,,,,[],False
5d4bed80cf0b3a0f3f34fbb2,5d4bed80cf0b3a0f3f34fbb2.jpg,switch,116.4314704,Q1,af,tn,Tunisia,internvl,"[""switch"", ""light switch"", ""power switch""]",captioning,A white electrical outlet with a black cover is mounted on a light-colored wall.,,,,,False
5d4bed80cf0b3a0f3f34fbb2,5d4bed80cf0b3a0f3f34fbb2.jpg,switch,116.4314704,Q1,af,tn,Tunisia,qwen,"[""switch"", ""light switch"", ""power switch""]",captioning,"The main household object in the image is an old, worn-out electrical outlet with a broken cover and visible wiring.",,,,,False
5d4bed80cf0b3a0f3f34fbb2,5d4bed80cf0b3a0f3f34fbb2.jpg,switch,116.4314704,Q1,af,tn,Tunisia,yolo_world,"[""switch"", ""light switch"", ""power switch""]",detection,,,,,[],False
5d4bee22cf0b3a0f3f350e6a,5d4bee22cf0b3a0f3f350e6a.jpg,stove,53.35597015,Q1,af,rw,Rwanda,blip_baseline,"[""stove"", ""oven"", ""cooker"", ""cooktop"", ""hob""]",captioning,a pile of trash on a dirt road,,,,,False
5d4bee22cf0b3a0f3f350e6a,5d4bee22cf0b3a0f3f350e6a.jpg,stove,53.35597015,Q1,af,rw,Rwanda,internvl,"[""stove"", ""oven"", ""cooker"", ""cooktop"", ""hob""]",captioning,A makeshift stone and tarp fireplace in a rural setting.,,,,,False
5d4bee22cf0b3a0f3f350e6a,5d4bee22cf0b3a0f3f350e6a.jpg,stove,53.35597015,Q1,af,rw,Rwanda,qwen,"[""stove"", ""oven"", ""cooker"", ""cooktop"", ""hob""]",captioning,The main household object is a makeshift shelter constructed from bricks and corrugated metal sheets.,,,,,False
5d4bee22cf0b3a0f3f350e6a,5d4bee22cf0b3a0f3f350e6a.jpg,stove,53.35597015,Q1,af,rw,Rwanda,yolo_world,"[""stove"", ""oven"", ""cooker"", ""cooktop"", ""hob""]",detection,,,,,[],False
5d4bee51cf0b3a0f3f3512b8,5d4bee51cf0b3a0f3f3512b8.jpg,trash container,460.0,Q2,af,rw,Rwanda,blip_baseline,"[""trash can"", ""garbage can"", ""garbage bin"", ""waste bin"", ""dustbin"", ""dumpster""]",captioning,a pile of dirt with a blue cloth on it,,,,,False
5d4bee51cf0b3a0f3f3512b8,5d4bee51cf0b3a0f3f3512b8.jpg,trash container,460.0,Q2,af,rw,Rwanda,blip_prompted,"[""trash can"", ""garbage can"", ""garbage bin"", ""waste bin"", ""dustbin"", ""dumpster""]",captioning,the main household object in this image is a pile of dirt,,,,,False
5d4bee51cf0b3a0f3f3512b8,5d4bee51cf0b3a0f3f3512b8.jpg,trash container,460.0,Q2,af,rw,Rwanda,clip,"[""trash can"", ""garbage can"", ""garbage bin"", ""waste bin"", ""dustbin"", ""dumpster""]",classification,footwear,footwear,0.6704171299934387,2.0,,False
5d4bee51cf0b3a0f3f3512b8,5d4bee51cf0b3a0f3f3512b8.jpg,trash container,460.0,Q2,af,rw,Rwanda,internvl,"[""trash can"", ""garbage can"", ""garbage bin"", ""waste bin"", ""dustbin"", ""dumpster""]",captioning,A muddy hole in the ground surrounded by green plants and debris.,,,,,False
5d4bee51cf0b3a0f3f3512b8,5d4bee51cf0b3a0f3f3512b8.jpg,trash container,460.0,Q2,af,rw,Rwanda,qwen,"[""trash can"", ""garbage can"", ""garbage bin"", ""waste bin"", ""dustbin"", ""dumpster""]",captioning,The main household object in this image is a compost pile.,,,,,False
5d4bee51cf0b3a0f3f3512b8,5d4bee51cf0b3a0f3f3512b8.jpg,trash container,460.0,Q2,af,rw,Rwanda,yolo_world,"[""trash can"", ""garbage can"", ""garbage bin"", ""waste bin"", ""dustbin"", ""dumpster""]",detection,,,,,[],False
5d4beeb5cf0b3a0f3f351e3c,5d4beeb5cf0b3a0f3f351e3c.jpg,trash container,195.4533587,Q1,as,ph,Philippines,blip_prompted,"[""trash can"", ""garbage can"", ""garbage bin"", ""waste bin"", ""dustbin"", ""dumpster""]",captioning,the main household object in this image is a green plastic container,,,,,False
5d4beeb5cf0b3a0f3f351e3c,5d4beeb5cf0b3a0f3f351e3c.jpg,trash container,195.4533587,Q1,as,ph,Philippines,internvl,"[""trash can"", ""garbage can"", ""garbage bin"", ""waste bin"", ""dustbin"", ""dumpster""]",captioning,"A green plastic container with a lid, possibly used for storing food or other household items.",,,,,False
5d4beeb5cf0b3a0f3f351e3c,5d4beeb5cf0b3a0f3f351e3c.jpg,trash container,195.4533587,Q1,as,ph,Philippines,yolo_world,"[""trash can"", ""garbage can"", ""garbage bin"", ""waste bin"", ""dustbin"", ""dumpster""]",detection,,,,,[],False
5d4beebecf0b3a0f3f351f34,5d4beebecf0b3a0f3f351f34.jpg,footwear,97.63936288,Q1,as,ph,Philippines,blip_baseline,"[""shoe"", ""shoes"", ""sandal"", ""sandals"", ""slipper"", ""slippers"", ""sneaker"", ""sneakers"", ""boot"", ""boots"", ""footwear""]",captioning,a pair of flip flops sitting on the ground,,,,,False
5d4beebecf0b3a0f3f351f34,5d4beebecf0b3a0f3f351f34.jpg,footwear,97.63936288,Q1,as,ph,Philippines,blip_prompted,"[""shoe"", ""shoes"", ""sandal"", ""sandals"", ""slipper"", ""slippers"", ""sneaker"", ""sneakers"", ""boot"", ""boots"", ""footwear""]",captioning,the main household object in this image is a pair of flip flops,,,,,False
5d4beebecf0b3a0f3f351f34,5d4beebecf0b3a0f3f351f34.jpg,footwear,97.63936288,Q1,as,ph,Philippines,internvl,"[""shoe"", ""shoes"", ""sandal"", ""sandals"", ""slipper"", ""slippers"", ""sneaker"", ""sneakers"", ""boot"", ""boots"", ""footwear""]",captioning,A pair of worn-out flip-flops with floral designs and red straps are lying on a rocky surface.,,,,,False
5d4beebecf0b3a0f3f351f34,5d4beebecf0b3a0f3f351f34.jpg,footwear,97.63936288,Q1,as,ph,Philippines,qwen,"[""shoe"", ""shoes"", ""sandal"", ""sandals"", ""slipper"", ""slippers"", ""sneaker"", ""sneakers"", ""boot"", ""boots"", ""footwear""]",captioning,The main household object in the image is a pair of flip-flops with colorful designs on them.,,,,,False
5d4beebecf0b3a0f3f351f34,5d4beebecf0b3a0f3f351f34.jpg,footwear,97.63936288,Q1,as,ph,Philippines,yolo_world,"[""shoe"", ""shoes"", ""sandal"", ""sandals"", ""slipper"", ""slippers"", ""sneaker"", ""sneakers"", ""boot"", ""boots"", ""footwear""]",detection,,,,,[],False
5d4beecccf0b3a0f3f3520d2,5d4beecccf0b3a0f3f3520d2.jpg,switch,193.8785291,Q1,as,ph,Philippines,yolo_world,"[""switch"", ""light switch"", ""power switch""]",detection,,,,,[],False
5d4beee5cf0b3a0f3f3523d2,5d4beee5cf0b3a0f3f3523d2.jpg,trash container,67.67970667,Q1,af,ng,Nigeria,blip_baseline,"[""trash can"", ""garbage can"", ""garbage bin"", ""waste bin"", ""dustbin"", ""dumpster""]",captioning,a dirt road with trash and trash on it,,,,,False
5d4beee5cf0b3a0f3f3523d2,5d4beee5cf0b3a0f3f3523d2.jpg,trash container,67.67970667,Q1,af,ng,Nigeria,blip_prompted,"[""trash can"", ""garbage can"", ""garbage bin"", ""waste bin"", ""dustbin"", ""dumpster""]",captioning,the main household object in this image is garbage,,,,,False
5d4beee5cf0b3a0f3f3523d2,5d4beee5cf0b3a0f3f3523d2.jpg,trash container,67.67970667,Q1,af,ng,Nigeria,internvl,"[""trash can"", ""garbage can"", ""garbage bin"", ""waste bin"", ""dustbin"", ""dumpster""]",captioning,The main household object in this image is a pile of garbage.,,,,,False
5d4beee5cf0b3a0f3f3523d2,5d4beee5cf0b3a0f3f3523d2.jpg,trash container,67.67970667,Q1,af,ng,Nigeria,qwen,"[""trash can"", ""garbage can"", ""garbage bin"", ""waste bin"", ""dustbin"", ""dumpster""]",captioning,The main household object in this image is a white bird standing on the ground near a pile of trash.,,,,,False
5d4beee5cf0b3a0f3f3523d2,5d4beee5cf0b3a0f3f3523d2.jpg,trash container,67.67970667,Q1,af,ng,Nigeria,yolo_world,"[""trash can"", ""garbage can"", ""garbage bin"", ""waste bin"", ""dustbin"", ""dumpster""]",detection,,,,,[],False
5d4beee9cf0b3a0f3f352444,5d4beee9cf0b3a0f3f352444.jpg,footwear,67.67970667,Q1,af,ng,Nigeria,blip_baseline,"[""shoe"", ""shoes"", ""sandal"", ""sandals"", ""slipper"", ""slippers"", ""sneaker"", ""sneakers"", ""boot"", ""boots"", ""footwear""]",captioning,a pair of flip flops on a rock,,,,,False
5d4beee9cf0b3a0f3f352444,5d4beee9cf0b3a0f3f352444.jpg,footwear,67.67970667,Q1,af,ng,Nigeria,blip_prompted,"[""shoe"", ""shoes"", ""sandal"", ""sandals"", ""slipper"", ""slippers"", ""sneaker"", ""sneakers"", ""boot"", ""boots"", ""footwear""]",captioning,the main household object in this image is a pair of flip flops,,,,,False
5d4beee9cf0b3a0f3f352444,5d4beee9cf0b3a0f3f352444.jpg,footwear,67.67970667,Q1,af,ng,Nigeria,internvl,"[""shoe"", ""shoes"", ""sandal"", ""sandals"", ""slipper"", ""slippers"", ""sneaker"", ""sneakers"", ""boot"", ""boots"", ""footwear""]",captioning,A pair of colorful flip-flops is placed on a rough stone surface.,,,,,False
5d4beee9cf0b3a0f3f352444,5d4beee9cf0b3a0f3f352444.jpg,footwear,67.67970667,Q1,af,ng,Nigeria,qwen,"[""shoe"", ""shoes"", ""sandal"", ""sandals"", ""slipper"", ""slippers"", ""sneaker"", ""sneakers"", ""boot"", ""boots"", ""footwear""]",captioning,The main household object in the image is a pair of flip-flops with colorful patterns.,,,,,False
5d4bef4dcf0b3a0f3f352fe2,5d4bef4dcf0b3a0f3f352fe2.jpg,stove,1747.0,Q3,as,np,Nepal,yolo_world,"[""stove"", ""oven"", ""cooker"", ""cooktop"", ""hob""]",detection,,,,,[],False
5d4bef59cf0b3a0f3f353156,5d4bef59cf0b3a0f3f353156.jpg,stove,131.5512222,Q1,as,np,Nepal,blip_prompted,"[""stove"", ""oven"", ""cooker"", ""cooktop"", ""hob""]",captioning,the main household object in this image is a frying pan,,,,,False
5d4bef5dcf0b3a0f3f3531c6,5d4bef5dcf0b3a0f3f3531c6.jpg,roof,131.5512222,Q1,as,np,Nepal,blip_baseline,"[""roof"", ""roofing"", ""ceiling""]",captioning,a cross on a wooden cross,,,,,False
5d4bef5dcf0b3a0f3f3531c6,5d4bef5dcf0b3a0f3f3531c6.jpg,roof,131.5512222,Q1,as,np,Nepal,blip_prompted,"[""roof"", ""roofing"", ""ceiling""]",captioning,the main household object in this image is a cross,,,,,False
5d4bef5dcf0b3a0f3f3531c6,5d4bef5dcf0b3a0f3f3531c6.jpg,roof,131.5512222,Q1,as,np,Nepal,clip,"[""roof"", ""roofing"", ""ceiling""]",classification,stove,stove,0.7393562197685242,2.0,,False
5d4bef5dcf0b3a0f3f3531c6,5d4bef5dcf0b3a0f3f3531c6.jpg,roof,131.5512222,Q1,as,np,Nepal,internvl,"[""roof"", ""roofing"", ""ceiling""]",captioning,A rustic wooden beam supports a corrugated metal wall.,,,,,False
5d4bef5dcf0b3a0f3f3531c6,5d4bef5dcf0b3a0f3f3531c6.jpg,roof,131.5512222,Q1,as,np,Nepal,qwen,"[""roof"", ""roofing"", ""ceiling""]",captioning,The main household object in the image is a metal radiator with a corrugated surface and wooden trim.,,,,,False
5d4bef5dcf0b3a0f3f3531c6,5d4bef5dcf0b3a0f3f3531c6.jpg,roof,131.5512222,Q1,as,np,Nepal,qwen,"[""roof"", ""roofing"", ""ceiling""]",classification,stove,stove,,,,False
5d4bef5dcf0b3a0f3f3531c6,5d4bef5dcf0b3a0f3f3531c6.jpg,roof,131.5512222,Q1,as,np,Nepal,yolo_world,"[""roof"", ""roofing"", ""ceiling""]",detection,,,,,[],False
5d4bef5fcf0b3a0f3f353214,5d4bef5fcf0b3a0f3f353214.jpg,footwear,3829.191091,Q4,as,np,Nepal,internvl,"[""shoe"", ""shoes"", ""sandal"", ""sandals"", ""slipper"", ""slippers"", ""sneaker"", ""sneakers"", ""boot"", ""boots"", ""footwear""]",captioning,A pair of black and teal flip-flops.,,,,,False
5d4bef5fcf0b3a0f3f353214,5d4bef5fcf0b3a0f3f353214.jpg,footwear,3829.191091,Q4,as,np,Nepal,qwen,"[""shoe"", ""shoes"", ""sandal"", ""sandals"", ""slipper"", ""slippers"", ""sneaker"", ""sneakers"", ""boot"", ""boots"", ""footwear""]",captioning,The main household object in the image is a pair of black and teal-colored flip-flops with a textured sole.,,,,,False
5d4bef5fcf0b3a0f3f353214,5d4bef5fcf0b3a0f3f353214.jpg,footwear,3829.191091,Q4,as,np,Nepal,yolo_world,"[""shoe"", ""shoes"", ""sandal"", ""sandals"", ""slipper"", ""slippers"", ""sneaker"", ""sneakers"", ""boot"", ""boots"", ""footwear""]",detection,,,,,[],False
5d4bef60cf0b3a0f3f353222,5d4bef60cf0b3a0f3f353222.jpg,switch,3829.191091,Q4,as,np,Nepal,qwen,"[""switch"", ""light switch"", ""power switch""]",captioning,The main household object is an electrical outlet with multiple switches and a power socket.,,,,,False
5d4bef60cf0b3a0f3f353222,5d4bef60cf0b3a0f3f353222.jpg,switch,3829.191091,Q4,as,np,Nepal,yolo_world,"[""switch"", ""light switch"", ""power switch""]",detection,,,,,[],False
5d4bef87cf0b3a0f3f3536b6,5d4bef87cf0b3a0f3f3536b6.jpg,trash container,1080.0,Q3,am,mx,Mexico,blip_prompted,"[""trash can"", ""garbage can"", ""garbage bin"", ""waste bin"", ""dustbin"", ""dumpster""]",captioning,the main household object in this image is a plastic container with a plastic ball inside,,,,,False
5d4bef87cf0b3a0f3f3536b6,5d4bef87cf0b3a0f3f3536b6.jpg,trash container,1080.0,Q3,am,mx,Mexico,internvl,"[""trash can"", ""garbage can"", ""garbage bin"", ""waste bin"", ""dustbin"", ""dumpster""]",captioning,"A green plastic bin filled with various items, including a white lid and a red object, is placed on a tiled floor against a white wall.",,,,,False
5d4bef87cf0b3a0f3f3536b6,5d4bef87cf0b3a0f3f3536b6.jpg,trash container,1080.0,Q3,am,mx,Mexico,yolo_world,"[""trash can"", ""garbage can"", ""garbage bin"", ""waste bin"", ""dustbin"", ""dumpster""]",detection,,,,,[],False
5d4bef89cf0b3a0f3f3536f2,5d4bef89cf0b3a0f3f3536f2.jpg,switch,1080.0,Q3,am,mx,Mexico,yolo_world,"[""switch"", ""light switch"", ""power switch""]",detection,,,,,[],False
5d4befa5cf0b3a0f3f353924,5d4befa5cf0b3a0f3f353924.jpg,trash container,6342.0,Q4,am,mx,Mexico,internvl,"[""trash can"", ""garbage can"", ""garbage bin"", ""waste bin"", ""dustbin"", ""dumpster""]",captioning,"A black trash bin with a white plastic bag inside, placed on a tiled floor next to a door and a wall.",,,,,False
5d4befa5cf0b3a0f3f353924,5d4befa5cf0b3a0f3f353924.jpg,trash container,6342.0,Q4,am,mx,Mexico,yolo_world,"[""trash can"", ""garbage can"", ""garbage bin"", ""waste bin"", ""dustbin"", ""dumpster""]",detection,,,,,[],False
5d4befa8cf0b3a0f3f353974,5d4befa8cf0b3a0f3f353974.jpg,stove,6342.0,Q4,am,mx,Mexico,yolo_world,"[""stove"", ""oven"", ""cooker"", ""cooktop"", ""hob""]",detection,,,,,[],False
5d4befc5cf0b3a0f3f353ce2,5d4befc5cf0b3a0f3f353ce2.jpg,stove,50.18041676,Q1,af,mw,Malawi,blip_baseline,"[""stove"", ""oven"", ""cooker"", ""cooktop"", ""hob""]",captioning,a person is using a knife to cut a piece of wood,,,,,False
5d4befc5cf0b3a0f3f353ce2,5d4befc5cf0b3a0f3f353ce2.jpg,stove,50.18041676,Q1,af,mw,Malawi,blip_prompted,"[""stove"", ""oven"", ""cooker"", ""cooktop"", ""hob""]",captioning,"the main household object in this image is a knife, a knife, and a knife in the fore",,,,,False
5d4befc5cf0b3a0f3f353ce2,5d4befc5cf0b3a0f3f353ce2.jpg,stove,50.18041676,Q1,af,mw,Malawi,internvl,"[""stove"", ""oven"", ""cooker"", ""cooktop"", ""hob""]",captioning,A person is using a knife to cut dry grass or straw.,,,,,False
5d4befc5cf0b3a0f3f353ce2,5d4befc5cf0b3a0f3f353ce2.jpg,stove,50.18041676,Q1,af,mw,Malawi,qwen,"[""stove"", ""oven"", ""cooker"", ""cooktop"", ""hob""]",captioning,The main household object is a toy car with a yellow and blue color scheme.,,,,,False
5d4befc5cf0b3a0f3f353ce2,5d4befc5cf0b3a0f3f353ce2.jpg,stove,50.18041676,Q1,af,mw,Malawi,yolo_world,"[""stove"", ""oven"", ""cooker"", ""cooktop"", ""hob""]",detection,,,,,[],False
5d4beff5cf0b3a0f3f354210,5d4beff5cf0b3a0f3f354210.jpg,stove,51.88264617,Q1,af,mw,Malawi,blip_baseline,"[""stove"", ""oven"", ""cooker"", ""cooktop"", ""hob""]",captioning,a pile of rocks and sticks on the ground,,,,,False
5d4beff5cf0b3a0f3f354210,5d4beff5cf0b3a0f3f354210.jpg,stove,51.88264617,Q1,af,mw,Malawi,blip_prompted,"[""stove"", ""oven"", ""cooker"", ""cooktop"", ""hob""]",captioning,the main household object in this image is a fire pit,,,,,False
5d4beff5cf0b3a0f3f354210,5d4beff5cf0b3a0f3f354210.jpg,stove,51.88264617,Q1,af,mw,Malawi,internvl,"[""stove"", ""oven"", ""cooker"", ""cooktop"", ""hob""]",captioning,"A traditional stone fire pit with sticks and rocks, used for cooking or heating.",,,,,False
5d4beff5cf0b3a0f3f354210,5d4beff5cf0b3a0f3f354210.jpg,stove,51.88264617,Q1,af,mw,Malawi,yolo_world,"[""stove"", ""oven"", ""cooker"", ""cooktop"", ""hob""]",detection,,,,,[],False
5d4bf05ccf0b3a0f3f354caa,5d4bf05ccf0b3a0f3f354caa.jpg,roof,116.0,Q1,af,lr,Liberia,yolo_world,"[""roof"", ""roofing"", ""ceiling""]",detection,,,,,[],False
5d4bf08acf0b3a0f3f355178,5d4bf08acf0b3a0f3f355178.jpg,footwear,60.75268981,Q1,af,ci,Cote d'Ivoire,blip_prompted,"[""shoe"", ""shoes"", ""sandal"", ""sandals"", ""slipper"", ""slippers"", ""sneaker"", ""sneakers"", ""boot"", ""boots"", ""footwear""]",captioning,the main household object in this image is a pair of flip flops,,,,,False
5d4bf08acf0b3a0f3f355178,5d4bf08acf0b3a0f3f355178.jpg,footwear,60.75268981,Q1,af,ci,Cote d'Ivoire,qwen,"[""shoe"", ""shoes"", ""sandal"", ""sandals"", ""slipper"", ""slippers"", ""sneaker"", ""sneakers"", ""boot"", ""boots"", ""footwear""]",captioning,The main household object in the image is a pair of worn flip-flops with a floral design on the straps.,,,,,False
5d4bf08acf0b3a0f3f355178,5d4bf08acf0b3a0f3f355178.jpg,footwear,60.75268981,Q1,af,ci,Cote d'Ivoire,yolo_world,"[""shoe"", ""shoes"", ""sandal"", ""sandals"", ""slipper"", ""slippers"", ""sneaker"", ""sneakers"", ""boot"", ""boots"", ""footwear""]",detection,,,,,[],False
5d4bf0b4cf0b3a0f3f3555cc,5d4bf0b4cf0b3a0f3f3555cc.jpg,light source,82.91518231,Q1,af,ci,Cote d'Ivoire,blip_baseline,"[""light"", ""lamp"", ""bulb"", ""lantern"", ""candle""]",captioning,a red stove on the ground,,,,,False
5d4bf0b4cf0b3a0f3f3555cc,5d4bf0b4cf0b3a0f3f3555cc.jpg,light source,82.91518231,Q1,af,ci,Cote d'Ivoire,blip_prompted,"[""light"", ""lamp"", ""bulb"", ""lantern"", ""candle""]",captioning,the main household object in this image is a red gas stove,,,,,False
5d4bf0b4cf0b3a0f3f3555cc,5d4bf0b4cf0b3a0f3f3555cc.jpg,light source,82.91518231,Q1,af,ci,Cote d'Ivoire,clip,"[""light"", ""lamp"", ""bulb"", ""lantern"", ""candle""]",classification,stove,stove,0.9625015258789062,2.0,,False
5d4bf0b4cf0b3a0f3f3555cc,5d4bf0b4cf0b3a0f3f3555cc.jpg,light source,82.91518231,Q1,af,ci,Cote d'Ivoire,yolo_world,"[""light"", ""lamp"", ""bulb"", ""lantern"", ""candle""]",detection,,,,,[],False
5d4bf0bfcf0b3a0f3f355712,5d4bf0bfcf0b3a0f3f355712.jpg,roof,80.72770904,Q1,af,ci,Cote d'Ivoire,blip_baseline,"[""roof"", ""roofing"", ""ceiling""]",captioning,a house with a tar tar covering it,,,,,False
5d4bf0bfcf0b3a0f3f355712,5d4bf0bfcf0b3a0f3f355712.jpg,roof,80.72770904,Q1,af,ci,Cote d'Ivoire,blip_prompted,"[""roof"", ""roofing"", ""ceiling""]",captioning,the main household object in this image is a house,,,,,False
5d4bf0bfcf0b3a0f3f355712,5d4bf0bfcf0b3a0f3f355712.jpg,roof,80.72770904,Q1,af,ci,Cote d'Ivoire,qwen,"[""roof"", ""roofing"", ""ceiling""]",classification,stove,stove,,,,False
5d4bf0bfcf0b3a0f3f355712,5d4bf0bfcf0b3a0f3f355712.jpg,roof,80.72770904,Q1,af,ci,Cote d'Ivoire,yolo_world,"[""roof"", ""roofing"", ""ceiling""]",detection,,,,,[],False
5d4bf131cf0b3a0f3f356206,5d4bf131cf0b3a0f3f356206.jpg,roof,564.997748,Q2,as,id,Indonesia,yolo_world,"[""roof"", ""roofing"", ""ceiling""]",detection,,,,,[],False
5d4bf150cf0b3a0f3f356534,5d4bf150cf0b3a0f3f356534.jpg,stove,209.7449238,Q1,as,id,Indonesia,qwen,"[""stove"", ""oven"", ""cooker"", ""cooktop"", ""hob""]",captioning,The main household object is a silver teapot with a black lid and handle on a table.,,,,,False
5d4bf151cf0b3a0f3f356556,5d4bf151cf0b3a0f3f356556.jpg,switch,209.7449238,Q1,as,id,Indonesia,yolo_world,"[""switch"", ""light switch"", ""power switch""]",detection,,,,,[],False
5d4bf168cf0b3a0f3f356784,5d4bf168cf0b3a0f3f356784.jpg,switch,399.0,Q2,as,id,Indonesia,blip_baseline,"[""switch"", ""light switch"", ""power switch""]",captioning,a white wall outlet with a black cord,,,,,False
5d4bf168cf0b3a0f3f356784,5d4bf168cf0b3a0f3f356784.jpg,switch,399.0,Q2,as,id,Indonesia,blip_prompted,"[""switch"", ""light switch"", ""power switch""]",captioning,the main household object in this image is a plug,,,,,False
5d4bf168cf0b3a0f3f356784,5d4bf168cf0b3a0f3f356784.jpg,switch,399.0,Q2,as,id,Indonesia,internvl,"[""switch"", ""light switch"", ""power switch""]",captioning,A power adapter with a smiley face is plugged into a wall socket.,,,,,False
5d4bf168cf0b3a0f3f356784,5d4bf168cf0b3a0f3f356784.jpg,switch,399.0,Q2,as,id,Indonesia,qwen,"[""switch"", ""light switch"", ""power switch""]",captioning,The main household object is an electrical outlet with a plug featuring a face design.,,,,,False
5d4bf168cf0b3a0f3f356784,5d4bf168cf0b3a0f3f356784.jpg,switch,399.0,Q2,as,id,Indonesia,yolo_world,"[""switch"", ""light switch"", ""power switch""]",detection,,,,,[],False
5d4bf185cf0b3a0f3f356a5e,5d4bf185cf0b3a0f3f356a5e.jpg,switch,465.5026805,Q2,as,in,India,blip_baseline,"[""switch"", ""light switch"", ""power switch""]",captioning,a white wall,,,,,False
5d4bf185cf0b3a0f3f356a5e,5d4bf185cf0b3a0f3f356a5e.jpg,switch,465.5026805,Q2,as,in,India,internvl,"[""switch"", ""light switch"", ""power switch""]",captioning,A wall-mounted electrical panel with switches and a digital display.,,,,,False
5d4bf185cf0b3a0f3f356a5e,5d4bf185cf0b3a0f3f356a5e.jpg,switch,465.5026805,Q2,as,in,India,qwen,"[""switch"", ""light switch"", ""power switch""]",captioning,The main household object is an electrical panel with multiple switches and a red light indicator.,,,,,False
5d4bf185cf0b3a0f3f356a5e,5d4bf185cf0b3a0f3f356a5e.jpg,switch,465.5026805,Q2,as,in,India,yolo_world,"[""switch"", ""light switch"", ""power switch""]",detection,,,,,[],False
5d4bf18bcf0b3a0f3f356b06,5d4bf18bcf0b3a0f3f356b06.jpg,trash container,724.0,Q3,as,in,India,blip_baseline,"[""trash can"", ""garbage can"", ""garbage bin"", ""waste bin"", ""dustbin"", ""dumpster""]",captioning,a toilet with a paper bag on the floor,,,,,False
5d4bf18bcf0b3a0f3f356b06,5d4bf18bcf0b3a0f3f356b06.jpg,trash container,724.0,Q3,as,in,India,blip_prompted,"[""trash can"", ""garbage can"", ""garbage bin"", ""waste bin"", ""dustbin"", ""dumpster""]",captioning,the main household object in this image is a paper bag,,,,,False
5d4bf18bcf0b3a0f3f356b06,5d4bf18bcf0b3a0f3f356b06.jpg,trash container,724.0,Q3,as,in,India,internvl,"[""trash can"", ""garbage can"", ""garbage bin"", ""waste bin"", ""dustbin"", ""dumpster""]",captioning,"A dirty plastic trash bag with a piece of food inside, placed in a tiled room.",,,,,False
5d4bf18bcf0b3a0f3f356b06,5d4bf18bcf0b3a0f3f356b06.jpg,trash container,724.0,Q3,as,in,India,yolo_world,"[""trash can"", ""garbage can"", ""garbage bin"", ""waste bin"", ""dustbin"", ""dumpster""]",detection,,,,,[],False
5d4bf191cf0b3a0f3f356bb4,5d4bf191cf0b3a0f3f356bb4.jpg,trash container,245.2917235,Q2,as,in,India,blip_baseline,"[""trash can"", ""garbage can"", ""garbage bin"", ""waste bin"", ""dustbin"", ""dumpster""]",captioning,a dog standing on a dirt road next to a pile of garbage,,,,,False
5d4bf191cf0b3a0f3f356bb4,5d4bf191cf0b3a0f3f356bb4.jpg,trash container,245.2917235,Q2,as,in,India,blip_prompted,"[""trash can"", ""garbage can"", ""garbage bin"", ""waste bin"", ""dustbin"", ""dumpster""]",captioning,the main household object in this image is a dog,,,,,False
5d4bf191cf0b3a0f3f356bb4,5d4bf191cf0b3a0f3f356bb4.jpg,trash container,245.2917235,Q2,as,in,India,clip,"[""trash can"", ""garbage can"", ""garbage bin"", ""waste bin"", ""dustbin"", ""dumpster""]",classification,stove,stove,0.4220496714115143,3.0,,False
5d4bf191cf0b3a0f3f356bb4,5d4bf191cf0b3a0f3f356bb4.jpg,trash container,245.2917235,Q2,as,in,India,internvl,"[""trash can"", ""garbage can"", ""garbage bin"", ""waste bin"", ""dustbin"", ""dumpster""]",captioning,A dog is eating food from a green leaf spread on the ground.,,,,,False
5d4bf191cf0b3a0f3f356bb4,5d4bf191cf0b3a0f3f356bb4.jpg,trash container,245.2917235,Q2,as,in,India,qwen,"[""trash can"", ""garbage can"", ""garbage bin"", ""waste bin"", ""dustbin"", ""dumpster""]",captioning,The main household object in the image is a banana leaf.,,,,,False
5d4bf191cf0b3a0f3f356bb4,5d4bf191cf0b3a0f3f356bb4.jpg,trash container,245.2917235,Q2,as,in,India,yolo_world,"[""trash can"", ""garbage can"", ""garbage bin"", ""waste bin"", ""dustbin"", ""dumpster""]",detection,,,,,[],False
5d4bf260cf0b3a0f3f3582cc,5d4bf260cf0b3a0f3f3582cc.jpg,switch,144.688254,Q1,am,co,Colombia,blip_baseline,"[""switch"", ""light switch"", ""power switch""]",captioning,a bottle of beer is being held up,,,,,False
5d4bf260cf0b3a0f3f3582cc,5d4bf260cf0b3a0f3f3582cc.jpg,switch,144.688254,Q1,am,co,Colombia,blip_prompted,"[""switch"", ""light switch"", ""power switch""]",captioning,the main household object in this image is a bottle of water,,,,,False
5d4bf260cf0b3a0f3f3582cc,5d4bf260cf0b3a0f3f3582cc.jpg,switch,144.688254,Q1,am,co,Colombia,clip,"[""switch"", ""light switch"", ""power switch""]",classification,light source,light source,0.3807046413421631,2.0,,False
5d4bf260cf0b3a0f3f3582cc,5d4bf260cf0b3a0f3f3582cc.jpg,switch,144.688254,Q1,am,co,Colombia,internvl,"[""switch"", ""light switch"", ""power switch""]",captioning,A plastic bottle with a white electrical plug attached to it.,,,,,False
5d4bf260cf0b3a0f3f3582cc,5d4bf260cf0b3a0f3f3582cc.jpg,switch,144.688254,Q1,am,co,Colombia,internvl,"[""switch"", ""light switch"", ""power switch""]",classification,light source,light source,,,,False
5d4bf260cf0b3a0f3f3582cc,5d4bf260cf0b3a0f3f3582cc.jpg,switch,144.688254,Q1,am,co,Colombia,qwen,"[""switch"", ""light switch"", ""power switch""]",captioning,The main household object in the image is an old-fashioned electrical plug with a white plastic body and two prongs.,,,,,False
5d4bf260cf0b3a0f3f3582cc,5d4bf260cf0b3a0f3f3582cc.jpg,switch,144.688254,Q1,am,co,Colombia,qwen,"[""switch"", ""light switch"", ""power switch""]",classification,light source,light source,,,,False
5d4bf260cf0b3a0f3f3582cc,5d4bf260cf0b3a0f3f3582cc.jpg,switch,144.688254,Q1,am,co,Colombia,yolo_world,"[""switch"", ""light switch"", ""power switch""]",detection,,,,,[],False
5d4bf271cf0b3a0f3f3583da,5d4bf271cf0b3a0f3f3583da.jpg,light source,144.688254,Q1,am,co,Colombia,blip_prompted,"[""light"", ""lamp"", ""bulb"", ""lantern"", ""candle""]",captioning,the main household object in this image is a ceiling,,,,,False
5d4bf271cf0b3a0f3f3583da,5d4bf271cf0b3a0f3f3583da.jpg,light source,144.688254,Q1,am,co,Colombia,yolo_world,"[""light"", ""lamp"", ""bulb"", ""lantern"", ""candle""]",detection,,,,,[],False
5d4bf27dcf0b3a0f3f358554,5d4bf27dcf0b3a0f3f358554.jpg,trash container,144.688254,Q1,am,co,Colombia,blip_baseline,"[""trash can"", ""garbage can"", ""garbage bin"", ""waste bin"", ""dustbin"", ""dumpster""]",captioning,a pile of garbage in a wooden box,,,,,False
5d4bf27dcf0b3a0f3f358554,5d4bf27dcf0b3a0f3f358554.jpg,trash container,144.688254,Q1,am,co,Colombia,blip_prompted,"[""trash can"", ""garbage can"", ""garbage bin"", ""waste bin"", ""dustbin"", ""dumpster""]",captioning,the main household object in this image is a wooden box with a bunch of flowers inside,,,,,False
5d4bf27dcf0b3a0f3f358554,5d4bf27dcf0b3a0f3f358554.jpg,trash container,144.688254,Q1,am,co,Colombia,clip,"[""trash can"", ""garbage can"", ""garbage bin"", ""waste bin"", ""dustbin"", ""dumpster""]",classification,stove,stove,0.7093364596366882,2.0,,False
5d4bf27dcf0b3a0f3f358554,5d4bf27dcf0b3a0f3f358554.jpg,trash container,144.688254,Q1,am,co,Colombia,internvl,"[""trash can"", ""garbage can"", ""garbage bin"", ""waste bin"", ""dustbin"", ""dumpster""]",captioning,A wooden crate filled with green vegetables and a large orange barrel.,,,,,False
5d4bf27dcf0b3a0f3f358554,5d4bf27dcf0b3a0f3f358554.jpg,trash container,144.688254,Q1,am,co,Colombia,qwen,"[""trash can"", ""garbage can"", ""garbage bin"", ""waste bin"", ""dustbin"", ""dumpster""]",captioning,The main household object is a wooden crate filled with various vegetables and plants.,,,,,False
5d4bf27dcf0b3a0f3f358554,5d4bf27dcf0b3a0f3f358554.jpg,trash container,144.688254,Q1,am,co,Colombia,yolo_world,"[""trash can"", ""garbage can"", ""garbage bin"", ""waste bin"", ""dustbin"", ""dumpster""]",detection,,,,,[],False
5d4bf28fcf0b3a0f3f358788,5d4bf28fcf0b3a0f3f358788.jpg,switch,694.218371,Q3,as,cn,China,blip_baseline,"[""switch"", ""light switch"", ""power switch""]",captioning,a blue and white sign with a white and blue sign,,,,,False
5d4bf28fcf0b3a0f3f358788,5d4bf28fcf0b3a0f3f358788.jpg,switch,694.218371,Q3,as,cn,China,yolo_world,"[""switch"", ""light switch"", ""power switch""]",detection,,,,,[],False
5d4bf2a9cf0b3a0f3f358a8e,5d4bf2a9cf0b3a0f3f358a8e.jpg,light source,3704.327276,Q4,as,cn,China,blip_baseline,"[""light"", ""lamp"", ""bulb"", ""lantern"", ""candle""]",captioning,a ceiling with a bunch of lights on it,,,,,False
5d4bf2a9cf0b3a0f3f358a8e,5d4bf2a9cf0b3a0f3f358a8e.jpg,light source,3704.327276,Q4,as,cn,China,internvl,"[""light"", ""lamp"", ""bulb"", ""lantern"", ""candle""]",captioning,"A chandelier with multiple white, frosted glass lampshades.",,,,,False
5d4bf2a9cf0b3a0f3f358a8e,5d4bf2a9cf0b3a0f3f358a8e.jpg,light source,3704.327276,Q4,as,cn,China,yolo_world,"[""light"", ""lamp"", ""bulb"", ""lantern"", ""candle""]",detection,,,,,[],False
5d4bf2b2cf0b3a0f3f358bb0,5d4bf2b2cf0b3a0f3f358bb0.jpg,stove,240.0,Q2,as,cn,China,blip_prompted,"[""stove"", ""oven"", ""cooker"", ""cooktop"", ""hob""]",captioning,the main household object in this image is a large pan,,,,,False
5d4bf2b2cf0b3a0f3f358bb0,5d4bf2b2cf0b3a0f3f358bb0.jpg,stove,240.0,Q2,as,cn,China,yolo_world,"[""stove"", ""oven"", ""cooker"", ""cooktop"", ""hob""]",detection,,,,,[],False
5d4bf2c2cf0b3a0f3f358d9c,5d4bf2c2cf0b3a0f3f358d9c.jpg,footwear,195.0,Q1,as,kh,Cambodia,qwen,"[""shoe"", ""shoes"", ""sandal"", ""sandals"", ""slipper"", ""slippers"", ""sneaker"", ""sneakers"", ""boot"", ""boots"", ""footwear""]",captioning,The main household object in the image is a pair of red Crocs and white flip-flops on a concrete surface with scattered debris.,,,,,False
5d4bf2d6cf0b3a0f3f358fea,5d4bf2d6cf0b3a0f3f358fea.jpg,footwear,463.1308192,Q2,as,kh,Cambodia,yolo_world,"[""shoe"", ""shoes"", ""sandal"", ""sandals"", ""slipper"", ""slippers"", ""sneaker"", ""sneakers"", ""boot"", ""boots"", ""footwear""]",detection,,,,,[],False
5d4bf2fbcf0b3a0f3f359462,5d4bf2fbcf0b3a0f3f359462.jpg,roof,254.0,Q2,am,bo,Bolivia,blip_baseline,"[""roof"", ""roofing"", ""ceiling""]",captioning,a cat is sitting on a red floor,,,,,False
5d4bf2fbcf0b3a0f3f359462,5d4bf2fbcf0b3a0f3f359462.jpg,roof,254.0,Q2,am,bo,Bolivia,blip_prompted,"[""roof"", ""roofing"", ""ceiling""]",captioning,the main household object in this image is a red wall,,,,,False
5d4bf2fbcf0b3a0f3f359462,5d4bf2fbcf0b3a0f3f359462.jpg,roof,254.0,Q2,am,bo,Bolivia,clip,"[""roof"", ""roofing"", ""ceiling""]",classification,trash container,trash container,0.4977652728557586,4.0,,False
5d4bf2fbcf0b3a0f3f359462,5d4bf2fbcf0b3a0f3f359462.jpg,roof,254.0,Q2,am,bo,Bolivia,internvl,"[""roof"", ""roofing"", ""ceiling""]",captioning,"A worn, reddish surface with patches of paint and a white star.",,,,,False
5d4bf2fbcf0b3a0f3f359462,5d4bf2fbcf0b3a0f3f359462.jpg,roof,254.0,Q2,am,bo,Bolivia,qwen,"[""roof"", ""roofing"", ""ceiling""]",captioning,The main household object in the image is a red wall with peeling paint and some markings on it.,,,,,False
5d4bf2fbcf0b3a0f3f359462,5d4bf2fbcf0b3a0f3f359462.jpg,roof,254.0,Q2,am,bo,Bolivia,qwen,"[""roof"", ""roofing"", ""ceiling""]",classification,stove,stove,,,,False
5d4bf2fbcf0b3a0f3f359462,5d4bf2fbcf0b3a0f3f359462.jpg,roof,254.0,Q2,am,bo,Bolivia,yolo_world,"[""roof"", ""roofing"", ""ceiling""]",detection,,,,,[],False
5d4bf349cf0b3a0f3f359cee,5d4bf349cf0b3a0f3f359cee.jpg,trash container,40.19755831,Q1,af,bi,Burundi,blip_baseline,"[""trash can"", ""garbage can"", ""garbage bin"", ""waste bin"", ""dustbin"", ""dumpster""]",captioning,a small blue toy is in the dirt,,,,,False
5d4bf349cf0b3a0f3f359cee,5d4bf349cf0b3a0f3f359cee.jpg,trash container,40.19755831,Q1,af,bi,Burundi,blip_prompted,"[""trash can"", ""garbage can"", ""garbage bin"", ""waste bin"", ""dustbin"", ""dumpster""]",captioning,the main household object in this image is a blue plastic cup,,,,,False
5d4bf349cf0b3a0f3f359cee,5d4bf349cf0b3a0f3f359cee.jpg,trash container,40.19755831,Q1,af,bi,Burundi,clip,"[""trash can"", ""garbage can"", ""garbage bin"", ""waste bin"", ""dustbin"", ""dumpster""]",classification,footwear,footwear,0.5535193681716919,5.0,,False
5d4bf349cf0b3a0f3f359cee,5d4bf349cf0b3a0f3f359cee.jpg,trash container,40.19755831,Q1,af,bi,Burundi,internvl,"[""trash can"", ""garbage can"", ""garbage bin"", ""waste bin"", ""dustbin"", ""dumpster""]",captioning,A blue plastic container is lying on the ground amidst green plants and dirt.,,,,,False
5d4bf349cf0b3a0f3f359cee,5d4bf349cf0b3a0f3f359cee.jpg,trash container,40.19755831,Q1,af,bi,Burundi,qwen,"[""trash can"", ""garbage can"", ""garbage bin"", ""waste bin"", ""dustbin"", ""dumpster""]",captioning,The main household object in the image is a blue plastic container with a pink lid.,,,,,False
5d4bf349cf0b3a0f3f359cee,5d4bf349cf0b3a0f3f359cee.jpg,trash container,40.19755831,Q1,af,bi,Burundi,yolo_world,"[""trash can"", ""garbage can"", ""garbage bin"", ""waste bin"", ""dustbin"", ""dumpster""]",detection,,,,,[],False
5d4bf377cf0b3a0f3f35a144,5d4bf377cf0b3a0f3f35a144.jpg,roof,53.64520422,Q1,af,bf,Burkina Faso,blip_baseline,"[""roof"", ""roofing"", ""ceiling""]",captioning,a close up of a metal curtain with rust,,,,,False
5d4bf377cf0b3a0f3f35a144,5d4bf377cf0b3a0f3f35a144.jpg,roof,53.64520422,Q1,af,bf,Burkina Faso,blip_prompted,"[""roof"", ""roofing"", ""ceiling""]",captioning,the main household object in this image is a metal curtain,,,,,False
5d4bf377cf0b3a0f3f35a144,5d4bf377cf0b3a0f3f35a144.jpg,roof,53.64520422,Q1,af,bf,Burkina Faso,clip,"[""roof"", ""roofing"", ""ceiling""]",classification,stove,stove,0.6850037574768066,3.0,,False
5d4bf377cf0b3a0f3f35a144,5d4bf377cf0b3a0f3f35a144.jpg,roof,53.64520422,Q1,af,bf,Burkina Faso,internvl,"[""roof"", ""roofing"", ""ceiling""]",captioning,A section of weathered corrugated metal.,,,,,False
5d4bf377cf0b3a0f3f35a144,5d4bf377cf0b3a0f3f35a144.jpg,roof,53.64520422,Q1,af,bf,Burkina Faso,qwen,"[""roof"", ""roofing"", ""ceiling""]",captioning,The main household object in the image is a corrugated metal surface with visible rust and wear.,,,,,False
5d4bf377cf0b3a0f3f35a144,5d4bf377cf0b3a0f3f35a144.jpg,roof,53.64520422,Q1,af,bf,Burkina Faso,yolo_world,"[""roof"", ""roofing"", ""ceiling""]",detection,,,,,[],False
5d4bf3a8cf0b3a0f3f35a67c,5d4bf3a8cf0b3a0f3f35a67c.jpg,roof,55.93351031,Q1,af,bf,Burkina Faso,blip_baseline,"[""roof"", ""roofing"", ""ceiling""]",captioning,a close up of a table with a bunch of bamboo sticks,,,,,False
5d4bf3a8cf0b3a0f3f35a67c,5d4bf3a8cf0b3a0f3f35a67c.jpg,roof,55.93351031,Q1,af,bf,Burkina Faso,blip_prompted,"[""roof"", ""roofing"", ""ceiling""]",captioning,the main household object in this image is a large piece of wood,,,,,False
5d4bf3a8cf0b3a0f3f35a67c,5d4bf3a8cf0b3a0f3f35a67c.jpg,roof,55.93351031,Q1,af,bf,Burkina Faso,yolo_world,"[""roof"", ""roofing"", ""ceiling""]",detection,,,,,[],False
5d4bf3e7cf0b3a0f3f35abe2,5d4bf3e7cf0b3a0f3f35abe2.jpg,trash container,264.9009279,Q2,am,bo,Bolivia,blip_baseline,"[""trash can"", ""garbage can"", ""garbage bin"", ""waste bin"", ""dustbin"", ""dumpster""]",captioning,a pile of trash on the side of a road,,,,,False
5d4bf3e7cf0b3a0f3f35abe2,5d4bf3e7cf0b3a0f3f35abe2.jpg,trash container,264.9009279,Q2,am,bo,Bolivia,blip_prompted,"[""trash can"", ""garbage can"", ""garbage bin"", ""waste bin"", ""dustbin"", ""dumpster""]",captioning,the main household object in this image is a pile of garbage,,,,,False
5d4bf3e7cf0b3a0f3f35abe2,5d4bf3e7cf0b3a0f3f35abe2.jpg,trash container,264.9009279,Q2,am,bo,Bolivia,internvl,"[""trash can"", ""garbage can"", ""garbage bin"", ""waste bin"", ""dustbin"", ""dumpster""]",captioning,The main household object in this image is a pile of dry grass and rocks with scattered litter.,,,,,False
5d4bf3e7cf0b3a0f3f35abe2,5d4bf3e7cf0b3a0f3f35abe2.jpg,trash container,264.9009279,Q2,am,bo,Bolivia,qwen,"[""trash can"", ""garbage can"", ""garbage bin"", ""waste bin"", ""dustbin"", ""dumpster""]",captioning,The main household object in the image is a blue plastic bottle.,,,,,False
5d4bf3e7cf0b3a0f3f35abe2,5d4bf3e7cf0b3a0f3f35abe2.jpg,trash container,264.9009279,Q2,am,bo,Bolivia,yolo_world,"[""trash can"", ""garbage can"", ""garbage bin"", ""waste bin"", ""dustbin"", ""dumpster""]",detection,,,,,[],False
5d4bf40ecf0b3a0f3f35afd2,5d4bf40ecf0b3a0f3f35afd2.jpg,trash container,780.9956673,Q3,as,cn,China,blip_baseline,"[""trash can"", ""garbage can"", ""garbage bin"", ""waste bin"", ""dustbin"", ""dumpster""]",captioning,a dirty toilet with a plastic bag on the floor,,,,,False
5d4bf40ecf0b3a0f3f35afd2,5d4bf40ecf0b3a0f3f35afd2.jpg,trash container,780.9956673,Q3,as,cn,China,blip_prompted,"[""trash can"", ""garbage can"", ""garbage bin"", ""waste bin"", ""dustbin"", ""dumpster""]",captioning,the main household object in this image is a toilet,,,,,False
5d4bf40ecf0b3a0f3f35afd2,5d4bf40ecf0b3a0f3f35afd2.jpg,trash container,780.9956673,Q3,as,cn,China,internvl,"[""trash can"", ""garbage can"", ""garbage bin"", ""waste bin"", ""dustbin"", ""dumpster""]",captioning,A plastic trash bag is placed on a wet floor next to a chair and a tiled wall.,,,,,False
5d4bf40ecf0b3a0f3f35afd2,5d4bf40ecf0b3a0f3f35afd2.jpg,trash container,780.9956673,Q3,as,cn,China,yolo_world,"[""trash can"", ""garbage can"", ""garbage bin"", ""waste bin"", ""dustbin"", ""dumpster""]",detection,,,,,[],False
5ec4f5c4f4a4fb7dc03879d4,5ec4f5c4f4a4fb7dc03879d4.jpg,trash container,2642.0,Q4,eu,ru,Russia,internvl,"[""trash can"", ""garbage can"", ""garbage bin"", ""waste bin"", ""dustbin"", ""dumpster""]",captioning,"A yellow trash bin filled with various items, including a plastic bag with a ""Wing"" label, is placed under a kitchen counter.",,,,,False
5ec4f5c4f4a4fb7dc03879d4,5ec4f5c4f4a4fb7dc03879d4.jpg,trash container,2642.0,Q4,eu,ru,Russia,yolo_world,"[""trash can"", ""garbage can"", ""garbage bin"", ""waste bin"", ""dustbin"", ""dumpster""]",detection,,,,,[],False
5ec4f5caf4a4fb7dc0387a0c,5ec4f5caf4a4fb7dc0387a0c.jpg,stove,2642.0,Q4,eu,ru,Russia,yolo_world,"[""stove"", ""oven"", ""cooker"", ""cooktop"", ""hob""]",detection,,,,,[],False
5ec4f60af4a4fb7dc0387c46,5ec4f60af4a4fb7dc0387c46.JPG,switch,6030.0,Q4,am,co,Colombia,yolo_world,"[""switch"", ""light switch"", ""power switch""]",detection,,,,,[],False
5ec4f81af0611d7ddd740be2,5ec4f81af0611d7ddd740be2.jpg,switch,172.0,Q1,as,np,Nepal,blip_baseline,"[""switch"", ""light switch"", ""power switch""]",captioning,a person is holding a white electrical device,,,,,False
5ec4f81af0611d7ddd740be2,5ec4f81af0611d7ddd740be2.jpg,switch,172.0,Q1,as,np,Nepal,blip_prompted,"[""switch"", ""light switch"", ""power switch""]",captioning,the main household object in this image is a white electrical device,,,,,False
5ec4f81af0611d7ddd740be2,5ec4f81af0611d7ddd740be2.jpg,switch,172.0,Q1,as,np,Nepal,qwen,"[""switch"", ""light switch"", ""power switch""]",captioning,The main household object is an electrical outlet with wires connected to it.,,,,,False
5ec4f81af0611d7ddd740be2,5ec4f81af0611d7ddd740be2.jpg,switch,172.0,Q1,as,np,Nepal,yolo_world,"[""switch"", ""light switch"", ""power switch""]",detection,,,,,[],False
5ec4f831f0611d7ddd740cab,5ec4f831f0611d7ddd740cab.JPG,switch,3478.0,Q4,am,us,United States,yolo_world,"[""switch"", ""light switch"", ""power switch""]",detection,,,,,[],False
5ec4f834f0611d7ddd740cc3,5ec4f834f0611d7ddd740cc3.JPG,light source,3478.0,Q4,am,us,United States,yolo_world,"[""light"", ""lamp"", ""bulb"", ""lantern"", ""candle""]",detection,,,,,[],False
5ec4f845f0611d7ddd740d5c,5ec4f845f0611d7ddd740d5c.JPG,trash container,5125.0,Q4,am,us,United States,blip_baseline,"[""trash can"", ""garbage can"", ""garbage bin"", ""waste bin"", ""dustbin"", ""dumpster""]",captioning,a stainless refrigerator sitting on a wooden floor,,,,,False
5ec4f845f0611d7ddd740d5c,5ec4f845f0611d7ddd740d5c.JPG,trash container,5125.0,Q4,am,us,United States,blip_prompted,"[""trash can"", ""garbage can"", ""garbage bin"", ""waste bin"", ""dustbin"", ""dumpster""]",captioning,the main household object in this image is a refrigerator,,,,,False
5ec4f845f0611d7ddd740d5c,5ec4f845f0611d7ddd740d5c.JPG,trash container,5125.0,Q4,am,us,United States,internvl,"[""trash can"", ""garbage can"", ""garbage bin"", ""waste bin"", ""dustbin"", ""dumpster""]",captioning,A stainless steel refrigerator is placed next to a wooden bed frame on a wooden floor.,,,,,False
5ec4f845f0611d7ddd740d5c,5ec4f845f0611d7ddd740d5c.JPG,trash container,5125.0,Q4,am,us,United States,yolo_world,"[""trash can"", ""garbage can"", ""garbage bin"", ""waste bin"", ""dustbin"", ""dumpster""]",detection,,,,,[],False
5ec4f86df0611d7ddd740eb2,5ec4f86df0611d7ddd740eb2.jpg,roof,1706.0,Q3,as,ir,Iran,qwen,"[""roof"", ""roofing"", ""ceiling""]",captioning,The main household object in the image is a set of orange and gray concrete stairs.,,,,,False
5ec4f86df0611d7ddd740eb2,5ec4f86df0611d7ddd740eb2.jpg,roof,1706.0,Q3,as,ir,Iran,yolo_world,"[""roof"", ""roofing"", ""ceiling""]",detection,,,,,[],False
5ec4f86df0611d7ddd740eb5,5ec4f86df0611d7ddd740eb5.jpg,switch,1706.0,Q3,as,ir,Iran,blip_baseline,"[""switch"", ""light switch"", ""power switch""]",captioning,a white toilet with a white toilet seat,,,,,False
5ec4f86df0611d7ddd740eb5,5ec4f86df0611d7ddd740eb5.jpg,switch,1706.0,Q3,as,ir,Iran,blip_prompted,"[""switch"", ""light switch"", ""power switch""]",captioning,the main household object in this image is a toilet,,,,,False
5ec4f86df0611d7ddd740eb5,5ec4f86df0611d7ddd740eb5.jpg,switch,1706.0,Q3,as,ir,Iran,yolo_world,"[""switch"", ""light switch"", ""power switch""]",detection,,,,,[],False
5ec4f90ef0611d7ddd741415,5ec4f90ef0611d7ddd741415.jpg,light source,3195.0,Q4,eu,es,Spain,yolo_world,"[""light"", ""lamp"", ""bulb"", ""lantern"", ""candle""]",detection,,,,,[],False
5ec4f919f0611d7ddd741478,5ec4f919f0611d7ddd741478.jpg,switch,4256.0,Q4,eu,es,Spain,yolo_world,"[""switch"", ""light switch"", ""power switch""]",detection,,,,,[],False
5ec4f91cf0611d7ddd74148c,5ec4f91cf0611d7ddd74148c.jpg,light source,4256.0,Q4,eu,es,Spain,yolo_world,"[""light"", ""lamp"", ""bulb"", ""lantern"", ""candle""]",detection,,,,,[],False
5ec4f97ef0611d7ddd7417d1,5ec4f97ef0611d7ddd7417d1.jpg,roof,745.0,Q3,af,cm,Cameroon,blip_baseline,"[""roof"", ""roofing"", ""ceiling""]",captioning,a pink wall with a small hole in it,,,,,False
5ec4f97ef0611d7ddd7417d1,5ec4f97ef0611d7ddd7417d1.jpg,roof,745.0,Q3,af,cm,Cameroon,blip_prompted,"[""roof"", ""roofing"", ""ceiling""]",captioning,the main household object in this image is a door handle,,,,,False
5ec4f97ef0611d7ddd7417d1,5ec4f97ef0611d7ddd7417d1.jpg,roof,745.0,Q3,af,cm,Cameroon,internvl,"[""roof"", ""roofing"", ""ceiling""]",classification,switch,switch,,,,False
5ec4f97ef0611d7ddd7417d1,5ec4f97ef0611d7ddd7417d1.jpg,roof,745.0,Q3,af,cm,Cameroon,qwen,"[""roof"", ""roofing"", ""ceiling""]",captioning,The main household object in this image is a pink bathroom with white tiles and a pink door frame.,,,,,False
5ec4f97ef0611d7ddd7417d1,5ec4f97ef0611d7ddd7417d1.jpg,roof,745.0,Q3,af,cm,Cameroon,qwen,"[""roof"", ""roofing"", ""ceiling""]",classification,tile,,,,,False
5ec4f97ef0611d7ddd7417d1,5ec4f97ef0611d7ddd7417d1.jpg,roof,745.0,Q3,af,cm,Cameroon,yolo_world,"[""roof"", ""roofing"", ""ceiling""]",detection,,,,,[],False
5ec4f989f0611d7ddd74182b,5ec4f989f0611d7ddd74182b.jpg,switch,391.0,Q2,af,cm,Cameroon,yolo_world,"[""switch"", ""light switch"", ""power switch""]",detection,,,,,[],False
5ec4f9e1f0611d7ddd741b27,5ec4f9e1f0611d7ddd741b27.JPG,trash container,719.0,Q3,af,et,Ethiopia,blip_baseline,"[""trash can"", ""garbage can"", ""garbage bin"", ""waste bin"", ""dustbin"", ""dumpster""]",captioning,a bag of garbage sitting in front of a green wall,,,,,False
5ec4f9e1f0611d7ddd741b27,5ec4f9e1f0611d7ddd741b27.JPG,trash container,719.0,Q3,af,et,Ethiopia,blip_prompted,"[""trash can"", ""garbage can"", ""garbage bin"", ""waste bin"", ""dustbin"", ""dumpster""]",captioning,the main household object in this image is a basket,,,,,False
5ec4f9e1f0611d7ddd741b27,5ec4f9e1f0611d7ddd741b27.JPG,trash container,719.0,Q3,af,et,Ethiopia,internvl,"[""trash can"", ""garbage can"", ""garbage bin"", ""waste bin"", ""dustbin"", ""dumpster""]",captioning,A large sack is placed against a weathered green wall next to a woven bamboo structure.,,,,,False
5ec4f9e1f0611d7ddd741b27,5ec4f9e1f0611d7ddd741b27.JPG,trash container,719.0,Q3,af,et,Ethiopia,qwen,"[""trash can"", ""garbage can"", ""garbage bin"", ""waste bin"", ""dustbin"", ""dumpster""]",captioning,The main household object is a woven bamboo wall.,,,,,False
5ec4f9e1f0611d7ddd741b27,5ec4f9e1f0611d7ddd741b27.JPG,trash container,719.0,Q3,af,et,Ethiopia,yolo_world,"[""trash can"", ""garbage can"", ""garbage bin"", ""waste bin"", ""dustbin"", ""dumpster""]",detection,,,,,[],False
5ec4f9e2f0611d7ddd741b33,5ec4f9e2f0611d7ddd741b33.JPG,roof,719.0,Q3,af,et,Ethiopia,blip_prompted,"[""roof"", ""roofing"", ""ceiling""]",captioning,the main household object in this image is a light bulb,,,,,False
5ec4f9e2f0611d7ddd741b33,5ec4f9e2f0611d7ddd741b33.JPG,roof,719.0,Q3,af,et,Ethiopia,internvl,"[""roof"", ""roofing"", ""ceiling""]",classification,light source,light source,,,,False
5ec4f9e2f0611d7ddd741b33,5ec4f9e2f0611d7ddd741b33.JPG,roof,719.0,Q3,af,et,Ethiopia,qwen,"[""roof"", ""roofing"", ""ceiling""]",classification,light source,light source,,,,False
5ec4f9e2f0611d7ddd741b33,5ec4f9e2f0611d7ddd741b33.JPG,roof,719.0,Q3,af,et,Ethiopia,yolo_world,"[""roof"", ""roofing"", ""ceiling""]",detection,,,,,[],False
5ec4f9f2f0611d7ddd741bae,5ec4f9f2f0611d7ddd741bae.JPG,roof,306.0,Q2,af,et,Ethiopia,blip_baseline,"[""roof"", ""roofing"", ""ceiling""]",captioning,a large tunnel with a long metal tube,,,,,False
5ec4f9f2f0611d7ddd741bae,5ec4f9f2f0611d7ddd741bae.JPG,roof,306.0,Q2,af,et,Ethiopia,blip_prompted,"[""roof"", ""roofing"", ""ceiling""]",captioning,the main household object in this image is a large tube,,,,,False
5ec4f9f2f0611d7ddd741bae,5ec4f9f2f0611d7ddd741bae.JPG,roof,306.0,Q2,af,et,Ethiopia,internvl,"[""roof"", ""roofing"", ""ceiling""]",captioning,"A large, circular, metal structure with a central vertical beam, resembling a tunnel or a vault.",,,,,False
5ec4f9f2f0611d7ddd741bae,5ec4f9f2f0611d7ddd741bae.JPG,roof,306.0,Q2,af,et,Ethiopia,internvl,"[""roof"", ""roofing"", ""ceiling""]",classification,stove,stove,,,,False
5ec4f9f2f0611d7ddd741bae,5ec4f9f2f0611d7ddd741bae.JPG,roof,306.0,Q2,af,et,Ethiopia,qwen,"[""roof"", ""roofing"", ""ceiling""]",captioning,The main household object in the image is a spiral staircase made of dark wood.,,,,,False
5ec4f9f2f0611d7ddd741bae,5ec4f9f2f0611d7ddd741bae.JPG,roof,306.0,Q2,af,et,Ethiopia,qwen,"[""roof"", ""roofing"", ""ceiling""]",classification,stove,stove,,,,False
5ec4f9f2f0611d7ddd741bae,5ec4f9f2f0611d7ddd741bae.JPG,roof,306.0,Q2,af,et,Ethiopia,yolo_world,"[""roof"", ""roofing"", ""ceiling""]",detection,,,,,[],False
5ec4fa30f0611d7ddd741dbe,5ec4fa30f0611d7ddd741dbe.JPG,stove,623.0,Q2,af,et,Ethiopia,yolo_world,"[""stove"", ""oven"", ""cooker"", ""cooktop"", ""hob""]",detection,,,,,[],False
5ec4fa3cf0611d7ddd741e2c,5ec4fa3cf0611d7ddd741e2c.JPG,trash container,6316.0,Q4,af,et,Ethiopia,internvl,"[""trash can"", ""garbage can"", ""garbage bin"", ""waste bin"", ""dustbin"", ""dumpster""]",captioning,A blue trash bin with a white and purple lid is placed on a tiled floor against a marble-patterned wall.,,,,,False
5ec4fa5ff0611d7ddd741f24,5ec4fa5ff0611d7ddd741f24.jpg,switch,2900.0,Q4,eu,cz,Czech Republic,yolo_world,"[""switch"", ""light switch"", ""power switch""]",detection,,,,,[],False
5ec4fa7bf0611d7ddd74200b,5ec4fa7bf0611d7ddd74200b.jpg,stove,311.0,Q2,am,br,Brazil,yolo_world,"[""stove"", ""oven"", ""cooker"", ""cooktop"", ""hob""]",detection,,,,,[],False
5ec4fa89f0611d7ddd742087,5ec4fa89f0611d7ddd742087.jpg,roof,284.0,Q2,am,br,Brazil,blip_baseline,"[""roof"", ""roofing"", ""ceiling""]",captioning,a room with a ladder and a television,,,,,False
5ec4fa89f0611d7ddd742087,5ec4fa89f0611d7ddd742087.jpg,roof,284.0,Q2,am,br,Brazil,blip_prompted,"[""roof"", ""roofing"", ""ceiling""]",captioning,the main household object in this image is a television,,,,,False
5ec4fa89f0611d7ddd742087,5ec4fa89f0611d7ddd742087.jpg,roof,284.0,Q2,am,br,Brazil,clip,"[""roof"", ""roofing"", ""ceiling""]",classification,light source,light source,0.6820181012153625,2.0,,False
5ec4fa89f0611d7ddd742087,5ec4fa89f0611d7ddd742087.jpg,roof,284.0,Q2,am,br,Brazil,internvl,"[""roof"", ""roofing"", ""ceiling""]",captioning,A light bulb is mounted on a wall next to a red metal fence.,,,,,False
5ec4fa89f0611d7ddd742087,5ec4fa89f0611d7ddd742087.jpg,roof,284.0,Q2,am,br,Brazil,internvl,"[""roof"", ""roofing"", ""ceiling""]",classification,light source,light source,,,,False
5ec4fa89f0611d7ddd742087,5ec4fa89f0611d7ddd742087.jpg,roof,284.0,Q2,am,br,Brazil,qwen,"[""roof"", ""roofing"", ""ceiling""]",captioning,The main household object is a red metal fence with a white car parked behind it.,,,,,False
5ec4fa89f0611d7ddd742087,5ec4fa89f0611d7ddd742087.jpg,roof,284.0,Q2,am,br,Brazil,qwen,"[""roof"", ""roofing"", ""ceiling""]",classification,light source,light source,,,,False
5ec4fa89f0611d7ddd742087,5ec4fa89f0611d7ddd742087.jpg,roof,284.0,Q2,am,br,Brazil,yolo_world,"[""roof"", ""roofing"", ""ceiling""]",detection,,,,,[],False
5ec4fa8ff0611d7ddd7420b5,5ec4fa8ff0611d7ddd7420b5.jpg,light source,284.0,Q2,am,br,Brazil,blip_baseline,"[""light"", ""lamp"", ""bulb"", ""lantern"", ""candle""]",captioning,a bird cage hanging from the ceiling of a room,,,,,False
5ec4fa8ff0611d7ddd7420b5,5ec4fa8ff0611d7ddd7420b5.jpg,light source,284.0,Q2,am,br,Brazil,blip_prompted,"[""light"", ""lamp"", ""bulb"", ""lantern"", ""candle""]",captioning,the main household object in this image is a bird cage,,,,,False
5ec4fa8ff0611d7ddd7420b5,5ec4fa8ff0611d7ddd7420b5.jpg,light source,284.0,Q2,am,br,Brazil,clip,"[""light"", ""lamp"", ""bulb"", ""lantern"", ""candle""]",classification,roof,roof,0.849384069442749,2.0,,False
5ec4fa8ff0611d7ddd7420b5,5ec4fa8ff0611d7ddd7420b5.jpg,light source,284.0,Q2,am,br,Brazil,yolo_world,"[""light"", ""lamp"", ""bulb"", ""lantern"", ""candle""]",detection,,,,,[],False
5ec4fad3f0611d7ddd7422fa,5ec4fad3f0611d7ddd7422fa.jpg,footwear,375.0,Q2,af,gh,Ghana,blip_baseline,"[""shoe"", ""shoes"", ""sandal"", ""sandals"", ""slipper"", ""slippers"", ""sneaker"", ""sneakers"", ""boot"", ""boots"", ""footwear""]",captioning,a man standing on a dirt covered ground,,,,,False
5ec4fad3f0611d7ddd7422fa,5ec4fad3f0611d7ddd7422fa.jpg,footwear,375.0,Q2,af,gh,Ghana,internvl,"[""shoe"", ""shoes"", ""sandal"", ""sandals"", ""slipper"", ""slippers"", ""sneaker"", ""sneakers"", ""boot"", ""boots"", ""footwear""]",captioning,A pair of flip-flops worn by someone standing on a sandy surface.,,,,,False
5ec4fad3f0611d7ddd7422fa,5ec4fad3f0611d7ddd7422fa.jpg,footwear,375.0,Q2,af,gh,Ghana,qwen,"[""shoe"", ""shoes"", ""sandal"", ""sandals"", ""slipper"", ""slippers"", ""sneaker"", ""sneakers"", ""boot"", ""boots"", ""footwear""]",captioning,The main household object in the image is a pair of flip-flops worn by a person standing on a sandy surface.,,,,,False
5ec4fb68f0611d7ddd7427d4,5ec4fb68f0611d7ddd7427d4.jpg,switch,409.0,Q2,am,co,Colombia,yolo_world,"[""switch"", ""light switch"", ""power switch""]",detection,,,,,[],False
5ec4fb73f0611d7ddd742836,5ec4fb73f0611d7ddd742836.jpg,stove,1392.0,Q3,am,co,Colombia,blip_baseline,"[""stove"", ""oven"", ""cooker"", ""cooktop"", ""hob""]",captioning,a microwave sitting on a table with a green and white cover,,,,,False
5ec4fb73f0611d7ddd742836,5ec4fb73f0611d7ddd742836.jpg,stove,1392.0,Q3,am,co,Colombia,blip_prompted,"[""stove"", ""oven"", ""cooker"", ""cooktop"", ""hob""]",captioning,the main household object in this image is a microwave,,,,,False
5ec4fb73f0611d7ddd742836,5ec4fb73f0611d7ddd742836.jpg,stove,1392.0,Q3,am,co,Colombia,internvl,"[""stove"", ""oven"", ""cooker"", ""cooktop"", ""hob""]",classification,microwave,,,,,False
5ec4fb73f0611d7ddd742836,5ec4fb73f0611d7ddd742836.jpg,stove,1392.0,Q3,am,co,Colombia,yolo_world,"[""stove"", ""oven"", ""cooker"", ""cooktop"", ""hob""]",detection,,,,,[],False
5ec4fb75f0611d7ddd74284a,5ec4fb75f0611d7ddd74284a.jpg,footwear,1394.0,Q3,am,co,Colombia,blip_baseline,"[""shoe"", ""shoes"", ""sandal"", ""sandals"", ""slipper"", ""slippers"", ""sneaker"", ""sneakers"", ""boot"", ""boots"", ""footwear""]",captioning,a pair of blue crocs with colorful animals on them,,,,,False
5ec4fb75f0611d7ddd74284a,5ec4fb75f0611d7ddd74284a.jpg,footwear,1394.0,Q3,am,co,Colombia,blip_prompted,"[""shoe"", ""shoes"", ""sandal"", ""sandals"", ""slipper"", ""slippers"", ""sneaker"", ""sneakers"", ""boot"", ""boots"", ""footwear""]",captioning,the main household object in this image is a pair of crocy crocy crocy crocy crocy crocy crocy crocy crocy,,,,,False
5ec4fb75f0611d7ddd74284a,5ec4fb75f0611d7ddd74284a.jpg,footwear,1394.0,Q3,am,co,Colombia,internvl,"[""shoe"", ""shoes"", ""sandal"", ""sandals"", ""slipper"", ""slippers"", ""sneaker"", ""sneakers"", ""boot"", ""boots"", ""footwear""]",captioning,A pair of blue Crocs adorned with various colorful cartoon and character pins.,,,,,False
5ec4fb75f0611d7ddd74284a,5ec4fb75f0611d7ddd74284a.jpg,footwear,1394.0,Q3,am,co,Colombia,qwen,"[""shoe"", ""shoes"", ""sandal"", ""sandals"", ""slipper"", ""slippers"", ""sneaker"", ""sneakers"", ""boot"", ""boots"", ""footwear""]",captioning,The main household object in the image is a pair of blue Crocs clogs with various colorful stickers on them.,,,,,False
5ec4fb75f0611d7ddd74284a,5ec4fb75f0611d7ddd74284a.jpg,footwear,1394.0,Q3,am,co,Colombia,yolo_world,"[""shoe"", ""shoes"", ""sandal"", ""sandals"", ""slipper"", ""slippers"", ""sneaker"", ""sneakers"", ""boot"", ""boots"", ""footwear""]",detection,,,,,[],False
5ec4fb80f0611d7ddd7428aa,5ec4fb80f0611d7ddd7428aa.jpg,footwear,261.0,Q2,am,co,Colombia,internvl,"[""shoe"", ""shoes"", ""sandal"", ""sandals"", ""slipper"", ""slippers"", ""sneaker"", ""sneakers"", ""boot"", ""boots"", ""footwear""]",captioning,A pair of white Converse slides is placed on a tiled floor.,,,,,False
5ec4fb80f0611d7ddd7428aa,5ec4fb80f0611d7ddd7428aa.jpg,footwear,261.0,Q2,am,co,Colombia,yolo_world,"[""shoe"", ""shoes"", ""sandal"", ""sandals"", ""slipper"", ""slippers"", ""sneaker"", ""sneakers"", ""boot"", ""boots"", ""footwear""]",detection,,,,,[],False
5ec4fb81f0611d7ddd7428b0,5ec4fb81f0611d7ddd7428b0.jpg,light source,261.0,Q2,am,co,Colombia,blip_prompted,"[""light"", ""lamp"", ""bulb"", ""lantern"", ""candle""]",captioning,the main household object in this image is a toilet,,,,,False
5ec4fb81f0611d7ddd7428b0,5ec4fb81f0611d7ddd7428b0.jpg,light source,261.0,Q2,am,co,Colombia,clip,"[""light"", ""lamp"", ""bulb"", ""lantern"", ""candle""]",classification,roof,roof,0.6462305188179016,4.0,,False
5ec4fb81f0611d7ddd7428b0,5ec4fb81f0611d7ddd7428b0.jpg,light source,261.0,Q2,am,co,Colombia,yolo_world,"[""light"", ""lamp"", ""bulb"", ""lantern"", ""candle""]",detection,,,,,[],False
5ec4fb83f0611d7ddd7428c0,5ec4fb83f0611d7ddd7428c0.jpg,trash container,261.0,Q2,am,co,Colombia,blip_baseline,"[""trash can"", ""garbage can"", ""garbage bin"", ""waste bin"", ""dustbin"", ""dumpster""]",captioning,a black trash bag sitting on the floor,,,,,False
5ec4fb83f0611d7ddd7428c0,5ec4fb83f0611d7ddd7428c0.jpg,trash container,261.0,Q2,am,co,Colombia,blip_prompted,"[""trash can"", ""garbage can"", ""garbage bin"", ""waste bin"", ""dustbin"", ""dumpster""]",captioning,the main household object in this image is a trash bag,,,,,False
5ec4fb83f0611d7ddd7428c0,5ec4fb83f0611d7ddd7428c0.jpg,trash container,261.0,Q2,am,co,Colombia,internvl,"[""trash can"", ""garbage can"", ""garbage bin"", ""waste bin"", ""dustbin"", ""dumpster""]",captioning,A black plastic bag is placed against a brick wall.,,,,,False
5ec4fb83f0611d7ddd7428c0,5ec4fb83f0611d7ddd7428c0.jpg,trash container,261.0,Q2,am,co,Colombia,qwen,"[""trash can"", ""garbage can"", ""garbage bin"", ""waste bin"", ""dustbin"", ""dumpster""]",captioning,The main household object in the image is a black plastic bag.,,,,,False
5ec4fb83f0611d7ddd7428c0,5ec4fb83f0611d7ddd7428c0.jpg,trash container,261.0,Q2,am,co,Colombia,yolo_world,"[""trash can"", ""garbage can"", ""garbage bin"", ""waste bin"", ""dustbin"", ""dumpster""]",detection,,,,,[],False
5ec4fba1f0611d7ddd7429bc,5ec4fba1f0611d7ddd7429bc.jpg,light source,1482.0,Q3,am,co,Colombia,blip_baseline,"[""light"", ""lamp"", ""bulb"", ""lantern"", ""candle""]",captioning,a kitchen with a ceiling that has been painted,,,,,False
5ec4fba1f0611d7ddd7429bc,5ec4fba1f0611d7ddd7429bc.jpg,light source,1482.0,Q3,am,co,Colombia,blip_prompted,"[""light"", ""lamp"", ""bulb"", ""lantern"", ""candle""]",captioning,the main household object in this image is a ceiling,,,,,False
5ec4fba1f0611d7ddd7429bc,5ec4fba1f0611d7ddd7429bc.jpg,light source,1482.0,Q3,am,co,Colombia,clip,"[""light"", ""lamp"", ""bulb"", ""lantern"", ""candle""]",classification,roof,roof,0.7285059094429016,2.0,,False
5ec4fba1f0611d7ddd7429bc,5ec4fba1f0611d7ddd7429bc.jpg,light source,1482.0,Q3,am,co,Colombia,yolo_world,"[""light"", ""lamp"", ""bulb"", ""lantern"", ""candle""]",detection,,,,,[],False
5edfe79012a022abbc87ea5a,5edfe79012a022abbc87ea5a.jpg,footwear,1091.0,Q3,as,np,Nepal,blip_baseline,"[""shoe"", ""shoes"", ""sandal"", ""sandals"", ""slipper"", ""slippers"", ""sneaker"", ""sneakers"", ""boot"", ""boots"", ""footwear""]",captioning,a woman is cleaning a room with a broom,,,,,False
5edfe79012a022abbc87ea5a,5edfe79012a022abbc87ea5a.jpg,footwear,1091.0,Q3,as,np,Nepal,blip_prompted,"[""shoe"", ""shoes"", ""sandal"", ""sandals"", ""slipper"", ""slippers"", ""sneaker"", ""sneakers"", ""boot"", ""boots"", ""footwear""]",captioning,the main household object in this image is a broom,,,,,False
5edfe79012a022abbc87ea5a,5edfe79012a022abbc87ea5a.jpg,footwear,1091.0,Q3,as,np,Nepal,internvl,"[""shoe"", ""shoes"", ""sandal"", ""sandals"", ""slipper"", ""slippers"", ""sneaker"", ""sneakers"", ""boot"", ""boots"", ""footwear""]",captioning,A person is holding a broom made of straw.,,,,,False
5edfe79012a022abbc87ea5a,5edfe79012a022abbc87ea5a.jpg,footwear,1091.0,Q3,as,np,Nepal,qwen,"[""shoe"", ""shoes"", ""sandal"", ""sandals"", ""slipper"", ""slippers"", ""sneaker"", ""sneakers"", ""boot"", ""boots"", ""footwear""]",captioning,The main household object is a broom with a wooden handle and straw bristles.,,,,,False
5f8c634fe894f07b8477dfbe,5f8c634fe894f07b8477dfbe.jpg,switch,304.0,Q2,as,pk,Pakistan,blip_baseline,"[""switch"", ""light switch"", ""power switch""]",captioning,a white electrical outlet with a white light,,,,,False
5f8c634fe894f07b8477dfbe,5f8c634fe894f07b8477dfbe.jpg,switch,304.0,Q2,as,pk,Pakistan,qwen,"[""switch"", ""light switch"", ""power switch""]",captioning,The main household object in the image is an electrical panel with various switches and a light bulb.,,,,,False
5f8c634fe894f07b8477dfbe,5f8c634fe894f07b8477dfbe.jpg,switch,304.0,Q2,as,pk,Pakistan,qwen,"[""switch"", ""light switch"", ""power switch""]",classification,light source,light source,,,,False
5f8c634fe894f07b8477dfbe,5f8c634fe894f07b8477dfbe.jpg,switch,304.0,Q2,as,pk,Pakistan,yolo_world,"[""switch"", ""light switch"", ""power switch""]",detection,,,,,[],False
5f8dfa6069531c2f81fdef7f,5f8dfa6069531c2f81fdef7f.jpg,light source,304.0,Q2,as,pk,Pakistan,blip_baseline,"[""light"", ""lamp"", ""bulb"", ""lantern"", ""candle""]",captioning,a white toilet sitting in a dark room,,,,,False
5f8dfa6069531c2f81fdef7f,5f8dfa6069531c2f81fdef7f.jpg,light source,304.0,Q2,as,pk,Pakistan,blip_prompted,"[""light"", ""lamp"", ""bulb"", ""lantern"", ""candle""]",captioning,the main household object in this image is a white refrigerator,,,,,False
5f8dfa6069531c2f81fdef7f,5f8dfa6069531c2f81fdef7f.jpg,light source,304.0,Q2,as,pk,Pakistan,yolo_world,"[""light"", ""lamp"", ""bulb"", ""lantern"", ""candle""]",detection,,,,,[],False
5fa325b3a4fd6154365dfcd4,5fa325b3a4fd6154365dfcd4.jpeg,switch,1025.0,Q3,am,co,Colombia,blip_prompted,"[""switch"", ""light switch"", ""power switch""]",captioning,the main household object in this image is a plug and socket,,,,,False
5fa325b3a4fd6154365dfcd4,5fa325b3a4fd6154365dfcd4.jpeg,switch,1025.0,Q3,am,co,Colombia,yolo_world,"[""switch"", ""light switch"", ""power switch""]",detection,,,,,[],False
5fa329ada4fd6103df5dff73,5fa329ada4fd6103df5dff73.jpeg,roof,1025.0,Q3,am,co,Colombia,internvl,"[""roof"", ""roofing"", ""ceiling""]",classification,stove,stove,,,,False
5fa329ada4fd6103df5dff73,5fa329ada4fd6103df5dff73.jpeg,roof,1025.0,Q3,am,co,Colombia,qwen,"[""roof"", ""roofing"", ""ceiling""]",captioning,The main household object in this image is an air vent with a decorative pattern on it.,,,,,False
5fa329ada4fd6103df5dff73,5fa329ada4fd6103df5dff73.jpeg,roof,1025.0,Q3,am,co,Colombia,qwen,"[""roof"", ""roofing"", ""ceiling""]",classification,stove,stove,,,,False
5fa329ada4fd6103df5dff73,5fa329ada4fd6103df5dff73.jpeg,roof,1025.0,Q3,am,co,Colombia,yolo_world,"[""roof"", ""roofing"", ""ceiling""]",detection,,,,,[],False
