image_id,image_name,study_label,income,income_quartile,region,country_id,country_name,model,accepted_caption_terms,task,raw_output,predicted_label,confidence,correct_rank,boxes,metric_value
5d4bde4dcf0b3a0f3f335e21,5d4bde4dcf0b3a0f3f335e21.jpg,stove,898.0,Q3,am,us,United States,blip_baseline,"[""stove"", ""oven"", ""cooker"", ""cooktop"", ""hob""]",captioning,a pot of water is on the stove,,,,,True
5d4bde4dcf0b3a0f3f335e21,5d4bde4dcf0b3a0f3f335e21.jpg,stove,898.0,Q3,am,us,United States,blip_prompted,"[""stove"", ""oven"", ""cooker"", ""cooktop"", ""hob""]",captioning,the main household object in this image is a pot on the stove,,,,,True
5d4bde4dcf0b3a0f3f335e21,5d4bde4dcf0b3a0f3f335e21.jpg,stove,898.0,Q3,am,us,United States,clip,"[""stove"", ""oven"", ""cooker"", ""cooktop"", ""hob""]",classification,stove,stove,0.9957299828529358,1.0,,True
5d4bde4dcf0b3a0f3f335e21,5d4bde4dcf0b3a0f3f335e21.jpg,stove,898.0,Q3,am,us,United States,qwen,"[""stove"", ""oven"", ""cooker"", ""cooktop"", ""hob""]",captioning,A gas stove with a pot on it.,,,,,True
5d4bde4dcf0b3a0f3f335e21,5d4bde4dcf0b3a0f3f335e21.jpg,stove,898.0,Q3,am,us,United States,qwen,"[""stove"", ""oven"", ""cooker"", ""cooktop"", ""hob""]",classification,stove,stove,,,,True
5d4bde4dcf0b3a0f3f335e25,5d4bde4dcf0b3a0f3f335e25.jpg,light source,898.0,Q3,am,us,United States,blip_baseline,"[""light"", ""lamp"", ""bulb"", ""lantern"", ""candle""]",captioning,a light that is on above a sink,,,,,True
5d4bde4dcf0b3a0f3f335e25,5d4bde4dcf0b3a0f3f335e25.jpg,light source,898.0,Q3,am,us,United States,blip_prompted,"[""light"", ""lamp"", ""bulb"", ""lantern"", ""candle""]",captioning,the main household object in this image is a light,,,,,True
5d4bde4dcf0b3a0f3f335e25,5d4bde4dcf0b3a0f3f335e25.jpg,light source,898.0,Q3,am,us,United States,clip,"[""light"", ""lamp"", ""bulb"", ""lantern"", ""candle""]",classification,light source,light source,0.7799504399299622,1.0,,True
5d4bde4dcf0b3a0f3f335e25,5d4bde4dcf0b3a0f3f335e25.jpg,light source,898.0,Q3,am,us,United States,qwen,"[""light"", ""lamp"", ""bulb"", ""lantern"", ""candle""]",captioning,The main household object is a recessed ceiling light.,,,,,True
5d4bde4dcf0b3a0f3f335e25,5d4bde4dcf0b3a0f3f335e25.jpg,light source,898.0,Q3,am,us,United States,qwen,"[""light"", ""lamp"", ""bulb"", ""lantern"", ""candle""]",classification,light source,light source,,,,True
5d4bdefccf0b3a0f3f336ec5,5d4bdefccf0b3a0f3f336ec5.jpg,roof,430.0,Q2,eu,rs,Serbia,blip_baseline,"[""roof"", ""roofing"", ""ceiling""]",captioning,a roof with a roof venter,,,,,True
5d4bdefccf0b3a0f3f336ec5,5d4bdefccf0b3a0f3f336ec5.jpg,roof,430.0,Q2,eu,rs,Serbia,blip_prompted,"[""roof"", ""roofing"", ""ceiling""]",captioning,the main household object in this image is a roof,,,,,True
5d4bdefccf0b3a0f3f336ec5,5d4bdefccf0b3a0f3f336ec5.jpg,roof,430.0,Q2,eu,rs,Serbia,clip,"[""roof"", ""roofing"", ""ceiling""]",classification,roof,roof,0.9987874627113342,1.0,,True
5d4bdefccf0b3a0f3f336ec5,5d4bdefccf0b3a0f3f336ec5.jpg,roof,430.0,Q2,eu,rs,Serbia,qwen,"[""roof"", ""roofing"", ""ceiling""]",captioning,The main household object is a roof with tiled shingles and a chimney.,,,,,True
5d4bdefccf0b3a0f3f336ec5,5d4bdefccf0b3a0f3f336ec5.jpg,roof,430.0,Q2,eu,rs,Serbia,qwen,"[""roof"", ""roofing"", ""ceiling""]",classification,roof,roof,,,,True
5d4bdf05cf0b3a0f3f336fb3,5d4bdf05cf0b3a0f3f336fb3.JPG,light source,293.0,Q2,as,id,Indonesia,blip_baseline,"[""light"", ""lamp"", ""bulb"", ""lantern"", ""candle""]",captioning,a light that is on a wooden floor,,,,,True
5d4bdf05cf0b3a0f3f336fb3,5d4bdf05cf0b3a0f3f336fb3.JPG,light source,293.0,Q2,as,id,Indonesia,blip_prompted,"[""light"", ""lamp"", ""bulb"", ""lantern"", ""candle""]",captioning,the main household object in this image is a light bulb,,,,,True
5d4bdf05cf0b3a0f3f336fb3,5d4bdf05cf0b3a0f3f336fb3.JPG,light source,293.0,Q2,as,id,Indonesia,clip,"[""light"", ""lamp"", ""bulb"", ""lantern"", ""candle""]",classification,light source,light source,0.7352702021598816,1.0,,True
5d4bdf05cf0b3a0f3f336fb3,5d4bdf05cf0b3a0f3f336fb3.JPG,light source,293.0,Q2,as,id,Indonesia,qwen,"[""light"", ""lamp"", ""bulb"", ""lantern"", ""candle""]",captioning,The main household object in the image is a light bulb hanging from a ceiling.,,,,,True
5d4bdf05cf0b3a0f3f336fb3,5d4bdf05cf0b3a0f3f336fb3.JPG,light source,293.0,Q2,as,id,Indonesia,qwen,"[""light"", ""lamp"", ""bulb"", ""lantern"", ""candle""]",classification,light source,light source,,,,True
5d4bdf17cf0b3a0f3f337195,5d4bdf17cf0b3a0f3f337195.JPG,switch,234.0,Q2,as,id,Indonesia,blip_baseline,"[""switch"", ""light switch"", ""power switch""]",captioning,a broken light switch on a wall,,,,,True
5d4bdf17cf0b3a0f3f337195,5d4bdf17cf0b3a0f3f337195.JPG,switch,234.0,Q2,as,id,Indonesia,blip_prompted,"[""switch"", ""light switch"", ""power switch""]",captioning,the main household object in this image is a broken light switch,,,,,True
5d4bdf17cf0b3a0f3f337195,5d4bdf17cf0b3a0f3f337195.JPG,switch,234.0,Q2,as,id,Indonesia,clip,"[""switch"", ""light switch"", ""power switch""]",classification,switch,switch,0.8747391700744629,1.0,,True
5d4bdf17cf0b3a0f3f337195,5d4bdf17cf0b3a0f3f337195.JPG,switch,234.0,Q2,as,id,Indonesia,qwen,"[""switch"", ""light switch"", ""power switch""]",captioning,The main household object in the image is a white electrical switch with two toggle buttons.,,,,,True
5d4bdf17cf0b3a0f3f337195,5d4bdf17cf0b3a0f3f337195.JPG,switch,234.0,Q2,as,id,Indonesia,qwen,"[""switch"", ""light switch"", ""power switch""]",classification,switch,switch,,,,True
5d4bdf26cf0b3a0f3f337341,5d4bdf26cf0b3a0f3f337341.JPG,footwear,670.0,Q2,af,tg,Togo,blip_baseline,"[""shoe"", ""shoes"", ""sandal"", ""sandals"", ""slipper"", ""slippers"", ""sneaker"", ""sneakers"", ""boot"", ""boots"", ""footwear""]",captioning,a person standing on a step with their feet up,,,,,False
5d4bdf26cf0b3a0f3f337341,5d4bdf26cf0b3a0f3f337341.JPG,footwear,670.0,Q2,af,tg,Togo,blip_prompted,"[""shoe"", ""shoes"", ""sandal"", ""sandals"", ""slipper"", ""slippers"", ""sneaker"", ""sneakers"", ""boot"", ""boots"", ""footwear""]",captioning,the main household object in this image is a pair of sandals,,,,,True
5d4bdf26cf0b3a0f3f337341,5d4bdf26cf0b3a0f3f337341.JPG,footwear,670.0,Q2,af,tg,Togo,clip,"[""shoe"", ""shoes"", ""sandal"", ""sandals"", ""slipper"", ""slippers"", ""sneaker"", ""sneakers"", ""boot"", ""boots"", ""footwear""]",classification,footwear,footwear,0.9998486042022704,1.0,,True
5d4bdf26cf0b3a0f3f337341,5d4bdf26cf0b3a0f3f337341.JPG,footwear,670.0,Q2,af,tg,Togo,qwen,"[""shoe"", ""shoes"", ""sandal"", ""sandals"", ""slipper"", ""slippers"", ""sneaker"", ""sneakers"", ""boot"", ""boots"", ""footwear""]",captioning,The main household object in the image is a pair of black sandals with orange accents.,,,,,True
5d4bdf26cf0b3a0f3f337341,5d4bdf26cf0b3a0f3f337341.JPG,footwear,670.0,Q2,af,tg,Togo,qwen,"[""shoe"", ""shoes"", ""sandal"", ""sandals"", ""slipper"", ""slippers"", ""sneaker"", ""sneakers"", ""boot"", ""boots"", ""footwear""]",classification,footwear,footwear,,,,True
5d4bdf69cf0b3a0f3f337997,5d4bdf69cf0b3a0f3f337997.jpg,trash container,228.0,Q2,af,tz,Tanzania,blip_baseline,"[""trash can"", ""garbage can"", ""garbage bin"", ""waste bin"", ""dustbin"", ""dumpster""]",captioning,a white basket with a bunch of beer bottles,,,,,False
5d4bdf69cf0b3a0f3f337997,5d4bdf69cf0b3a0f3f337997.jpg,trash container,228.0,Q2,af,tz,Tanzania,blip_prompted,"[""trash can"", ""garbage can"", ""garbage bin"", ""waste bin"", ""dustbin"", ""dumpster""]",captioning,the main household object in this image is a basket of beer bottles,,,,,False
5d4bdf69cf0b3a0f3f337997,5d4bdf69cf0b3a0f3f337997.jpg,trash container,228.0,Q2,af,tz,Tanzania,clip,"[""trash can"", ""garbage can"", ""garbage bin"", ""waste bin"", ""dustbin"", ""dumpster""]",classification,trash container,trash container,0.7758539319038391,1.0,,True
5d4bdf69cf0b3a0f3f337997,5d4bdf69cf0b3a0f3f337997.jpg,trash container,228.0,Q2,af,tz,Tanzania,qwen,"[""trash can"", ""garbage can"", ""garbage bin"", ""waste bin"", ""dustbin"", ""dumpster""]",captioning,The main household object is a red Coca-Cola crate with several empty bottles inside and a white plastic basket on top.,,,,,False
5d4bdf69cf0b3a0f3f337997,5d4bdf69cf0b3a0f3f337997.jpg,trash container,228.0,Q2,af,tz,Tanzania,qwen,"[""trash can"", ""garbage can"", ""garbage bin"", ""waste bin"", ""dustbin"", ""dumpster""]",classification,trash container,trash container,,,,True
5d4bdf79cf0b3a0f3f337b57,5d4bdf79cf0b3a0f3f337b57.jpg,trash container,1193.0,Q3,eu,rs,Serbia,blip_baseline,"[""trash can"", ""garbage can"", ""garbage bin"", ""waste bin"", ""dustbin"", ""dumpster""]",captioning,a plastic bag filled with food and a bag of chips,,,,,False
5d4bdf79cf0b3a0f3f337b57,5d4bdf79cf0b3a0f3f337b57.jpg,trash container,1193.0,Q3,eu,rs,Serbia,blip_prompted,"[""trash can"", ""garbage can"", ""garbage bin"", ""waste bin"", ""dustbin"", ""dumpster""]",captioning,the main household object in this image is a plastic bag,,,,,False
5d4bdf79cf0b3a0f3f337b57,5d4bdf79cf0b3a0f3f337b57.jpg,trash container,1193.0,Q3,eu,rs,Serbia,clip,"[""trash can"", ""garbage can"", ""garbage bin"", ""waste bin"", ""dustbin"", ""dumpster""]",classification,trash container,trash container,0.9775915145874025,1.0,,True
5d4bdf79cf0b3a0f3f337b57,5d4bdf79cf0b3a0f3f337b57.jpg,trash container,1193.0,Q3,eu,rs,Serbia,qwen,"[""trash can"", ""garbage can"", ""garbage bin"", ""waste bin"", ""dustbin"", ""dumpster""]",captioning,The main household object is a trash can filled with various food waste and plastic bags.,,,,,True
5d4bdf79cf0b3a0f3f337b57,5d4bdf79cf0b3a0f3f337b57.jpg,trash container,1193.0,Q3,eu,rs,Serbia,qwen,"[""trash can"", ""garbage can"", ""garbage bin"", ""waste bin"", ""dustbin"", ""dumpster""]",classification,trash container,trash container,,,,True
5d4bdf81cf0b3a0f3f337c37,5d4bdf81cf0b3a0f3f337c37.jpg,footwear,2379.0,Q4,eu,ro,Romania,blip_baseline,"[""shoe"", ""shoes"", ""sandal"", ""sandals"", ""slipper"", ""slippers"", ""sneaker"", ""sneakers"", ""boot"", ""boots"", ""footwear""]",captioning,a pair of shoes on a rug,,,,,True
5d4bdf81cf0b3a0f3f337c37,5d4bdf81cf0b3a0f3f337c37.jpg,footwear,2379.0,Q4,eu,ro,Romania,blip_prompted,"[""shoe"", ""shoes"", ""sandal"", ""sandals"", ""slipper"", ""slippers"", ""sneaker"", ""sneakers"", ""boot"", ""boots"", ""footwear""]",captioning,the main household object in this image is a pair of shoes,,,,,True
5d4bdf81cf0b3a0f3f337c37,5d4bdf81cf0b3a0f3f337c37.jpg,footwear,2379.0,Q4,eu,ro,Romania,clip,"[""shoe"", ""shoes"", ""sandal"", ""sandals"", ""slipper"", ""slippers"", ""sneaker"", ""sneakers"", ""boot"", ""boots"", ""footwear""]",classification,footwear,footwear,0.9998074173927308,1.0,,True
5d4bdf81cf0b3a0f3f337c37,5d4bdf81cf0b3a0f3f337c37.jpg,footwear,2379.0,Q4,eu,ro,Romania,qwen,"[""shoe"", ""shoes"", ""sandal"", ""sandals"", ""slipper"", ""slippers"", ""sneaker"", ""sneakers"", ""boot"", ""boots"", ""footwear""]",captioning,The main household object in the image is a pair of black sneakers with neon green laces placed on a colorful striped rug.,,,,,True
5d4bdf81cf0b3a0f3f337c37,5d4bdf81cf0b3a0f3f337c37.jpg,footwear,2379.0,Q4,eu,ro,Romania,qwen,"[""shoe"", ""shoes"", ""sandal"", ""sandals"", ""slipper"", ""slippers"", ""sneaker"", ""sneakers"", ""boot"", ""boots"", ""footwear""]",classification,footwear,footwear,,,,True
5d4bdf9ecf0b3a0f3f337f0b,5d4bdf9ecf0b3a0f3f337f0b.JPG,footwear,2602.0,Q4,eu,ch,Switzerland,blip_baseline,"[""shoe"", ""shoes"", ""sandal"", ""sandals"", ""slipper"", ""slippers"", ""sneaker"", ""sneakers"", ""boot"", ""boots"", ""footwear""]",captioning,a pair of shoes on the ground,,,,,True
5d4bdf9ecf0b3a0f3f337f0b,5d4bdf9ecf0b3a0f3f337f0b.JPG,footwear,2602.0,Q4,eu,ch,Switzerland,blip_prompted,"[""shoe"", ""shoes"", ""sandal"", ""sandals"", ""slipper"", ""slippers"", ""sneaker"", ""sneakers"", ""boot"", ""boots"", ""footwear""]",captioning,the main household object in this image is a pair of shoes,,,,,True
5d4bdf9ecf0b3a0f3f337f0b,5d4bdf9ecf0b3a0f3f337f0b.JPG,footwear,2602.0,Q4,eu,ch,Switzerland,clip,"[""shoe"", ""shoes"", ""sandal"", ""sandals"", ""slipper"", ""slippers"", ""sneaker"", ""sneakers"", ""boot"", ""boots"", ""footwear""]",classification,footwear,footwear,0.9999533891677856,1.0,,True
5d4bdf9ecf0b3a0f3f337f0b,5d4bdf9ecf0b3a0f3f337f0b.JPG,footwear,2602.0,Q4,eu,ch,Switzerland,qwen,"[""shoe"", ""shoes"", ""sandal"", ""sandals"", ""slipper"", ""slippers"", ""sneaker"", ""sneakers"", ""boot"", ""boots"", ""footwear""]",captioning,The main household object in the image is a pair of black sneakers with red laces and red heel cups.,,,,,True
5d4bdf9ecf0b3a0f3f337f0b,5d4bdf9ecf0b3a0f3f337f0b.JPG,footwear,2602.0,Q4,eu,ch,Switzerland,qwen,"[""shoe"", ""shoes"", ""sandal"", ""sandals"", ""slipper"", ""slippers"", ""sneaker"", ""sneakers"", ""boot"", ""boots"", ""footwear""]",classification,footwear,footwear,,,,True
5d4bdfa0cf0b3a0f3f337f53,5d4bdfa0cf0b3a0f3f337f53.jpg,light source,398.0,Q2,am,pe,Peru,blip_baseline,"[""light"", ""lamp"", ""bulb"", ""lantern"", ""candle""]",captioning,a person is standing in a room with a light,,,,,True
5d4bdfa0cf0b3a0f3f337f53,5d4bdfa0cf0b3a0f3f337f53.jpg,light source,398.0,Q2,am,pe,Peru,blip_prompted,"[""light"", ""lamp"", ""bulb"", ""lantern"", ""candle""]",captioning,the main household object in this image is a lamp,,,,,True
5d4bdfa0cf0b3a0f3f337f53,5d4bdfa0cf0b3a0f3f337f53.jpg,light source,398.0,Q2,am,pe,Peru,clip,"[""light"", ""lamp"", ""bulb"", ""lantern"", ""candle""]",classification,light source,light source,0.8919970393180847,1.0,,True
5d4bdfa0cf0b3a0f3f337f53,5d4bdfa0cf0b3a0f3f337f53.jpg,light source,398.0,Q2,am,pe,Peru,qwen,"[""light"", ""lamp"", ""bulb"", ""lantern"", ""candle""]",captioning,The main household object is a fluorescent light fixture on a bed.,,,,,True
5d4bdfa0cf0b3a0f3f337f53,5d4bdfa0cf0b3a0f3f337f53.jpg,light source,398.0,Q2,am,pe,Peru,qwen,"[""light"", ""lamp"", ""bulb"", ""lantern"", ""candle""]",classification,light source,light source,,,,True
5d4bdfb1cf0b3a0f3f33809d,5d4bdfb1cf0b3a0f3f33809d.jpg,light source,1038.0,Q3,eu,nl,Netherlands,blip_baseline,"[""light"", ""lamp"", ""bulb"", ""lantern"", ""candle""]",captioning,a lamp on a table next to a bottle,,,,,True
5d4bdfb1cf0b3a0f3f33809d,5d4bdfb1cf0b3a0f3f33809d.jpg,light source,1038.0,Q3,eu,nl,Netherlands,blip_prompted,"[""light"", ""lamp"", ""bulb"", ""lantern"", ""candle""]",captioning,the main household object in this image is a lamp,,,,,True
5d4bdfb1cf0b3a0f3f33809d,5d4bdfb1cf0b3a0f3f33809d.jpg,light source,1038.0,Q3,eu,nl,Netherlands,clip,"[""light"", ""lamp"", ""bulb"", ""lantern"", ""candle""]",classification,light source,light source,0.7721725106239319,1.0,,True
5d4bdfb1cf0b3a0f3f33809d,5d4bdfb1cf0b3a0f3f33809d.jpg,light source,1038.0,Q3,eu,nl,Netherlands,qwen,"[""light"", ""lamp"", ""bulb"", ""lantern"", ""candle""]",captioning,The main household object in the image is a black table lamp with a ribbed shade.,,,,,True
5d4bdfb1cf0b3a0f3f33809d,5d4bdfb1cf0b3a0f3f33809d.jpg,light source,1038.0,Q3,eu,nl,Netherlands,qwen,"[""light"", ""lamp"", ""bulb"", ""lantern"", ""candle""]",classification,light source,light source,,,,True
5d4bdfc3cf0b3a0f3f33824f,5d4bdfc3cf0b3a0f3f33824f.jpg,footwear,2044.0,Q4,am,co,Colombia,blip_baseline,"[""shoe"", ""shoes"", ""sandal"", ""sandals"", ""slipper"", ""slippers"", ""sneaker"", ""sneakers"", ""boot"", ""boots"", ""footwear""]",captioning,a person wearing blue shoes and jeans,,,,,True
5d4bdfc3cf0b3a0f3f33824f,5d4bdfc3cf0b3a0f3f33824f.jpg,footwear,2044.0,Q4,am,co,Colombia,blip_prompted,"[""shoe"", ""shoes"", ""sandal"", ""sandals"", ""slipper"", ""slippers"", ""sneaker"", ""sneakers"", ""boot"", ""boots"", ""footwear""]",captioning,the main household object in this image is a pair of shoes,,,,,True
5d4bdfc3cf0b3a0f3f33824f,5d4bdfc3cf0b3a0f3f33824f.jpg,footwear,2044.0,Q4,am,co,Colombia,clip,"[""shoe"", ""shoes"", ""sandal"", ""sandals"", ""slipper"", ""slippers"", ""sneaker"", ""sneakers"", ""boot"", ""boots"", ""footwear""]",classification,footwear,footwear,0.9989340901374816,1.0,,True
5d4bdfc3cf0b3a0f3f33824f,5d4bdfc3cf0b3a0f3f33824f.jpg,footwear,2044.0,Q4,am,co,Colombia,qwen,"[""shoe"", ""shoes"", ""sandal"", ""sandals"", ""slipper"", ""slippers"", ""sneaker"", ""sneakers"", ""boot"", ""boots"", ""footwear""]",captioning,The main household object in the image is a pair of blue brogue shoes with lace-up laces and perforated detailing on the toe area.,,,,,True
5d4bdfc3cf0b3a0f3f33824f,5d4bdfc3cf0b3a0f3f33824f.jpg,footwear,2044.0,Q4,am,co,Colombia,qwen,"[""shoe"", ""shoes"", ""sandal"", ""sandals"", ""slipper"", ""slippers"", ""sneaker"", ""sneakers"", ""boot"", ""boots"", ""footwear""]",classification,footwear,footwear,,,,True
5d4bdfefcf0b3a0f3f33871e,5d4bdfefcf0b3a0f3f33871e.jpg,trash container,1308.0,Q3,as,pk,Pakistan,blip_baseline,"[""trash can"", ""garbage can"", ""garbage bin"", ""waste bin"", ""dustbin"", ""dumpster""]",captioning,a white bag with a black handle,,,,,False
5d4bdfefcf0b3a0f3f33871e,5d4bdfefcf0b3a0f3f33871e.jpg,trash container,1308.0,Q3,as,pk,Pakistan,blip_prompted,"[""trash can"", ""garbage can"", ""garbage bin"", ""waste bin"", ""dustbin"", ""dumpster""]",captioning,the main household object in this image is a trash bag,,,,,False
5d4bdfefcf0b3a0f3f33871e,5d4bdfefcf0b3a0f3f33871e.jpg,trash container,1308.0,Q3,as,pk,Pakistan,clip,"[""trash can"", ""garbage can"", ""garbage bin"", ""waste bin"", ""dustbin"", ""dumpster""]",classification,trash container,trash container,0.9887384176254272,1.0,,True
5d4bdfefcf0b3a0f3f33871e,5d4bdfefcf0b3a0f3f33871e.jpg,trash container,1308.0,Q3,as,pk,Pakistan,qwen,"[""trash can"", ""garbage can"", ""garbage bin"", ""waste bin"", ""dustbin"", ""dumpster""]",captioning,The main household object in the image is a white plastic bag with some markings on it.,,,,,False
5d4bdfefcf0b3a0f3f33871e,5d4bdfefcf0b3a0f3f33871e.jpg,trash container,1308.0,Q3,as,pk,Pakistan,qwen,"[""trash can"", ""garbage can"", ""garbage bin"", ""waste bin"", ""dustbin"", ""dumpster""]",classification,trash container,trash container,,,,True
5d4be014cf0b3a0f3f338aa4,5d4be014cf0b3a0f3f338aa4.JPG,switch,3750.0,Q4,af,ng,Nigeria,blip_baseline,"[""switch"", ""light switch"", ""power switch""]",captioning,a white light switch and a white wall,,,,,True
5d4be014cf0b3a0f3f338aa4,5d4be014cf0b3a0f3f338aa4.JPG,switch,3750.0,Q4,af,ng,Nigeria,blip_prompted,"[""switch"", ""light switch"", ""power switch""]",captioning,the main household object in this image is a switch,,,,,True
5d4be014cf0b3a0f3f338aa4,5d4be014cf0b3a0f3f338aa4.JPG,switch,3750.0,Q4,af,ng,Nigeria,clip,"[""switch"", ""light switch"", ""power switch""]",classification,switch,switch,0.9954386353492736,1.0,,True
5d4be014cf0b3a0f3f338aa4,5d4be014cf0b3a0f3f338aa4.JPG,switch,3750.0,Q4,af,ng,Nigeria,qwen,"[""switch"", ""light switch"", ""power switch""]",captioning,The main household object is a light switch and a water heater control panel on a wall.,,,,,True
5d4be014cf0b3a0f3f338aa4,5d4be014cf0b3a0f3f338aa4.JPG,switch,3750.0,Q4,af,ng,Nigeria,qwen,"[""switch"", ""light switch"", ""power switch""]",classification,switch,switch,,,,True
5d4be02ecf0b3a0f3f338c56,5d4be02ecf0b3a0f3f338c56.JPG,switch,1260.0,Q3,eu,nl,Netherlands,blip_baseline,"[""switch"", ""light switch"", ""power switch""]",captioning,two speakers on a brick wall,,,,,False
5d4be02ecf0b3a0f3f338c56,5d4be02ecf0b3a0f3f338c56.JPG,switch,1260.0,Q3,eu,nl,Netherlands,blip_prompted,"[""switch"", ""light switch"", ""power switch""]",captioning,the main household object in this image is a black and gold double - socket socket,,,,,False
5d4be02ecf0b3a0f3f338c56,5d4be02ecf0b3a0f3f338c56.JPG,switch,1260.0,Q3,eu,nl,Netherlands,clip,"[""switch"", ""light switch"", ""power switch""]",classification,switch,switch,0.6022976040840149,1.0,,True
5d4be02ecf0b3a0f3f338c56,5d4be02ecf0b3a0f3f338c56.JPG,switch,1260.0,Q3,eu,nl,Netherlands,qwen,"[""switch"", ""light switch"", ""power switch""]",captioning,The main household object in this image is a wall socket with two black circular buttons.,,,,,False
5d4be02ecf0b3a0f3f338c56,5d4be02ecf0b3a0f3f338c56.JPG,switch,1260.0,Q3,eu,nl,Netherlands,qwen,"[""switch"", ""light switch"", ""power switch""]",classification,switch,switch,,,,True
5d4be02fcf0b3a0f3f338c7c,5d4be02fcf0b3a0f3f338c7c.JPG,roof,1260.0,Q3,eu,nl,Netherlands,blip_baseline,"[""roof"", ""roofing"", ""ceiling""]",captioning,a white wall with a light on it,,,,,False
5d4be02fcf0b3a0f3f338c7c,5d4be02fcf0b3a0f3f338c7c.JPG,roof,1260.0,Q3,eu,nl,Netherlands,blip_prompted,"[""roof"", ""roofing"", ""ceiling""]",captioning,the main household object in this image is a white wall,,,,,False
5d4be02fcf0b3a0f3f338c7c,5d4be02fcf0b3a0f3f338c7c.JPG,roof,1260.0,Q3,eu,nl,Netherlands,clip,"[""roof"", ""roofing"", ""ceiling""]",classification,roof,roof,0.4954084753990173,1.0,,True
5d4be02fcf0b3a0f3f338c7c,5d4be02fcf0b3a0f3f338c7c.JPG,roof,1260.0,Q3,eu,nl,Netherlands,qwen,"[""roof"", ""roofing"", ""ceiling""]",captioning,The main household object is a wall with a textured surface.,,,,,False
5d4be02fcf0b3a0f3f338c7c,5d4be02fcf0b3a0f3f338c7c.JPG,roof,1260.0,Q3,eu,nl,Netherlands,qwen,"[""roof"", ""roofing"", ""ceiling""]",classification,light source,light source,,,,False
5d4be034cf0b3a0f3f338d08,5d4be034cf0b3a0f3f338d08.JPG,switch,1816.0,Q3,eu,nl,Netherlands,blip_baseline,"[""switch"", ""light switch"", ""power switch""]",captioning,a white light switch on a wall,,,,,True
5d4be034cf0b3a0f3f338d08,5d4be034cf0b3a0f3f338d08.JPG,switch,1816.0,Q3,eu,nl,Netherlands,blip_prompted,"[""switch"", ""light switch"", ""power switch""]",captioning,the main household object in this image is a white wall switch,,,,,True
5d4be034cf0b3a0f3f338d08,5d4be034cf0b3a0f3f338d08.JPG,switch,1816.0,Q3,eu,nl,Netherlands,clip,"[""switch"", ""light switch"", ""power switch""]",classification,switch,switch,0.9939697980880736,1.0,,True
5d4be034cf0b3a0f3f338d08,5d4be034cf0b3a0f3f338d08.JPG,switch,1816.0,Q3,eu,nl,Netherlands,qwen,"[""switch"", ""light switch"", ""power switch""]",captioning,The main household object in the image is a white light switch with two circular buttons on a textured wall.,,,,,True
5d4be034cf0b3a0f3f338d08,5d4be034cf0b3a0f3f338d08.JPG,switch,1816.0,Q3,eu,nl,Netherlands,qwen,"[""switch"", ""light switch"", ""power switch""]",classification,switch,switch,,,,True
5d4be03ccf0b3a0f3f338dde,5d4be03ccf0b3a0f3f338dde.JPG,light source,1643.0,Q3,af,ng,Nigeria,blip_baseline,"[""light"", ""lamp"", ""bulb"", ""lantern"", ""candle""]",captioning,a chandel with three lights on a ceiling,,,,,False
5d4be03ccf0b3a0f3f338dde,5d4be03ccf0b3a0f3f338dde.JPG,light source,1643.0,Q3,af,ng,Nigeria,blip_prompted,"[""light"", ""lamp"", ""bulb"", ""lantern"", ""candle""]",captioning,the main household object in this image is a chandel,,,,,False
5d4be03ccf0b3a0f3f338dde,5d4be03ccf0b3a0f3f338dde.JPG,light source,1643.0,Q3,af,ng,Nigeria,clip,"[""light"", ""lamp"", ""bulb"", ""lantern"", ""candle""]",classification,light source,light source,0.9956846237182616,1.0,,True
5d4be03ccf0b3a0f3f338dde,5d4be03ccf0b3a0f3f338dde.JPG,light source,1643.0,Q3,af,ng,Nigeria,qwen,"[""light"", ""lamp"", ""bulb"", ""lantern"", ""candle""]",captioning,The main household object in the image is a chandelier with four glass shades and a central metal rod.,,,,,False
5d4be03ccf0b3a0f3f338dde,5d4be03ccf0b3a0f3f338dde.JPG,light source,1643.0,Q3,af,ng,Nigeria,qwen,"[""light"", ""lamp"", ""bulb"", ""lantern"", ""candle""]",classification,light source,light source,,,,True
5d4be048cf0b3a0f3f338f18,5d4be048cf0b3a0f3f338f18.jpg,stove,4559.0,Q4,am,us,United States,blip_baseline,"[""stove"", ""oven"", ""cooker"", ""cooktop"", ""hob""]",captioning,a white stove with a kettle on top,,,,,True
5d4be048cf0b3a0f3f338f18,5d4be048cf0b3a0f3f338f18.jpg,stove,4559.0,Q4,am,us,United States,blip_prompted,"[""stove"", ""oven"", ""cooker"", ""cooktop"", ""hob""]",captioning,the main household object in this image is a kettle and a kettle on the stove,,,,,True
5d4be048cf0b3a0f3f338f18,5d4be048cf0b3a0f3f338f18.jpg,stove,4559.0,Q4,am,us,United States,clip,"[""stove"", ""oven"", ""cooker"", ""cooktop"", ""hob""]",classification,stove,stove,0.9871050119400024,1.0,,True
5d4be048cf0b3a0f3f338f18,5d4be048cf0b3a0f3f338f18.jpg,stove,4559.0,Q4,am,us,United States,qwen,"[""stove"", ""oven"", ""cooker"", ""cooktop"", ""hob""]",captioning,The main household object is a white gas stove with four burners and an oven below.,,,,,True
5d4be048cf0b3a0f3f338f18,5d4be048cf0b3a0f3f338f18.jpg,stove,4559.0,Q4,am,us,United States,qwen,"[""stove"", ""oven"", ""cooker"", ""cooktop"", ""hob""]",classification,stove,stove,,,,True
5d4be092cf0b3a0f3f3397a5,5d4be092cf0b3a0f3f3397a5.JPG,footwear,1728.0,Q3,eu,nl,Netherlands,blip_baseline,"[""shoe"", ""shoes"", ""sandal"", ""sandals"", ""slipper"", ""slippers"", ""sneaker"", ""sneakers"", ""boot"", ""boots"", ""footwear""]",captioning,a pair of white sneakers on a wooden floor,,,,,True
5d4be092cf0b3a0f3f3397a5,5d4be092cf0b3a0f3f3397a5.JPG,footwear,1728.0,Q3,eu,nl,Netherlands,blip_prompted,"[""shoe"", ""shoes"", ""sandal"", ""sandals"", ""slipper"", ""slippers"", ""sneaker"", ""sneakers"", ""boot"", ""boots"", ""footwear""]",captioning,the main household object in this image is a pair of adidas ' s shoes,,,,,True
5d4be092cf0b3a0f3f3397a5,5d4be092cf0b3a0f3f3397a5.JPG,footwear,1728.0,Q3,eu,nl,Netherlands,clip,"[""shoe"", ""shoes"", ""sandal"", ""sandals"", ""slipper"", ""slippers"", ""sneaker"", ""sneakers"", ""boot"", ""boots"", ""footwear""]",classification,footwear,footwear,0.9996310472488404,1.0,,True
5d4be092cf0b3a0f3f3397a5,5d4be092cf0b3a0f3f3397a5.JPG,footwear,1728.0,Q3,eu,nl,Netherlands,qwen,"[""shoe"", ""shoes"", ""sandal"", ""sandals"", ""slipper"", ""slippers"", ""sneaker"", ""sneakers"", ""boot"", ""boots"", ""footwear""]",captioning,The main household object in the image is a pair of white Adidas Superstar sneakers with gray stripes on a wooden floor.,,,,,True
5d4be092cf0b3a0f3f3397a5,5d4be092cf0b3a0f3f3397a5.JPG,footwear,1728.0,Q3,eu,nl,Netherlands,qwen,"[""shoe"", ""shoes"", ""sandal"", ""sandals"", ""slipper"", ""slippers"", ""sneaker"", ""sneakers"", ""boot"", ""boots"", ""footwear""]",classification,footwear,footwear,,,,True
5d4be09bcf0b3a0f3f3398ab,5d4be09bcf0b3a0f3f3398ab.JPG,roof,1034.0,Q3,am,br,Brazil,blip_baseline,"[""roof"", ""roofing"", ""ceiling""]",captioning,a light that is on the ceiling in a room,,,,,True
5d4be09bcf0b3a0f3f3398ab,5d4be09bcf0b3a0f3f3398ab.JPG,roof,1034.0,Q3,am,br,Brazil,blip_prompted,"[""roof"", ""roofing"", ""ceiling""]",captioning,the main household object in this image is a light,,,,,False
5d4be09bcf0b3a0f3f3398ab,5d4be09bcf0b3a0f3f3398ab.JPG,roof,1034.0,Q3,am,br,Brazil,clip,"[""roof"", ""roofing"", ""ceiling""]",classification,roof,roof,0.625566303730011,1.0,,True
5d4be09bcf0b3a0f3f3398ab,5d4be09bcf0b3a0f3f3398ab.JPG,roof,1034.0,Q3,am,br,Brazil,qwen,"[""roof"", ""roofing"", ""ceiling""]",captioning,The main household object is a ceiling light fixture with a white bulb.,,,,,True
5d4be09bcf0b3a0f3f3398ab,5d4be09bcf0b3a0f3f3398ab.JPG,roof,1034.0,Q3,am,br,Brazil,qwen,"[""roof"", ""roofing"", ""ceiling""]",classification,light source,light source,,,,False
5d4be09ccf0b3a0f3f3398bb,5d4be09ccf0b3a0f3f3398bb.JPG,footwear,1034.0,Q3,am,br,Brazil,blip_baseline,"[""shoe"", ""shoes"", ""sandal"", ""sandals"", ""slipper"", ""slippers"", ""sneaker"", ""sneakers"", ""boot"", ""boots"", ""footwear""]",captioning,a pair of black flip flops on a towel,,,,,False
5d4be09ccf0b3a0f3f3398bb,5d4be09ccf0b3a0f3f3398bb.JPG,footwear,1034.0,Q3,am,br,Brazil,blip_prompted,"[""shoe"", ""shoes"", ""sandal"", ""sandals"", ""slipper"", ""slippers"", ""sneaker"", ""sneakers"", ""boot"", ""boots"", ""footwear""]",captioning,the main household object in this image is a pair of flip flops,,,,,False
5d4be09ccf0b3a0f3f3398bb,5d4be09ccf0b3a0f3f3398bb.JPG,footwear,1034.0,Q3,am,br,Brazil,clip,"[""shoe"", ""shoes"", ""sandal"", ""sandals"", ""slipper"", ""slippers"", ""sneaker"", ""sneakers"", ""boot"", ""boots"", ""footwear""]",classification,footwear,footwear,0.9999912977218628,1.0,,True
5d4be09ccf0b3a0f3f3398bb,5d4be09ccf0b3a0f3f3398bb.JPG,footwear,1034.0,Q3,am,br,Brazil,qwen,"[""shoe"", ""shoes"", ""sandal"", ""sandals"", ""slipper"", ""slippers"", ""sneaker"", ""sneakers"", ""boot"", ""boots"", ""footwear""]",captioning,The main household object in the image is a pair of black flip-flops placed on a green and white patterned rug.,,,,,False
5d4be09ccf0b3a0f3f3398bb,5d4be09ccf0b3a0f3f3398bb.JPG,footwear,1034.0,Q3,am,br,Brazil,qwen,"[""shoe"", ""shoes"", ""sandal"", ""sandals"", ""slipper"", ""slippers"", ""sneaker"", ""sneakers"", ""boot"", ""boots"", ""footwear""]",classification,footwear,footwear,,,,True
5d4be0abcf0b3a0f3f339a79,5d4be0abcf0b3a0f3f339a79.jpg,roof,5621.0,Q4,as,in,India,blip_baseline,"[""roof"", ""roofing"", ""ceiling""]",captioning,a ceiling fan in a room with a yellow wall,,,,,True
5d4be0abcf0b3a0f3f339a79,5d4be0abcf0b3a0f3f339a79.jpg,roof,5621.0,Q4,as,in,India,blip_prompted,"[""roof"", ""roofing"", ""ceiling""]",captioning,the main household object in this image is a ceiling fan,,,,,True
5d4be0abcf0b3a0f3f339a79,5d4be0abcf0b3a0f3f339a79.jpg,roof,5621.0,Q4,as,in,India,clip,"[""roof"", ""roofing"", ""ceiling""]",classification,roof,roof,0.5765995383262634,1.0,,True
5d4be0abcf0b3a0f3f339a79,5d4be0abcf0b3a0f3f339a79.jpg,roof,5621.0,Q4,as,in,India,qwen,"[""roof"", ""roofing"", ""ceiling""]",captioning,The main household object is a white ceiling fan with three blades.,,,,,True
5d4be0abcf0b3a0f3f339a79,5d4be0abcf0b3a0f3f339a79.jpg,roof,5621.0,Q4,as,in,India,qwen,"[""roof"", ""roofing"", ""ceiling""]",classification,light source,light source,,,,False
5d4be0b0cf0b3a0f3f339b0b,5d4be0b0cf0b3a0f3f339b0b.jpg,light source,1742.0,Q3,as,in,India,blip_baseline,"[""light"", ""lamp"", ""bulb"", ""lantern"", ""candle""]",captioning,a room with a refrigerator and a sink,,,,,False
5d4be0b0cf0b3a0f3f339b0b,5d4be0b0cf0b3a0f3f339b0b.jpg,light source,1742.0,Q3,as,in,India,blip_prompted,"[""light"", ""lamp"", ""bulb"", ""lantern"", ""candle""]",captioning,the main household object in this image is a refrigerator,,,,,False
5d4be0b0cf0b3a0f3f339b0b,5d4be0b0cf0b3a0f3f339b0b.jpg,light source,1742.0,Q3,as,in,India,clip,"[""light"", ""lamp"", ""bulb"", ""lantern"", ""candle""]",classification,light source,light source,0.7133727073669434,1.0,,True
5d4be0b0cf0b3a0f3f339b0b,5d4be0b0cf0b3a0f3f339b0b.jpg,light source,1742.0,Q3,as,in,India,qwen,"[""light"", ""lamp"", ""bulb"", ""lantern"", ""candle""]",captioning,The main household object is a brown refrigerator with a door handle and a light switch on the side.,,,,,True
5d4be0b0cf0b3a0f3f339b0b,5d4be0b0cf0b3a0f3f339b0b.jpg,light source,1742.0,Q3,as,in,India,qwen,"[""light"", ""lamp"", ""bulb"", ""lantern"", ""candle""]",classification,stove,stove,,,,False
5d4be0becf0b3a0f3f339caf,5d4be0becf0b3a0f3f339caf.jpg,trash container,2340.0,Q4,as,in,India,blip_baseline,"[""trash can"", ""garbage can"", ""garbage bin"", ""waste bin"", ""dustbin"", ""dumpster""]",captioning,a trash can be seen in the picture,,,,,True
5d4be0becf0b3a0f3f339caf,5d4be0becf0b3a0f3f339caf.jpg,trash container,2340.0,Q4,as,in,India,blip_prompted,"[""trash can"", ""garbage can"", ""garbage bin"", ""waste bin"", ""dustbin"", ""dumpster""]",captioning,the main household object in this image is a trash bin,,,,,False
5d4be0becf0b3a0f3f339caf,5d4be0becf0b3a0f3f339caf.jpg,trash container,2340.0,Q4,as,in,India,clip,"[""trash can"", ""garbage can"", ""garbage bin"", ""waste bin"", ""dustbin"", ""dumpster""]",classification,trash container,trash container,0.9954144954681396,1.0,,True
5d4be0becf0b3a0f3f339caf,5d4be0becf0b3a0f3f339caf.jpg,trash container,2340.0,Q4,as,in,India,qwen,"[""trash can"", ""garbage can"", ""garbage bin"", ""waste bin"", ""dustbin"", ""dumpster""]",captioning,The main household object in the image is an open trash can with a black plastic bag inside containing various items.,,,,,True
5d4be0becf0b3a0f3f339caf,5d4be0becf0b3a0f3f339caf.jpg,trash container,2340.0,Q4,as,in,India,qwen,"[""trash can"", ""garbage can"", ""garbage bin"", ""waste bin"", ""dustbin"", ""dumpster""]",classification,trash container,trash container,,,,True
5d4be0dccf0b3a0f3f33a033,5d4be0dccf0b3a0f3f33a033.JPG,footwear,2370.0,Q4,eu,nl,Netherlands,blip_baseline,"[""shoe"", ""shoes"", ""sandal"", ""sandals"", ""slipper"", ""slippers"", ""sneaker"", ""sneakers"", ""boot"", ""boots"", ""footwear""]",captioning,a man standing on a kitchen floor next to a pair of shoes,,,,,True
5d4be0dccf0b3a0f3f33a033,5d4be0dccf0b3a0f3f33a033.JPG,footwear,2370.0,Q4,eu,nl,Netherlands,blip_prompted,"[""shoe"", ""shoes"", ""sandal"", ""sandals"", ""slipper"", ""slippers"", ""sneaker"", ""sneakers"", ""boot"", ""boots"", ""footwear""]",captioning,the main household object in this image is a pair of shoes,,,,,True
5d4be0dccf0b3a0f3f33a033,5d4be0dccf0b3a0f3f33a033.JPG,footwear,2370.0,Q4,eu,nl,Netherlands,clip,"[""shoe"", ""shoes"", ""sandal"", ""sandals"", ""slipper"", ""slippers"", ""sneaker"", ""sneakers"", ""boot"", ""boots"", ""footwear""]",classification,footwear,footwear,0.9982221722602844,1.0,,True
5d4be0dccf0b3a0f3f33a033,5d4be0dccf0b3a0f3f33a033.JPG,footwear,2370.0,Q4,eu,nl,Netherlands,qwen,"[""shoe"", ""shoes"", ""sandal"", ""sandals"", ""slipper"", ""slippers"", ""sneaker"", ""sneakers"", ""boot"", ""boots"", ""footwear""]",captioning,The main household object is a pair of brown dress shoes on a gray tiled floor.,,,,,True
5d4be0dccf0b3a0f3f33a033,5d4be0dccf0b3a0f3f33a033.JPG,footwear,2370.0,Q4,eu,nl,Netherlands,qwen,"[""shoe"", ""shoes"", ""sandal"", ""sandals"", ""slipper"", ""slippers"", ""sneaker"", ""sneakers"", ""boot"", ""boots"", ""footwear""]",classification,footwear,footwear,,,,True
5d4be0ddcf0b3a0f3f33a03d,5d4be0ddcf0b3a0f3f33a03d.JPG,stove,2370.0,Q4,eu,nl,Netherlands,blip_baseline,"[""stove"", ""oven"", ""cooker"", ""cooktop"", ""hob""]",captioning,a stove with a pot on top of it,,,,,True
5d4be0ddcf0b3a0f3f33a03d,5d4be0ddcf0b3a0f3f33a03d.JPG,stove,2370.0,Q4,eu,nl,Netherlands,blip_prompted,"[""stove"", ""oven"", ""cooker"", ""cooktop"", ""hob""]",captioning,the main household object in this image is a stove,,,,,True
5d4be0ddcf0b3a0f3f33a03d,5d4be0ddcf0b3a0f3f33a03d.JPG,stove,2370.0,Q4,eu,nl,Netherlands,clip,"[""stove"", ""oven"", ""cooker"", ""cooktop"", ""hob""]",classification,stove,stove,0.8772523403167725,1.0,,True
5d4be0ddcf0b3a0f3f33a03d,5d4be0ddcf0b3a0f3f33a03d.JPG,stove,2370.0,Q4,eu,nl,Netherlands,qwen,"[""stove"", ""oven"", ""cooker"", ""cooktop"", ""hob""]",captioning,The main household object in this image is an electric cooktop with a stainless steel pot on it.,,,,,True
5d4be0ddcf0b3a0f3f33a03d,5d4be0ddcf0b3a0f3f33a03d.JPG,stove,2370.0,Q4,eu,nl,Netherlands,qwen,"[""stove"", ""oven"", ""cooker"", ""cooktop"", ""hob""]",classification,stove,stove,,,,True
5d4be0e9cf0b3a0f3f33a1a1,5d4be0e9cf0b3a0f3f33a1a1.jpg,footwear,4732.0,Q4,as,in,India,blip_baseline,"[""shoe"", ""shoes"", ""sandal"", ""sandals"", ""slipper"", ""slippers"", ""sneaker"", ""sneakers"", ""boot"", ""boots"", ""footwear""]",captioning,a group of shoes sitting on the floor,,,,,True
5d4be0e9cf0b3a0f3f33a1a1,5d4be0e9cf0b3a0f3f33a1a1.jpg,footwear,4732.0,Q4,as,in,India,blip_prompted,"[""shoe"", ""shoes"", ""sandal"", ""sandals"", ""slipper"", ""slippers"", ""sneaker"", ""sneakers"", ""boot"", ""boots"", ""footwear""]",captioning,the main household object in this image is the sandals,,,,,True
5d4be0e9cf0b3a0f3f33a1a1,5d4be0e9cf0b3a0f3f33a1a1.jpg,footwear,4732.0,Q4,as,in,India,clip,"[""shoe"", ""shoes"", ""sandal"", ""sandals"", ""slipper"", ""slippers"", ""sneaker"", ""sneakers"", ""boot"", ""boots"", ""footwear""]",classification,footwear,footwear,0.999986171722412,1.0,,True
5d4be0e9cf0b3a0f3f33a1a1,5d4be0e9cf0b3a0f3f33a1a1.jpg,footwear,4732.0,Q4,as,in,India,qwen,"[""shoe"", ""shoes"", ""sandal"", ""sandals"", ""slipper"", ""slippers"", ""sneaker"", ""sneakers"", ""boot"", ""boots"", ""footwear""]",captioning,The main household object in this image is a pair of blue flip-flops with black straps.,,,,,False
5d4be0e9cf0b3a0f3f33a1a1,5d4be0e9cf0b3a0f3f33a1a1.jpg,footwear,4732.0,Q4,as,in,India,qwen,"[""shoe"", ""shoes"", ""sandal"", ""sandals"", ""slipper"", ""slippers"", ""sneaker"", ""sneakers"", ""boot"", ""boots"", ""footwear""]",classification,footwear,footwear,,,,True
5d4be0fecf0b3a0f3f33a415,5d4be0fecf0b3a0f3f33a415.jpeg,stove,1295.0,Q3,as,in,India,blip_baseline,"[""stove"", ""oven"", ""cooker"", ""cooktop"", ""hob""]",captioning,a stove with three pots on top of it,,,,,True
5d4be0fecf0b3a0f3f33a415,5d4be0fecf0b3a0f3f33a415.jpeg,stove,1295.0,Q3,as,in,India,blip_prompted,"[""stove"", ""oven"", ""cooker"", ""cooktop"", ""hob""]",captioning,the main household object in this image is the gas stove,,,,,True
5d4be0fecf0b3a0f3f33a415,5d4be0fecf0b3a0f3f33a415.jpeg,stove,1295.0,Q3,as,in,India,clip,"[""stove"", ""oven"", ""cooker"", ""cooktop"", ""hob""]",classification,stove,stove,0.9779200553894044,1.0,,True
5d4be0fecf0b3a0f3f33a415,5d4be0fecf0b3a0f3f33a415.jpeg,stove,1295.0,Q3,as,in,India,qwen,"[""stove"", ""oven"", ""cooker"", ""cooktop"", ""hob""]",captioning,The main household object in this image is a gas stove with three burners and control knobs.,,,,,True
5d4be0fecf0b3a0f3f33a415,5d4be0fecf0b3a0f3f33a415.jpeg,stove,1295.0,Q3,as,in,India,qwen,"[""stove"", ""oven"", ""cooker"", ""cooktop"", ""hob""]",classification,stove,stove,,,,True
5d4be103cf0b3a0f3f33a4af,5d4be103cf0b3a0f3f33a4af.jpg,roof,1295.0,Q3,as,in,India,blip_baseline,"[""roof"", ""roofing"", ""ceiling""]",captioning,a ceiling with a clock on it,,,,,True
5d4be103cf0b3a0f3f33a4af,5d4be103cf0b3a0f3f33a4af.jpg,roof,1295.0,Q3,as,in,India,blip_prompted,"[""roof"", ""roofing"", ""ceiling""]",captioning,the main household object in this image is a dont,,,,,False
5d4be103cf0b3a0f3f33a4af,5d4be103cf0b3a0f3f33a4af.jpg,roof,1295.0,Q3,as,in,India,clip,"[""roof"", ""roofing"", ""ceiling""]",classification,light source,light source,0.5314828753471375,2.0,,False
5d4be103cf0b3a0f3f33a4af,5d4be103cf0b3a0f3f33a4af.jpg,roof,1295.0,Q3,as,in,India,qwen,"[""roof"", ""roofing"", ""ceiling""]",captioning,The main household object in the image is a ceiling fan with three light bulbs and four blades.,,,,,True
5d4be103cf0b3a0f3f33a4af,5d4be103cf0b3a0f3f33a4af.jpg,roof,1295.0,Q3,as,in,India,qwen,"[""roof"", ""roofing"", ""ceiling""]",classification,light source,light source,,,,False
5d4be106cf0b3a0f3f33a4fb,5d4be106cf0b3a0f3f33a4fb.JPG,stove,3611.0,Q4,as,in,India,blip_baseline,"[""stove"", ""oven"", ""cooker"", ""cooktop"", ""hob""]",captioning,a stove with blue flames on it,,,,,True
5d4be106cf0b3a0f3f33a4fb,5d4be106cf0b3a0f3f33a4fb.JPG,stove,3611.0,Q4,as,in,India,blip_prompted,"[""stove"", ""oven"", ""cooker"", ""cooktop"", ""hob""]",captioning,the main household object in this image is a gas stove,,,,,True
5d4be106cf0b3a0f3f33a4fb,5d4be106cf0b3a0f3f33a4fb.JPG,stove,3611.0,Q4,as,in,India,clip,"[""stove"", ""oven"", ""cooker"", ""cooktop"", ""hob""]",classification,stove,stove,0.9774503707885742,1.0,,True
5d4be106cf0b3a0f3f33a4fb,5d4be106cf0b3a0f3f33a4fb.JPG,stove,3611.0,Q4,as,in,India,qwen,"[""stove"", ""oven"", ""cooker"", ""cooktop"", ""hob""]",captioning,The main household object in the image is a gas stove with blue flames.,,,,,True
5d4be106cf0b3a0f3f33a4fb,5d4be106cf0b3a0f3f33a4fb.JPG,stove,3611.0,Q4,as,in,India,qwen,"[""stove"", ""oven"", ""cooker"", ""cooktop"", ""hob""]",classification,stove,stove,,,,True
5d4be118cf0b3a0f3f33a717,5d4be118cf0b3a0f3f33a717.jpeg,light source,3477.0,Q4,as,in,India,blip_baseline,"[""light"", ""lamp"", ""bulb"", ""lantern"", ""candle""]",captioning,a black light on a table,,,,,True
5d4be118cf0b3a0f3f33a717,5d4be118cf0b3a0f3f33a717.jpeg,light source,3477.0,Q4,as,in,India,blip_prompted,"[""light"", ""lamp"", ""bulb"", ""lantern"", ""candle""]",captioning,the main household object in this image is a lantern,,,,,True
5d4be118cf0b3a0f3f33a717,5d4be118cf0b3a0f3f33a717.jpeg,light source,3477.0,Q4,as,in,India,clip,"[""light"", ""lamp"", ""bulb"", ""lantern"", ""candle""]",classification,light source,light source,0.99878591299057,1.0,,True
5d4be118cf0b3a0f3f33a717,5d4be118cf0b3a0f3f33a717.jpeg,light source,3477.0,Q4,as,in,India,qwen,"[""light"", ""lamp"", ""bulb"", ""lantern"", ""candle""]",captioning,The main household object in the image is a portable camping lantern with a bright light source.,,,,,True
5d4be118cf0b3a0f3f33a717,5d4be118cf0b3a0f3f33a717.jpeg,light source,3477.0,Q4,as,in,India,qwen,"[""light"", ""lamp"", ""bulb"", ""lantern"", ""candle""]",classification,light source,light source,,,,True
5d4be134cf0b3a0f3f33aa59,5d4be134cf0b3a0f3f33aa59.jpg,trash container,4621.0,Q4,as,in,India,blip_baseline,"[""trash can"", ""garbage can"", ""garbage bin"", ""waste bin"", ""dustbin"", ""dumpster""]",captioning,a metal basket with a piece of fruit inside,,,,,False
5d4be134cf0b3a0f3f33aa59,5d4be134cf0b3a0f3f33aa59.jpg,trash container,4621.0,Q4,as,in,India,blip_prompted,"[""trash can"", ""garbage can"", ""garbage bin"", ""waste bin"", ""dustbin"", ""dumpster""]",captioning,the main household object in this image is a basket of food,,,,,False
5d4be134cf0b3a0f3f33aa59,5d4be134cf0b3a0f3f33aa59.jpg,trash container,4621.0,Q4,as,in,India,clip,"[""trash can"", ""garbage can"", ""garbage bin"", ""waste bin"", ""dustbin"", ""dumpster""]",classification,trash container,trash container,0.9597086310386658,1.0,,True
5d4be134cf0b3a0f3f33aa59,5d4be134cf0b3a0f3f33aa59.jpg,trash container,4621.0,Q4,as,in,India,qwen,"[""trash can"", ""garbage can"", ""garbage bin"", ""waste bin"", ""dustbin"", ""dumpster""]",captioning,The main household object is a metal trash can with perforated sides.,,,,,True
5d4be134cf0b3a0f3f33aa59,5d4be134cf0b3a0f3f33aa59.jpg,trash container,4621.0,Q4,as,in,India,qwen,"[""trash can"", ""garbage can"", ""garbage bin"", ""waste bin"", ""dustbin"", ""dumpster""]",classification,trash container,trash container,,,,True
5d4be136cf0b3a0f3f33aa95,5d4be136cf0b3a0f3f33aa95.jpg,roof,4621.0,Q4,as,in,India,blip_baseline,"[""roof"", ""roofing"", ""ceiling""]",captioning,a ceiling fan and a ceiling fan in a room,,,,,True
5d4be136cf0b3a0f3f33aa95,5d4be136cf0b3a0f3f33aa95.jpg,roof,4621.0,Q4,as,in,India,blip_prompted,"[""roof"", ""roofing"", ""ceiling""]",captioning,the main household object in this image is a ceiling fan,,,,,True
5d4be136cf0b3a0f3f33aa95,5d4be136cf0b3a0f3f33aa95.jpg,roof,4621.0,Q4,as,in,India,clip,"[""roof"", ""roofing"", ""ceiling""]",classification,roof,roof,0.5841954946517944,1.0,,True
5d4be136cf0b3a0f3f33aa95,5d4be136cf0b3a0f3f33aa95.jpg,roof,4621.0,Q4,as,in,India,qwen,"[""roof"", ""roofing"", ""ceiling""]",captioning,There is a ceiling fan on the ceiling.,,,,,True
5d4be136cf0b3a0f3f33aa95,5d4be136cf0b3a0f3f33aa95.jpg,roof,4621.0,Q4,as,in,India,qwen,"[""roof"", ""roofing"", ""ceiling""]",classification,light source,light source,,,,False
5d4be15bcf0b3a0f3f33aee7,5d4be15bcf0b3a0f3f33aee7.JPG,stove,368.0,Q2,am,br,Brazil,blip_baseline,"[""stove"", ""oven"", ""cooker"", ""cooktop"", ""hob""]",captioning,a stove and a stove top in a kitchen,,,,,True
5d4be15bcf0b3a0f3f33aee7,5d4be15bcf0b3a0f3f33aee7.JPG,stove,368.0,Q2,am,br,Brazil,blip_prompted,"[""stove"", ""oven"", ""cooker"", ""cooktop"", ""hob""]",captioning,the main household object in this image is a stove,,,,,True
5d4be15bcf0b3a0f3f33aee7,5d4be15bcf0b3a0f3f33aee7.JPG,stove,368.0,Q2,am,br,Brazil,clip,"[""stove"", ""oven"", ""cooker"", ""cooktop"", ""hob""]",classification,stove,stove,0.9989284873008728,1.0,,True
5d4be15bcf0b3a0f3f33aee7,5d4be15bcf0b3a0f3f33aee7.JPG,stove,368.0,Q2,am,br,Brazil,qwen,"[""stove"", ""oven"", ""cooker"", ""cooktop"", ""hob""]",captioning,The main household object is a small gas stove with an oven below it.,,,,,True
5d4be15bcf0b3a0f3f33aee7,5d4be15bcf0b3a0f3f33aee7.JPG,stove,368.0,Q2,am,br,Brazil,qwen,"[""stove"", ""oven"", ""cooker"", ""cooktop"", ""hob""]",classification,stove,stove,,,,True
5d4be176cf0b3a0f3f33b207,5d4be176cf0b3a0f3f33b207.jpg,stove,456.0,Q2,am,br,Brazil,blip_baseline,"[""stove"", ""oven"", ""cooker"", ""cooktop"", ""hob""]",captioning,a stove with a pot on top of it,,,,,True
5d4be176cf0b3a0f3f33b207,5d4be176cf0b3a0f3f33b207.jpg,stove,456.0,Q2,am,br,Brazil,blip_prompted,"[""stove"", ""oven"", ""cooker"", ""cooktop"", ""hob""]",captioning,the main household object in this image is a stove,,,,,True
5d4be176cf0b3a0f3f33b207,5d4be176cf0b3a0f3f33b207.jpg,stove,456.0,Q2,am,br,Brazil,clip,"[""stove"", ""oven"", ""cooker"", ""cooktop"", ""hob""]",classification,stove,stove,0.9986635446548462,1.0,,True
5d4be176cf0b3a0f3f33b207,5d4be176cf0b3a0f3f33b207.jpg,stove,456.0,Q2,am,br,Brazil,qwen,"[""stove"", ""oven"", ""cooker"", ""cooktop"", ""hob""]",captioning,The main household object is an old-fashioned gas stove with two pots on it.,,,,,True
5d4be176cf0b3a0f3f33b207,5d4be176cf0b3a0f3f33b207.jpg,stove,456.0,Q2,am,br,Brazil,qwen,"[""stove"", ""oven"", ""cooker"", ""cooktop"", ""hob""]",classification,stove,stove,,,,True
5d4be196cf0b3a0f3f33b4c3,5d4be196cf0b3a0f3f33b4c3.jpg,light source,685.0,Q2,am,br,Brazil,blip_baseline,"[""light"", ""lamp"", ""bulb"", ""lantern"", ""candle""]",captioning,a bathroom with a shower head and a shower curtain,,,,,False
5d4be196cf0b3a0f3f33b4c3,5d4be196cf0b3a0f3f33b4c3.jpg,light source,685.0,Q2,am,br,Brazil,blip_prompted,"[""light"", ""lamp"", ""bulb"", ""lantern"", ""candle""]",captioning,the main household object in this image is a shower head,,,,,False
5d4be196cf0b3a0f3f33b4c3,5d4be196cf0b3a0f3f33b4c3.jpg,light source,685.0,Q2,am,br,Brazil,clip,"[""light"", ""lamp"", ""bulb"", ""lantern"", ""candle""]",classification,light source,light source,0.4579094350337982,1.0,,True
5d4be196cf0b3a0f3f33b4c3,5d4be196cf0b3a0f3f33b4c3.jpg,light source,685.0,Q2,am,br,Brazil,qwen,"[""light"", ""lamp"", ""bulb"", ""lantern"", ""candle""]",captioning,The main household object is a light fixture on a ceiling.,,,,,True
5d4be196cf0b3a0f3f33b4c3,5d4be196cf0b3a0f3f33b4c3.jpg,light source,685.0,Q2,am,br,Brazil,qwen,"[""light"", ""lamp"", ""bulb"", ""lantern"", ""candle""]",classification,light source,light source,,,,True
5d4be1bbcf0b3a0f3f33b8c9,5d4be1bbcf0b3a0f3f33b8c9.jpg,stove,3356.0,Q4,am,br,Brazil,blip_baseline,"[""stove"", ""oven"", ""cooker"", ""cooktop"", ""hob""]",captioning,a woman is standing in front of a stove,,,,,True
5d4be1bbcf0b3a0f3f33b8c9,5d4be1bbcf0b3a0f3f33b8c9.jpg,stove,3356.0,Q4,am,br,Brazil,blip_prompted,"[""stove"", ""oven"", ""cooker"", ""cooktop"", ""hob""]",captioning,the main household object in this image is a stove,,,,,True
5d4be1bbcf0b3a0f3f33b8c9,5d4be1bbcf0b3a0f3f33b8c9.jpg,stove,3356.0,Q4,am,br,Brazil,clip,"[""stove"", ""oven"", ""cooker"", ""cooktop"", ""hob""]",classification,stove,stove,0.944667637348175,1.0,,True
5d4be1bbcf0b3a0f3f33b8c9,5d4be1bbcf0b3a0f3f33b8c9.jpg,stove,3356.0,Q4,am,br,Brazil,qwen,"[""stove"", ""oven"", ""cooker"", ""cooktop"", ""hob""]",captioning,The main household object is an Electrolux oven with a glass door and metal racks inside.,,,,,True
5d4be1bbcf0b3a0f3f33b8c9,5d4be1bbcf0b3a0f3f33b8c9.jpg,stove,3356.0,Q4,am,br,Brazil,qwen,"[""stove"", ""oven"", ""cooker"", ""cooktop"", ""hob""]",classification,stove,stove,,,,True
5d4be1c8cf0b3a0f3f33b9cf,5d4be1c8cf0b3a0f3f33b9cf.JPG,trash container,82.0,Q1,af,ke,Kenya,blip_baseline,"[""trash can"", ""garbage can"", ""garbage bin"", ""waste bin"", ""dustbin"", ""dumpster""]",captioning,a pile of trash sitting in the grass,,,,,False
5d4be1c8cf0b3a0f3f33b9cf,5d4be1c8cf0b3a0f3f33b9cf.JPG,trash container,82.0,Q1,af,ke,Kenya,blip_prompted,"[""trash can"", ""garbage can"", ""garbage bin"", ""waste bin"", ""dustbin"", ""dumpster""]",captioning,the main household object in this image is a pile of garbage,,,,,False
5d4be1c8cf0b3a0f3f33b9cf,5d4be1c8cf0b3a0f3f33b9cf.JPG,trash container,82.0,Q1,af,ke,Kenya,clip,"[""trash can"", ""garbage can"", ""garbage bin"", ""waste bin"", ""dustbin"", ""dumpster""]",classification,footwear,footwear,0.7202039361000061,2.0,,False
5d4be1c8cf0b3a0f3f33b9cf,5d4be1c8cf0b3a0f3f33b9cf.JPG,trash container,82.0,Q1,af,ke,Kenya,qwen,"[""trash can"", ""garbage can"", ""garbage bin"", ""waste bin"", ""dustbin"", ""dumpster""]",captioning,"The main household object in the image is a pile of composted organic waste, including leaves, twigs, and possibly some clothing.",,,,,False
5d4be1c8cf0b3a0f3f33b9cf,5d4be1c8cf0b3a0f3f33b9cf.JPG,trash container,82.0,Q1,af,ke,Kenya,qwen,"[""trash can"", ""garbage can"", ""garbage bin"", ""waste bin"", ""dustbin"", ""dumpster""]",classification,trash container,trash container,,,,True
5d4be1cbcf0b3a0f3f33ba21,5d4be1cbcf0b3a0f3f33ba21.JPG,light source,82.0,Q1,af,ke,Kenya,blip_baseline,"[""light"", ""lamp"", ""bulb"", ""lantern"", ""candle""]",captioning,a small red can sitting on a ledge,,,,,False
5d4be1cbcf0b3a0f3f33ba21,5d4be1cbcf0b3a0f3f33ba21.JPG,light source,82.0,Q1,af,ke,Kenya,blip_prompted,"[""light"", ""lamp"", ""bulb"", ""lantern"", ""candle""]",captioning,the main household object in this image is a can of coke,,,,,False
5d4be1cbcf0b3a0f3f33ba21,5d4be1cbcf0b3a0f3f33ba21.JPG,light source,82.0,Q1,af,ke,Kenya,clip,"[""light"", ""lamp"", ""bulb"", ""lantern"", ""candle""]",classification,stove,stove,0.8613048791885376,3.0,,False
5d4be1cbcf0b3a0f3f33ba21,5d4be1cbcf0b3a0f3f33ba21.JPG,light source,82.0,Q1,af,ke,Kenya,qwen,"[""light"", ""lamp"", ""bulb"", ""lantern"", ""candle""]",captioning,"The main household object in the image is a red canister with a black nozzle, likely used for fuel or gas.",,,,,False
5d4be1cbcf0b3a0f3f33ba21,5d4be1cbcf0b3a0f3f33ba21.JPG,light source,82.0,Q1,af,ke,Kenya,qwen,"[""light"", ""lamp"", ""bulb"", ""lantern"", ""candle""]",classification,stove,stove,,,,False
5d4be22ecf0b3a0f3f33c475,5d4be22ecf0b3a0f3f33c475.JPG,stove,1610.0,Q3,af,eg,Egypt,blip_baseline,"[""stove"", ""oven"", ""cooker"", ""cooktop"", ""hob""]",captioning,a stove with a blue kettle on top of it,,,,,True
5d4be22ecf0b3a0f3f33c475,5d4be22ecf0b3a0f3f33c475.JPG,stove,1610.0,Q3,af,eg,Egypt,blip_prompted,"[""stove"", ""oven"", ""cooker"", ""cooktop"", ""hob""]",captioning,the main household object in this image is a stove,,,,,True
5d4be22ecf0b3a0f3f33c475,5d4be22ecf0b3a0f3f33c475.JPG,stove,1610.0,Q3,af,eg,Egypt,clip,"[""stove"", ""oven"", ""cooker"", ""cooktop"", ""hob""]",classification,stove,stove,0.9914780259132384,1.0,,True
5d4be22ecf0b3a0f3f33c475,5d4be22ecf0b3a0f3f33c475.JPG,stove,1610.0,Q3,af,eg,Egypt,qwen,"[""stove"", ""oven"", ""cooker"", ""cooktop"", ""hob""]",captioning,The main household object is a gas stove with two burners.,,,,,True
5d4be22ecf0b3a0f3f33c475,5d4be22ecf0b3a0f3f33c475.JPG,stove,1610.0,Q3,af,eg,Egypt,qwen,"[""stove"", ""oven"", ""cooker"", ""cooktop"", ""hob""]",classification,stove,stove,,,,True
5d4be2ffcf0b3a0f3f33d901,5d4be2ffcf0b3a0f3f33d901.jpg,switch,1125.0,Q3,as,in,India,blip_baseline,"[""switch"", ""light switch"", ""power switch""]",captioning,a white light switch,,,,,True
5d4be2ffcf0b3a0f3f33d901,5d4be2ffcf0b3a0f3f33d901.jpg,switch,1125.0,Q3,as,in,India,blip_prompted,"[""switch"", ""light switch"", ""power switch""]",captioning,the main household object in this image is a switch box,,,,,True
5d4be2ffcf0b3a0f3f33d901,5d4be2ffcf0b3a0f3f33d901.jpg,switch,1125.0,Q3,as,in,India,clip,"[""switch"", ""light switch"", ""power switch""]",classification,switch,switch,0.9817318320274352,1.0,,True
5d4be2ffcf0b3a0f3f33d901,5d4be2ffcf0b3a0f3f33d901.jpg,switch,1125.0,Q3,as,in,India,qwen,"[""switch"", ""light switch"", ""power switch""]",captioning,The main household object is an electrical panel with multiple switches and outlets on an orange wall.,,,,,False
5d4be2ffcf0b3a0f3f33d901,5d4be2ffcf0b3a0f3f33d901.jpg,switch,1125.0,Q3,as,in,India,qwen,"[""switch"", ""light switch"", ""power switch""]",classification,switch,switch,,,,True
5d4be3ffcf0b3a0f3f33f4fa,5d4be3ffcf0b3a0f3f33f4fa.jpg,switch,227.0,Q2,af,cm,Cameroon,blip_baseline,"[""switch"", ""light switch"", ""power switch""]",captioning,a picture of a woman hanging on a wall,,,,,False
5d4be3ffcf0b3a0f3f33f4fa,5d4be3ffcf0b3a0f3f33f4fa.jpg,switch,227.0,Q2,af,cm,Cameroon,blip_prompted,"[""switch"", ""light switch"", ""power switch""]",captioning,the main household object in this image is a picture of a woman,,,,,False
5d4be3ffcf0b3a0f3f33f4fa,5d4be3ffcf0b3a0f3f33f4fa.jpg,switch,227.0,Q2,af,cm,Cameroon,clip,"[""switch"", ""light switch"", ""power switch""]",classification,light source,light source,0.5005027055740356,2.0,,False
5d4be3ffcf0b3a0f3f33f4fa,5d4be3ffcf0b3a0f3f33f4fa.jpg,switch,227.0,Q2,af,cm,Cameroon,qwen,"[""switch"", ""light switch"", ""power switch""]",captioning,The main household object is a light switch on a wall.,,,,,True
5d4be3ffcf0b3a0f3f33f4fa,5d4be3ffcf0b3a0f3f33f4fa.jpg,switch,227.0,Q2,af,cm,Cameroon,qwen,"[""switch"", ""light switch"", ""power switch""]",classification,switch,switch,,,,True
5d4be3ffcf0b3a0f3f33f500,5d4be3ffcf0b3a0f3f33f500.jpg,roof,227.0,Q2,af,cm,Cameroon,blip_baseline,"[""roof"", ""roofing"", ""ceiling""]",captioning,a room with a ceiling that has been stripped off,,,,,True
5d4be3ffcf0b3a0f3f33f500,5d4be3ffcf0b3a0f3f33f500.jpg,roof,227.0,Q2,af,cm,Cameroon,blip_prompted,"[""roof"", ""roofing"", ""ceiling""]",captioning,the main household object in this image is a ceiling,,,,,True
5d4be3ffcf0b3a0f3f33f500,5d4be3ffcf0b3a0f3f33f500.jpg,roof,227.0,Q2,af,cm,Cameroon,clip,"[""roof"", ""roofing"", ""ceiling""]",classification,roof,roof,0.9930450320243835,1.0,,True
5d4be3ffcf0b3a0f3f33f500,5d4be3ffcf0b3a0f3f33f500.jpg,roof,227.0,Q2,af,cm,Cameroon,qwen,"[""roof"", ""roofing"", ""ceiling""]",captioning,The main household object in the image is a hanging strawberry-shaped decoration.,,,,,False
5d4be3ffcf0b3a0f3f33f500,5d4be3ffcf0b3a0f3f33f500.jpg,roof,227.0,Q2,af,cm,Cameroon,qwen,"[""roof"", ""roofing"", ""ceiling""]",classification,light source,light source,,,,False
5d4be404cf0b3a0f3f33f59c,5d4be404cf0b3a0f3f33f59c.JPG,roof,2010.0,Q4,eu,gb,United Kingdom,blip_baseline,"[""roof"", ""roofing"", ""ceiling""]",captioning,a clear blue sky,,,,,False
5d4be404cf0b3a0f3f33f59c,5d4be404cf0b3a0f3f33f59c.JPG,roof,2010.0,Q4,eu,gb,United Kingdom,blip_prompted,"[""roof"", ""roofing"", ""ceiling""]",captioning,the main household object in this image is a house,,,,,False
5d4be404cf0b3a0f3f33f59c,5d4be404cf0b3a0f3f33f59c.JPG,roof,2010.0,Q4,eu,gb,United Kingdom,clip,"[""roof"", ""roofing"", ""ceiling""]",classification,roof,roof,0.9901906251907348,1.0,,True
5d4be404cf0b3a0f3f33f59c,5d4be404cf0b3a0f3f33f59c.JPG,roof,2010.0,Q4,eu,gb,United Kingdom,qwen,"[""roof"", ""roofing"", ""ceiling""]",captioning,The main household object is a brick house with white-framed windows and a tiled roof.,,,,,True
5d4be404cf0b3a0f3f33f59c,5d4be404cf0b3a0f3f33f59c.JPG,roof,2010.0,Q4,eu,gb,United Kingdom,qwen,"[""roof"", ""roofing"", ""ceiling""]",classification,roof,roof,,,,True
5d4be417cf0b3a0f3f33f7d4,5d4be417cf0b3a0f3f33f7d4.JPG,roof,1890.0,Q4,eu,gb,United Kingdom,blip_baseline,"[""roof"", ""roofing"", ""ceiling""]",captioning,a ceiling with a light on it,,,,,True
5d4be417cf0b3a0f3f33f7d4,5d4be417cf0b3a0f3f33f7d4.JPG,roof,1890.0,Q4,eu,gb,United Kingdom,blip_prompted,"[""roof"", ""roofing"", ""ceiling""]",captioning,the main household object in this image is a ceiling light,,,,,True
5d4be417cf0b3a0f3f33f7d4,5d4be417cf0b3a0f3f33f7d4.JPG,roof,1890.0,Q4,eu,gb,United Kingdom,clip,"[""roof"", ""roofing"", ""ceiling""]",classification,light source,light source,0.6046003103256226,2.0,,False
5d4be417cf0b3a0f3f33f7d4,5d4be417cf0b3a0f3f33f7d4.JPG,roof,1890.0,Q4,eu,gb,United Kingdom,qwen,"[""roof"", ""roofing"", ""ceiling""]",captioning,The main household object is a ceiling light with a black lampshade.,,,,,True
5d4be417cf0b3a0f3f33f7d4,5d4be417cf0b3a0f3f33f7d4.JPG,roof,1890.0,Q4,eu,gb,United Kingdom,qwen,"[""roof"", ""roofing"", ""ceiling""]",classification,light source,light source,,,,False
5d4be42ccf0b3a0f3f33fa48,5d4be42ccf0b3a0f3f33fa48.JPG,roof,4446.0,Q4,am,us,United States,blip_baseline,"[""roof"", ""roofing"", ""ceiling""]",captioning,a person holding a cell phone in their hand,,,,,False
5d4be42ccf0b3a0f3f33fa48,5d4be42ccf0b3a0f3f33fa48.JPG,roof,4446.0,Q4,am,us,United States,blip_prompted,"[""roof"", ""roofing"", ""ceiling""]",captioning,the main household object in this image is a toothbrush,,,,,False
5d4be42ccf0b3a0f3f33fa48,5d4be42ccf0b3a0f3f33fa48.JPG,roof,4446.0,Q4,am,us,United States,clip,"[""roof"", ""roofing"", ""ceiling""]",classification,light source,light source,0.3871196210384369,4.0,,False
5d4be42ccf0b3a0f3f33fa48,5d4be42ccf0b3a0f3f33fa48.JPG,roof,4446.0,Q4,am,us,United States,qwen,"[""roof"", ""roofing"", ""ceiling""]",captioning,The main household object in the image is a white wall.,,,,,False
5d4be42ccf0b3a0f3f33fa48,5d4be42ccf0b3a0f3f33fa48.JPG,roof,4446.0,Q4,am,us,United States,qwen,"[""roof"", ""roofing"", ""ceiling""]",classification,light source,light source,,,,False
5d4be53dcf0b3a0f3f341904,5d4be53dcf0b3a0f3f341904.JPG,light source,2001.0,Q4,am,us,United States,blip_baseline,"[""light"", ""lamp"", ""bulb"", ""lantern"", ""candle""]",captioning,a kitchen with a white ceiling and a window,,,,,False
5d4be53dcf0b3a0f3f341904,5d4be53dcf0b3a0f3f341904.JPG,light source,2001.0,Q4,am,us,United States,blip_prompted,"[""light"", ""lamp"", ""bulb"", ""lantern"", ""candle""]",captioning,the main household object in this image is a ceiling,,,,,False
5d4be53dcf0b3a0f3f341904,5d4be53dcf0b3a0f3f341904.JPG,light source,2001.0,Q4,am,us,United States,clip,"[""light"", ""lamp"", ""bulb"", ""lantern"", ""candle""]",classification,roof,roof,0.9095870852470398,2.0,,False
5d4be53dcf0b3a0f3f341904,5d4be53dcf0b3a0f3f341904.JPG,light source,2001.0,Q4,am,us,United States,qwen,"[""light"", ""lamp"", ""bulb"", ""lantern"", ""candle""]",captioning,The main household object is a white rectangular vent on the ceiling.,,,,,False
5d4be53dcf0b3a0f3f341904,5d4be53dcf0b3a0f3f341904.JPG,light source,2001.0,Q4,am,us,United States,qwen,"[""light"", ""lamp"", ""bulb"", ""lantern"", ""candle""]",classification,light source,light source,,,,True
5d4be61ccf0b3a0f3f343139,5d4be61ccf0b3a0f3f343139.jpg,roof,3755.0,Q4,af,za,South Africa,blip_baseline,"[""roof"", ""roofing"", ""ceiling""]",captioning,a white wall with a black and white cat,,,,,False
5d4be61ccf0b3a0f3f343139,5d4be61ccf0b3a0f3f343139.jpg,roof,3755.0,Q4,af,za,South Africa,blip_prompted,"[""roof"", ""roofing"", ""ceiling""]",captioning,the main household object in this image is a toilet,,,,,False
5d4be61ccf0b3a0f3f343139,5d4be61ccf0b3a0f3f343139.jpg,roof,3755.0,Q4,af,za,South Africa,clip,"[""roof"", ""roofing"", ""ceiling""]",classification,roof,roof,0.8038868308067322,1.0,,True
5d4be61ccf0b3a0f3f343139,5d4be61ccf0b3a0f3f343139.jpg,roof,3755.0,Q4,af,za,South Africa,qwen,"[""roof"", ""roofing"", ""ceiling""]",captioning,The main household object in this image is a white wall.,,,,,False
5d4be61ccf0b3a0f3f343139,5d4be61ccf0b3a0f3f343139.jpg,roof,3755.0,Q4,af,za,South Africa,qwen,"[""roof"", ""roofing"", ""ceiling""]",classification,light source,light source,,,,False
5d4be631cf0b3a0f3f343397,5d4be631cf0b3a0f3f343397.JPG,light source,526.0,Q2,as,in,India,blip_baseline,"[""light"", ""lamp"", ""bulb"", ""lantern"", ""candle""]",captioning,a light that is on a wall,,,,,True
5d4be631cf0b3a0f3f343397,5d4be631cf0b3a0f3f343397.JPG,light source,526.0,Q2,as,in,India,blip_prompted,"[""light"", ""lamp"", ""bulb"", ""lantern"", ""candle""]",captioning,the main household object in this image is a light bulb,,,,,True
5d4be631cf0b3a0f3f343397,5d4be631cf0b3a0f3f343397.JPG,light source,526.0,Q2,as,in,India,clip,"[""light"", ""lamp"", ""bulb"", ""lantern"", ""candle""]",classification,light source,light source,0.98495215177536,1.0,,True
5d4be631cf0b3a0f3f343397,5d4be631cf0b3a0f3f343397.JPG,light source,526.0,Q2,as,in,India,qwen,"[""light"", ""lamp"", ""bulb"", ""lantern"", ""candle""]",captioning,The main household object in the image is an illuminated light bulb.,,,,,True
5d4be631cf0b3a0f3f343397,5d4be631cf0b3a0f3f343397.JPG,light source,526.0,Q2,as,in,India,qwen,"[""light"", ""lamp"", ""bulb"", ""lantern"", ""candle""]",classification,light source,light source,,,,True
5d4be657cf0b3a0f3f3437e9,5d4be657cf0b3a0f3f3437e9.JPG,light source,1350.0,Q3,as,cn,China,blip_baseline,"[""light"", ""lamp"", ""bulb"", ""lantern"", ""candle""]",captioning,a light that is on the ceiling in a room,,,,,True
5d4be657cf0b3a0f3f3437e9,5d4be657cf0b3a0f3f3437e9.JPG,light source,1350.0,Q3,as,cn,China,blip_prompted,"[""light"", ""lamp"", ""bulb"", ""lantern"", ""candle""]",captioning,the main household object in this image is a light,,,,,True
5d4be657cf0b3a0f3f3437e9,5d4be657cf0b3a0f3f3437e9.JPG,light source,1350.0,Q3,as,cn,China,clip,"[""light"", ""lamp"", ""bulb"", ""lantern"", ""candle""]",classification,light source,light source,0.98318350315094,1.0,,True
5d4be657cf0b3a0f3f3437e9,5d4be657cf0b3a0f3f3437e9.JPG,light source,1350.0,Q3,as,cn,China,qwen,"[""light"", ""lamp"", ""bulb"", ""lantern"", ""candle""]",captioning,The main household object in the image is a ceiling light fixture with a cracked glass cover.,,,,,True
5d4be657cf0b3a0f3f3437e9,5d4be657cf0b3a0f3f3437e9.JPG,light source,1350.0,Q3,as,cn,China,qwen,"[""light"", ""lamp"", ""bulb"", ""lantern"", ""candle""]",classification,light source,light source,,,,True
5d4be664cf0b3a0f3f343977,5d4be664cf0b3a0f3f343977.JPG,light source,102.0,Q1,am,pe,Peru,blip_baseline,"[""light"", ""lamp"", ""bulb"", ""lantern"", ""candle""]",captioning,a close up of a white plastic pipe,,,,,False
5d4be664cf0b3a0f3f343977,5d4be664cf0b3a0f3f343977.JPG,light source,102.0,Q1,am,pe,Peru,blip_prompted,"[""light"", ""lamp"", ""bulb"", ""lantern"", ""candle""]",captioning,the main household object in this image is a white plastic pipe,,,,,False
5d4be664cf0b3a0f3f343977,5d4be664cf0b3a0f3f343977.JPG,light source,102.0,Q1,am,pe,Peru,clip,"[""light"", ""lamp"", ""bulb"", ""lantern"", ""candle""]",classification,light source,light source,0.9353341460227966,1.0,,True
5d4be664cf0b3a0f3f343977,5d4be664cf0b3a0f3f343977.JPG,light source,102.0,Q1,am,pe,Peru,qwen,"[""light"", ""lamp"", ""bulb"", ""lantern"", ""candle""]",captioning,The main household object in the image is a compact fluorescent light bulb.,,,,,True
5d4be664cf0b3a0f3f343977,5d4be664cf0b3a0f3f343977.JPG,light source,102.0,Q1,am,pe,Peru,qwen,"[""light"", ""lamp"", ""bulb"", ""lantern"", ""candle""]",classification,light source,light source,,,,True
5d4be672cf0b3a0f3f343b09,5d4be672cf0b3a0f3f343b09.jpg,footwear,1050.70879,Q3,af,tz,Tanzania,blip_baseline,"[""shoe"", ""shoes"", ""sandal"", ""sandals"", ""slipper"", ""slippers"", ""sneaker"", ""sneakers"", ""boot"", ""boots"", ""footwear""]",captioning,a pair of white sneakers on a tiled floor,,,,,True
5d4be672cf0b3a0f3f343b09,5d4be672cf0b3a0f3f343b09.jpg,footwear,1050.70879,Q3,af,tz,Tanzania,blip_prompted,"[""shoe"", ""shoes"", ""sandal"", ""sandals"", ""slipper"", ""slippers"", ""sneaker"", ""sneakers"", ""boot"", ""boots"", ""footwear""]",captioning,the main household object in this image is a pair of shoes,,,,,True
5d4be672cf0b3a0f3f343b09,5d4be672cf0b3a0f3f343b09.jpg,footwear,1050.70879,Q3,af,tz,Tanzania,clip,"[""shoe"", ""shoes"", ""sandal"", ""sandals"", ""slipper"", ""slippers"", ""sneaker"", ""sneakers"", ""boot"", ""boots"", ""footwear""]",classification,footwear,footwear,0.999816119670868,1.0,,True
5d4be672cf0b3a0f3f343b09,5d4be672cf0b3a0f3f343b09.jpg,footwear,1050.70879,Q3,af,tz,Tanzania,qwen,"[""shoe"", ""shoes"", ""sandal"", ""sandals"", ""slipper"", ""slippers"", ""sneaker"", ""sneakers"", ""boot"", ""boots"", ""footwear""]",captioning,The main household object in the image is a pair of white sneakers with laces and a logo on the tongue.,,,,,True
5d4be672cf0b3a0f3f343b09,5d4be672cf0b3a0f3f343b09.jpg,footwear,1050.70879,Q3,af,tz,Tanzania,qwen,"[""shoe"", ""shoes"", ""sandal"", ""sandals"", ""slipper"", ""slippers"", ""sneaker"", ""sneakers"", ""boot"", ""boots"", ""footwear""]",classification,footwear,footwear,,,,True
5d4be672cf0b3a0f3f343b13,5d4be672cf0b3a0f3f343b13.jpg,stove,1050.70879,Q3,af,tz,Tanzania,blip_baseline,"[""stove"", ""oven"", ""cooker"", ""cooktop"", ""hob""]",captioning,a woman is standing in front of a microwave,,,,,False
5d4be672cf0b3a0f3f343b13,5d4be672cf0b3a0f3f343b13.jpg,stove,1050.70879,Q3,af,tz,Tanzania,blip_prompted,"[""stove"", ""oven"", ""cooker"", ""cooktop"", ""hob""]",captioning,the main household object in this image is a microwave,,,,,False
5d4be672cf0b3a0f3f343b13,5d4be672cf0b3a0f3f343b13.jpg,stove,1050.70879,Q3,af,tz,Tanzania,clip,"[""stove"", ""oven"", ""cooker"", ""cooktop"", ""hob""]",classification,stove,stove,0.9985254406929016,1.0,,True
5d4be672cf0b3a0f3f343b13,5d4be672cf0b3a0f3f343b13.jpg,stove,1050.70879,Q3,af,tz,Tanzania,qwen,"[""stove"", ""oven"", ""cooker"", ""cooktop"", ""hob""]",captioning,The main household object is an electric oven with a pot on top.,,,,,True
5d4be672cf0b3a0f3f343b13,5d4be672cf0b3a0f3f343b13.jpg,stove,1050.70879,Q3,af,tz,Tanzania,qwen,"[""stove"", ""oven"", ""cooker"", ""cooktop"", ""hob""]",classification,stove,stove,,,,True
5d4be672cf0b3a0f3f343b19,5d4be672cf0b3a0f3f343b19.jpg,light source,1050.70879,Q3,af,tz,Tanzania,blip_baseline,"[""light"", ""lamp"", ""bulb"", ""lantern"", ""candle""]",captioning,a light that is on the ceiling,,,,,True
5d4be672cf0b3a0f3f343b19,5d4be672cf0b3a0f3f343b19.jpg,light source,1050.70879,Q3,af,tz,Tanzania,blip_prompted,"[""light"", ""lamp"", ""bulb"", ""lantern"", ""candle""]",captioning,the main household object in this image is a light fixture,,,,,True
5d4be672cf0b3a0f3f343b19,5d4be672cf0b3a0f3f343b19.jpg,light source,1050.70879,Q3,af,tz,Tanzania,clip,"[""light"", ""lamp"", ""bulb"", ""lantern"", ""candle""]",classification,light source,light source,0.959549367427826,1.0,,True
5d4be672cf0b3a0f3f343b19,5d4be672cf0b3a0f3f343b19.jpg,light source,1050.70879,Q3,af,tz,Tanzania,qwen,"[""light"", ""lamp"", ""bulb"", ""lantern"", ""candle""]",captioning,The main household object in the image is a fluorescent light fixture mounted on a ceiling.,,,,,True
5d4be672cf0b3a0f3f343b19,5d4be672cf0b3a0f3f343b19.jpg,light source,1050.70879,Q3,af,tz,Tanzania,qwen,"[""light"", ""lamp"", ""bulb"", ""lantern"", ""candle""]",classification,light source,light source,,,,True
5d4be6b3cf0b3a0f3f344270,5d4be6b3cf0b3a0f3f344270.JPG,footwear,2235.172785,Q4,as,cn,China,blip_baseline,"[""shoe"", ""shoes"", ""sandal"", ""sandals"", ""slipper"", ""slippers"", ""sneaker"", ""sneakers"", ""boot"", ""boots"", ""footwear""]",captioning,a shelf with a bunch of shoes on it,,,,,True
5d4be6b3cf0b3a0f3f344270,5d4be6b3cf0b3a0f3f344270.JPG,footwear,2235.172785,Q4,as,cn,China,blip_prompted,"[""shoe"", ""shoes"", ""sandal"", ""sandals"", ""slipper"", ""slippers"", ""sneaker"", ""sneakers"", ""boot"", ""boots"", ""footwear""]",captioning,the main household object in this image is a shoe rack,,,,,True
5d4be6b3cf0b3a0f3f344270,5d4be6b3cf0b3a0f3f344270.JPG,footwear,2235.172785,Q4,as,cn,China,clip,"[""shoe"", ""shoes"", ""sandal"", ""sandals"", ""slipper"", ""slippers"", ""sneaker"", ""sneakers"", ""boot"", ""boots"", ""footwear""]",classification,footwear,footwear,0.9998086094856262,1.0,,True
5d4be6b3cf0b3a0f3f344270,5d4be6b3cf0b3a0f3f344270.JPG,footwear,2235.172785,Q4,as,cn,China,qwen,"[""shoe"", ""shoes"", ""sandal"", ""sandals"", ""slipper"", ""slippers"", ""sneaker"", ""sneakers"", ""boot"", ""boots"", ""footwear""]",captioning,The main household object in the image is a wooden shoe rack with multiple shelves containing various types of shoes and accessories.,,,,,True
5d4be6b3cf0b3a0f3f344270,5d4be6b3cf0b3a0f3f344270.JPG,footwear,2235.172785,Q4,as,cn,China,qwen,"[""shoe"", ""shoes"", ""sandal"", ""sandals"", ""slipper"", ""slippers"", ""sneaker"", ""sneakers"", ""boot"", ""boots"", ""footwear""]",classification,footwear,footwear,,,,True
5d4be752cf0b3a0f3f3453ca,5d4be752cf0b3a0f3f3453ca.jpg,light source,63.5080716,Q1,as,mm,Myanmar,blip_baseline,"[""light"", ""lamp"", ""bulb"", ""lantern"", ""candle""]",captioning,a view of a river from a hut,,,,,False
5d4be752cf0b3a0f3f3453ca,5d4be752cf0b3a0f3f3453ca.jpg,light source,63.5080716,Q1,as,mm,Myanmar,blip_prompted,"[""light"", ""lamp"", ""bulb"", ""lantern"", ""candle""]",captioning,the main household object in this image is a water well,,,,,False
5d4be752cf0b3a0f3f3453ca,5d4be752cf0b3a0f3f3453ca.jpg,light source,63.5080716,Q1,as,mm,Myanmar,clip,"[""light"", ""lamp"", ""bulb"", ""lantern"", ""candle""]",classification,roof,roof,0.5788508653640747,6.0,,False
5d4be752cf0b3a0f3f3453ca,5d4be752cf0b3a0f3f3453ca.jpg,light source,63.5080716,Q1,as,mm,Myanmar,qwen,"[""light"", ""lamp"", ""bulb"", ""lantern"", ""candle""]",captioning,The main household object is a woven basket hanging on a wooden post near a water body.,,,,,False
5d4be752cf0b3a0f3f3453ca,5d4be752cf0b3a0f3f3453ca.jpg,light source,63.5080716,Q1,as,mm,Myanmar,qwen,"[""light"", ""lamp"", ""bulb"", ""lantern"", ""candle""]",classification,trash container,trash container,,,,False
5d4be76ecf0b3a0f3f3456d4,5d4be76ecf0b3a0f3f3456d4.jpg,trash container,308.0,Q2,as,id,Indonesia,blip_baseline,"[""trash can"", ""garbage can"", ""garbage bin"", ""waste bin"", ""dustbin"", ""dumpster""]",captioning,a bag of garbage sitting on the ground,,,,,False
5d4be76ecf0b3a0f3f3456d4,5d4be76ecf0b3a0f3f3456d4.jpg,trash container,308.0,Q2,as,id,Indonesia,blip_prompted,"[""trash can"", ""garbage can"", ""garbage bin"", ""waste bin"", ""dustbin"", ""dumpster""]",captioning,the main household object in this image is a bag of garbage,,,,,False
5d4be76ecf0b3a0f3f3456d4,5d4be76ecf0b3a0f3f3456d4.jpg,trash container,308.0,Q2,as,id,Indonesia,clip,"[""trash can"", ""garbage can"", ""garbage bin"", ""waste bin"", ""dustbin"", ""dumpster""]",classification,trash container,trash container,0.577763020992279,1.0,,True
5d4be76ecf0b3a0f3f3456d4,5d4be76ecf0b3a0f3f3456d4.jpg,trash container,308.0,Q2,as,id,Indonesia,qwen,"[""trash can"", ""garbage can"", ""garbage bin"", ""waste bin"", ""dustbin"", ""dumpster""]",captioning,The main household object is a plastic bag with a colorful label.,,,,,False
5d4be76ecf0b3a0f3f3456d4,5d4be76ecf0b3a0f3f3456d4.jpg,trash container,308.0,Q2,as,id,Indonesia,qwen,"[""trash can"", ""garbage can"", ""garbage bin"", ""waste bin"", ""dustbin"", ""dumpster""]",classification,trash container,trash container,,,,True
5d4be76ecf0b3a0f3f3456e8,5d4be76ecf0b3a0f3f3456e8.jpg,stove,308.0,Q2,as,id,Indonesia,blip_baseline,"[""stove"", ""oven"", ""cooker"", ""cooktop"", ""hob""]",captioning,a kitchen with a stove and a pan on the stove,,,,,True
5d4be76ecf0b3a0f3f3456e8,5d4be76ecf0b3a0f3f3456e8.jpg,stove,308.0,Q2,as,id,Indonesia,blip_prompted,"[""stove"", ""oven"", ""cooker"", ""cooktop"", ""hob""]",captioning,the main household object in this image is a pan and a bowl,,,,,False
5d4be76ecf0b3a0f3f3456e8,5d4be76ecf0b3a0f3f3456e8.jpg,stove,308.0,Q2,as,id,Indonesia,clip,"[""stove"", ""oven"", ""cooker"", ""cooktop"", ""hob""]",classification,stove,stove,0.9501285552978516,1.0,,True
5d4be76ecf0b3a0f3f3456e8,5d4be76ecf0b3a0f3f3456e8.jpg,stove,308.0,Q2,as,id,Indonesia,qwen,"[""stove"", ""oven"", ""cooker"", ""cooktop"", ""hob""]",captioning,The main household object in the image is an old-fashioned electric stove with a frying pan and a red pot on it.,,,,,True
5d4be76ecf0b3a0f3f3456e8,5d4be76ecf0b3a0f3f3456e8.jpg,stove,308.0,Q2,as,id,Indonesia,qwen,"[""stove"", ""oven"", ""cooker"", ""cooktop"", ""hob""]",classification,stove,stove,,,,True
5d4be78acf0b3a0f3f345a14,5d4be78acf0b3a0f3f345a14.jpg,footwear,131.3989924,Q1,as,id,Indonesia,blip_baseline,"[""shoe"", ""shoes"", ""sandal"", ""sandals"", ""slipper"", ""slippers"", ""sneaker"", ""sneakers"", ""boot"", ""boots"", ""footwear""]",captioning,a pair of red shoes on the ground,,,,,True
5d4be78acf0b3a0f3f345a14,5d4be78acf0b3a0f3f345a14.jpg,footwear,131.3989924,Q1,as,id,Indonesia,blip_prompted,"[""shoe"", ""shoes"", ""sandal"", ""sandals"", ""slipper"", ""slippers"", ""sneaker"", ""sneakers"", ""boot"", ""boots"", ""footwear""]",captioning,the main household object in this image is a pair of red shoes,,,,,True
5d4be78acf0b3a0f3f345a14,5d4be78acf0b3a0f3f345a14.jpg,footwear,131.3989924,Q1,as,id,Indonesia,clip,"[""shoe"", ""shoes"", ""sandal"", ""sandals"", ""slipper"", ""slippers"", ""sneaker"", ""sneakers"", ""boot"", ""boots"", ""footwear""]",classification,footwear,footwear,0.9999306201934814,1.0,,True
5d4be78acf0b3a0f3f345a14,5d4be78acf0b3a0f3f345a14.jpg,footwear,131.3989924,Q1,as,id,Indonesia,qwen,"[""shoe"", ""shoes"", ""sandal"", ""sandals"", ""slipper"", ""slippers"", ""sneaker"", ""sneakers"", ""boot"", ""boots"", ""footwear""]",captioning,The main household object in the image is a pair of red flip-flops with visible wear and tear on a concrete surface.,,,,,False
5d4be78acf0b3a0f3f345a14,5d4be78acf0b3a0f3f345a14.jpg,footwear,131.3989924,Q1,as,id,Indonesia,qwen,"[""shoe"", ""shoes"", ""sandal"", ""sandals"", ""slipper"", ""slippers"", ""sneaker"", ""sneakers"", ""boot"", ""boots"", ""footwear""]",classification,footwear,footwear,,,,True
5d4be798cf0b3a0f3f345bb4,5d4be798cf0b3a0f3f345bb4.jpg,roof,78.0,Q1,as,bd,Bangladesh,blip_baseline,"[""roof"", ""roofing"", ""ceiling""]",captioning,a pile of wood,,,,,False
5d4be798cf0b3a0f3f345bb4,5d4be798cf0b3a0f3f345bb4.jpg,roof,78.0,Q1,as,bd,Bangladesh,blip_prompted,"[""roof"", ""roofing"", ""ceiling""]",captioning,the main household object in this image is a wooden box,,,,,False
5d4be798cf0b3a0f3f345bb4,5d4be798cf0b3a0f3f345bb4.jpg,roof,78.0,Q1,as,bd,Bangladesh,clip,"[""roof"", ""roofing"", ""ceiling""]",classification,roof,roof,0.6630187034606934,1.0,,True
5d4be798cf0b3a0f3f345bb4,5d4be798cf0b3a0f3f345bb4.jpg,roof,78.0,Q1,as,bd,Bangladesh,qwen,"[""roof"", ""roofing"", ""ceiling""]",captioning,The main household object in the image is a wooden broom with a handle and bristles.,,,,,False
5d4be798cf0b3a0f3f345bb4,5d4be798cf0b3a0f3f345bb4.jpg,roof,78.0,Q1,as,bd,Bangladesh,qwen,"[""roof"", ""roofing"", ""ceiling""]",classification,roof,roof,,,,True
5d4be7afcf0b3a0f3f345e48,5d4be7afcf0b3a0f3f345e48.jpg,trash container,72.10457258,Q1,as,bd,Bangladesh,blip_baseline,"[""trash can"", ""garbage can"", ""garbage bin"", ""waste bin"", ""dustbin"", ""dumpster""]",captioning,a bucket is sitting on the ground,,,,,False
5d4be7afcf0b3a0f3f345e48,5d4be7afcf0b3a0f3f345e48.jpg,trash container,72.10457258,Q1,as,bd,Bangladesh,blip_prompted,"[""trash can"", ""garbage can"", ""garbage bin"", ""waste bin"", ""dustbin"", ""dumpster""]",captioning,the main household object in this image is a bucket,,,,,False
5d4be7afcf0b3a0f3f345e48,5d4be7afcf0b3a0f3f345e48.jpg,trash container,72.10457258,Q1,as,bd,Bangladesh,clip,"[""trash can"", ""garbage can"", ""garbage bin"", ""waste bin"", ""dustbin"", ""dumpster""]",classification,trash container,trash container,0.4390380978584289,1.0,,True
5d4be7afcf0b3a0f3f345e48,5d4be7afcf0b3a0f3f345e48.jpg,trash container,72.10457258,Q1,as,bd,Bangladesh,qwen,"[""trash can"", ""garbage can"", ""garbage bin"", ""waste bin"", ""dustbin"", ""dumpster""]",captioning,The main household object in the image is a broken red plastic bucket with a concrete base.,,,,,False
5d4be7afcf0b3a0f3f345e48,5d4be7afcf0b3a0f3f345e48.jpg,trash container,72.10457258,Q1,as,bd,Bangladesh,qwen,"[""trash can"", ""garbage can"", ""garbage bin"", ""waste bin"", ""dustbin"", ""dumpster""]",classification,trash container,trash container,,,,True
5d4be7b3cf0b3a0f3f345ec4,5d4be7b3cf0b3a0f3f345ec4.jpg,stove,72.10457258,Q1,as,bd,Bangladesh,blip_baseline,"[""stove"", ""oven"", ""cooker"", ""cooktop"", ""hob""]",captioning,a black pot sitting on top of a cement,,,,,False
5d4be7b3cf0b3a0f3f345ec4,5d4be7b3cf0b3a0f3f345ec4.jpg,stove,72.10457258,Q1,as,bd,Bangladesh,blip_prompted,"[""stove"", ""oven"", ""cooker"", ""cooktop"", ""hob""]",captioning,the main household object in this image is a pot,,,,,False
5d4be7b3cf0b3a0f3f345ec4,5d4be7b3cf0b3a0f3f345ec4.jpg,stove,72.10457258,Q1,as,bd,Bangladesh,clip,"[""stove"", ""oven"", ""cooker"", ""cooktop"", ""hob""]",classification,stove,stove,0.9715383648872375,1.0,,True
5d4be7b3cf0b3a0f3f345ec4,5d4be7b3cf0b3a0f3f345ec4.jpg,stove,72.10457258,Q1,as,bd,Bangladesh,qwen,"[""stove"", ""oven"", ""cooker"", ""cooktop"", ""hob""]",captioning,The main household object is a black cast iron skillet placed on a stone stove.,,,,,True
5d4be7b3cf0b3a0f3f345ec4,5d4be7b3cf0b3a0f3f345ec4.jpg,stove,72.10457258,Q1,as,bd,Bangladesh,qwen,"[""stove"", ""oven"", ""cooker"", ""cooktop"", ""hob""]",classification,stove,stove,,,,True
5d4be7b6cf0b3a0f3f345f1c,5d4be7b6cf0b3a0f3f345f1c.jpg,trash container,65.20651387,Q1,as,bd,Bangladesh,blip_baseline,"[""trash can"", ""garbage can"", ""garbage bin"", ""waste bin"", ""dustbin"", ""dumpster""]",captioning,a pile of trash on the ground,,,,,False
5d4be7b6cf0b3a0f3f345f1c,5d4be7b6cf0b3a0f3f345f1c.jpg,trash container,65.20651387,Q1,as,bd,Bangladesh,blip_prompted,"[""trash can"", ""garbage can"", ""garbage bin"", ""waste bin"", ""dustbin"", ""dumpster""]",captioning,the main household object in this image is a pile of garbage,,,,,False
5d4be7b6cf0b3a0f3f345f1c,5d4be7b6cf0b3a0f3f345f1c.jpg,trash container,65.20651387,Q1,as,bd,Bangladesh,clip,"[""trash can"", ""garbage can"", ""garbage bin"", ""waste bin"", ""dustbin"", ""dumpster""]",classification,trash container,trash container,0.7069120407104492,1.0,,True
5d4be7b6cf0b3a0f3f345f1c,5d4be7b6cf0b3a0f3f345f1c.jpg,trash container,65.20651387,Q1,as,bd,Bangladesh,qwen,"[""trash can"", ""garbage can"", ""garbage bin"", ""waste bin"", ""dustbin"", ""dumpster""]",captioning,The main household object in the image is a used syringe lying on the ground among other debris.,,,,,False
5d4be7b6cf0b3a0f3f345f1c,5d4be7b6cf0b3a0f3f345f1c.jpg,trash container,65.20651387,Q1,as,bd,Bangladesh,qwen,"[""trash can"", ""garbage can"", ""garbage bin"", ""waste bin"", ""dustbin"", ""dumpster""]",classification,trash container,trash container,,,,True
5d4be8dccf0b3a0f3f3478b6,5d4be8dccf0b3a0f3f3478b6.jpg,trash container,3363.3971,Q4,eu,ua,Ukraine,blip_baseline,"[""trash can"", ""garbage can"", ""garbage bin"", ""waste bin"", ""dustbin"", ""dumpster""]",captioning,a blue trash bag,,,,,False
5d4be8dccf0b3a0f3f3478b6,5d4be8dccf0b3a0f3f3478b6.jpg,trash container,3363.3971,Q4,eu,ua,Ukraine,blip_prompted,"[""trash can"", ""garbage can"", ""garbage bin"", ""waste bin"", ""dustbin"", ""dumpster""]",captioning,the main household object in this image is a blue bag,,,,,False
5d4be8dccf0b3a0f3f3478b6,5d4be8dccf0b3a0f3f3478b6.jpg,trash container,3363.3971,Q4,eu,ua,Ukraine,clip,"[""trash can"", ""garbage can"", ""garbage bin"", ""waste bin"", ""dustbin"", ""dumpster""]",classification,trash container,trash container,0.9860347509384156,1.0,,True
5d4be8dccf0b3a0f3f3478b6,5d4be8dccf0b3a0f3f3478b6.jpg,trash container,3363.3971,Q4,eu,ua,Ukraine,qwen,"[""trash can"", ""garbage can"", ""garbage bin"", ""waste bin"", ""dustbin"", ""dumpster""]",captioning,The main household object in the image is a blue plastic trash can filled with various items.,,,,,True
5d4be8dccf0b3a0f3f3478b6,5d4be8dccf0b3a0f3f3478b6.jpg,trash container,3363.3971,Q4,eu,ua,Ukraine,qwen,"[""trash can"", ""garbage can"", ""garbage bin"", ""waste bin"", ""dustbin"", ""dumpster""]",classification,trash container,trash container,,,,True
5d4be956cf0b3a0f3f3486e4,5d4be956cf0b3a0f3f3486e4.jpg,trash container,694.0,Q3,eu,ua,Ukraine,blip_baseline,"[""trash can"", ""garbage can"", ""garbage bin"", ""waste bin"", ""dustbin"", ""dumpster""]",captioning,a pile of garbage on the side of a road,,,,,False
5d4be956cf0b3a0f3f3486e4,5d4be956cf0b3a0f3f3486e4.jpg,trash container,694.0,Q3,eu,ua,Ukraine,blip_prompted,"[""trash can"", ""garbage can"", ""garbage bin"", ""waste bin"", ""dustbin"", ""dumpster""]",captioning,the main household object in this image is a dump,,,,,False
5d4be956cf0b3a0f3f3486e4,5d4be956cf0b3a0f3f3486e4.jpg,trash container,694.0,Q3,eu,ua,Ukraine,clip,"[""trash can"", ""garbage can"", ""garbage bin"", ""waste bin"", ""dustbin"", ""dumpster""]",classification,trash container,trash container,0.9608423113822936,1.0,,True
5d4be956cf0b3a0f3f3486e4,5d4be956cf0b3a0f3f3486e4.jpg,trash container,694.0,Q3,eu,ua,Ukraine,qwen,"[""trash can"", ""garbage can"", ""garbage bin"", ""waste bin"", ""dustbin"", ""dumpster""]",captioning,"The main household object in the image is a green and black garbage bin with a white label reading ""REMONDIS.""",,,,,True
5d4be956cf0b3a0f3f3486e4,5d4be956cf0b3a0f3f3486e4.jpg,trash container,694.0,Q3,eu,ua,Ukraine,qwen,"[""trash can"", ""garbage can"", ""garbage bin"", ""waste bin"", ""dustbin"", ""dumpster""]",classification,trash container,trash container,,,,True
5d4be977cf0b3a0f3f348ac0,5d4be977cf0b3a0f3f348ac0.jpg,switch,7433.155246,Q4,as,jo,Jordan,blip_baseline,"[""switch"", ""light switch"", ""power switch""]",captioning,two white switches on a wall,,,,,False
5d4be977cf0b3a0f3f348ac0,5d4be977cf0b3a0f3f348ac0.jpg,switch,7433.155246,Q4,as,jo,Jordan,blip_prompted,"[""switch"", ""light switch"", ""power switch""]",captioning,the main household object in this image is a light switch,,,,,True
5d4be977cf0b3a0f3f348ac0,5d4be977cf0b3a0f3f348ac0.jpg,switch,7433.155246,Q4,as,jo,Jordan,clip,"[""switch"", ""light switch"", ""power switch""]",classification,switch,switch,0.9981254935264589,1.0,,True
5d4be977cf0b3a0f3f348ac0,5d4be977cf0b3a0f3f348ac0.jpg,switch,7433.155246,Q4,as,jo,Jordan,qwen,"[""switch"", ""light switch"", ""power switch""]",captioning,The main household object in the image is a light switch panel with three buttons.,,,,,True
5d4be977cf0b3a0f3f348ac0,5d4be977cf0b3a0f3f348ac0.jpg,switch,7433.155246,Q4,as,jo,Jordan,qwen,"[""switch"", ""light switch"", ""power switch""]",classification,switch,switch,,,,True
5d4bea54cf0b3a0f3f34a3ac,5d4bea54cf0b3a0f3f34a3ac.jpg,roof,221.3244168,Q2,as,in,India,blip_baseline,"[""roof"", ""roofing"", ""ceiling""]",captioning,a wall with a wooden beam in it,,,,,False
5d4bea54cf0b3a0f3f34a3ac,5d4bea54cf0b3a0f3f34a3ac.jpg,roof,221.3244168,Q2,as,in,India,blip_prompted,"[""roof"", ""roofing"", ""ceiling""]",captioning,the main household object in this image is a wooden pole,,,,,False
5d4bea54cf0b3a0f3f34a3ac,5d4bea54cf0b3a0f3f34a3ac.jpg,roof,221.3244168,Q2,as,in,India,clip,"[""roof"", ""roofing"", ""ceiling""]",classification,roof,roof,0.7156453132629395,1.0,,True
5d4bea54cf0b3a0f3f34a3ac,5d4bea54cf0b3a0f3f34a3ac.jpg,roof,221.3244168,Q2,as,in,India,qwen,"[""roof"", ""roofing"", ""ceiling""]",captioning,The main household object in the image is a wooden stick placed against a corrugated metal wall.,,,,,False
5d4bea54cf0b3a0f3f34a3ac,5d4bea54cf0b3a0f3f34a3ac.jpg,roof,221.3244168,Q2,as,in,India,qwen,"[""roof"", ""roofing"", ""ceiling""]",classification,roof,roof,,,,True
5d4beab0cf0b3a0f3f34ae70,5d4beab0cf0b3a0f3f34ae70.jpg,light source,170.0,Q1,as,in,India,blip_baseline,"[""light"", ""lamp"", ""bulb"", ""lantern"", ""candle""]",captioning,a room with a ceiling and a ceiling fan,,,,,False
5d4beab0cf0b3a0f3f34ae70,5d4beab0cf0b3a0f3f34ae70.jpg,light source,170.0,Q1,as,in,India,blip_prompted,"[""light"", ""lamp"", ""bulb"", ""lantern"", ""candle""]",captioning,the main household object in this image is a ceiling,,,,,False
5d4beab0cf0b3a0f3f34ae70,5d4beab0cf0b3a0f3f34ae70.jpg,light source,170.0,Q1,as,in,India,clip,"[""light"", ""lamp"", ""bulb"", ""lantern"", ""candle""]",classification,roof,roof,0.818576455116272,3.0,,False
5d4beab0cf0b3a0f3f34ae70,5d4beab0cf0b3a0f3f34ae70.jpg,light source,170.0,Q1,as,in,India,qwen,"[""light"", ""lamp"", ""bulb"", ""lantern"", ""candle""]",captioning,The main household object in the image is a fluorescent light fixture with exposed wiring and pipes.,,,,,True
5d4beab0cf0b3a0f3f34ae70,5d4beab0cf0b3a0f3f34ae70.jpg,light source,170.0,Q1,as,in,India,qwen,"[""light"", ""lamp"", ""bulb"", ""lantern"", ""candle""]",classification,light source,light source,,,,True
5d4beab2cf0b3a0f3f34aea4,5d4beab2cf0b3a0f3f34aea4.jpg,switch,170.0,Q1,as,in,India,blip_baseline,"[""switch"", ""light switch"", ""power switch""]",captioning,a green electrical panel,,,,,False
5d4beab2cf0b3a0f3f34aea4,5d4beab2cf0b3a0f3f34aea4.jpg,switch,170.0,Q1,as,in,India,blip_prompted,"[""switch"", ""light switch"", ""power switch""]",captioning,the main household object in this image is a switch box,,,,,True
5d4beab2cf0b3a0f3f34aea4,5d4beab2cf0b3a0f3f34aea4.jpg,switch,170.0,Q1,as,in,India,clip,"[""switch"", ""light switch"", ""power switch""]",classification,switch,switch,0.908899426460266,1.0,,True
5d4beab2cf0b3a0f3f34aea4,5d4beab2cf0b3a0f3f34aea4.jpg,switch,170.0,Q1,as,in,India,qwen,"[""switch"", ""light switch"", ""power switch""]",captioning,The main household object in the image is an electrical panel with multiple switches and a red light indicator.,,,,,False
5d4beab2cf0b3a0f3f34aea4,5d4beab2cf0b3a0f3f34aea4.jpg,switch,170.0,Q1,as,in,India,qwen,"[""switch"", ""light switch"", ""power switch""]",classification,switch,switch,,,,True
5d4beacdcf0b3a0f3f34b1d8,5d4beacdcf0b3a0f3f34b1d8.jpg,roof,30.68690172,Q1,as,in,India,blip_baseline,"[""roof"", ""roofing"", ""ceiling""]",captioning,a room with clothes hanging on a line,,,,,False
5d4beacdcf0b3a0f3f34b1d8,5d4beacdcf0b3a0f3f34b1d8.jpg,roof,30.68690172,Q1,as,in,India,blip_prompted,"[""roof"", ""roofing"", ""ceiling""]",captioning,the main household object in this image is a dirty room,,,,,False
5d4beacdcf0b3a0f3f34b1d8,5d4beacdcf0b3a0f3f34b1d8.jpg,roof,30.68690172,Q1,as,in,India,clip,"[""roof"", ""roofing"", ""ceiling""]",classification,roof,roof,0.9504436254501344,1.0,,True
5d4beacdcf0b3a0f3f34b1d8,5d4beacdcf0b3a0f3f34b1d8.jpg,roof,30.68690172,Q1,as,in,India,qwen,"[""roof"", ""roofing"", ""ceiling""]",captioning,The main household object is a hammock hanging from a wooden frame.,,,,,False
5d4beacdcf0b3a0f3f34b1d8,5d4beacdcf0b3a0f3f34b1d8.jpg,roof,30.68690172,Q1,as,in,India,qwen,"[""roof"", ""roofing"", ""ceiling""]",classification,roof,roof,,,,True
5d4bebdccf0b3a0f3f34d03d,5d4bebdccf0b3a0f3f34d03d.jpg,roof,4650.0,Q4,am,us,United States,blip_baseline,"[""roof"", ""roofing"", ""ceiling""]",captioning,a roof with a window,,,,,True
5d4bebdccf0b3a0f3f34d03d,5d4bebdccf0b3a0f3f34d03d.jpg,roof,4650.0,Q4,am,us,United States,blip_prompted,"[""roof"", ""roofing"", ""ceiling""]",captioning,the main household object in this image is a window,,,,,False
5d4bebdccf0b3a0f3f34d03d,5d4bebdccf0b3a0f3f34d03d.jpg,roof,4650.0,Q4,am,us,United States,clip,"[""roof"", ""roofing"", ""ceiling""]",classification,roof,roof,0.9976061582565308,1.0,,True
5d4bebdccf0b3a0f3f34d03d,5d4bebdccf0b3a0f3f34d03d.jpg,roof,4650.0,Q4,am,us,United States,qwen,"[""roof"", ""roofing"", ""ceiling""]",captioning,"The main household object is a dormer window with a curved top and a small, dark-colored object inside.",,,,,False
5d4bebdccf0b3a0f3f34d03d,5d4bebdccf0b3a0f3f34d03d.jpg,roof,4650.0,Q4,am,us,United States,qwen,"[""roof"", ""roofing"", ""ceiling""]",classification,roof,roof,,,,True
5d4bebfdcf0b3a0f3f34d421,5d4bebfdcf0b3a0f3f34d421.jpg,light source,4650.0,Q4,am,us,United States,blip_baseline,"[""light"", ""lamp"", ""bulb"", ""lantern"", ""candle""]",captioning,a kitchen with two lights on the ceiling,,,,,False
5d4bebfdcf0b3a0f3f34d421,5d4bebfdcf0b3a0f3f34d421.jpg,light source,4650.0,Q4,am,us,United States,blip_prompted,"[""light"", ""lamp"", ""bulb"", ""lantern"", ""candle""]",captioning,the main household object in this image is a ceiling light,,,,,True
5d4bebfdcf0b3a0f3f34d421,5d4bebfdcf0b3a0f3f34d421.jpg,light source,4650.0,Q4,am,us,United States,clip,"[""light"", ""lamp"", ""bulb"", ""lantern"", ""candle""]",classification,light source,light source,0.8619888424873352,1.0,,True
5d4bebfdcf0b3a0f3f34d421,5d4bebfdcf0b3a0f3f34d421.jpg,light source,4650.0,Q4,am,us,United States,qwen,"[""light"", ""lamp"", ""bulb"", ""lantern"", ""candle""]",captioning,The main household object in this image is a ceiling with recessed lighting fixtures.,,,,,False
5d4bebfdcf0b3a0f3f34d421,5d4bebfdcf0b3a0f3f34d421.jpg,light source,4650.0,Q4,am,us,United States,qwen,"[""light"", ""lamp"", ""bulb"", ""lantern"", ""candle""]",classification,light source,light source,,,,True
5d4bec7acf0b3a0f3f34dfca,5d4bec7acf0b3a0f3f34dfca.jpg,switch,124.9655714,Q1,as,bd,Bangladesh,blip_baseline,"[""switch"", ""light switch"", ""power switch""]",captioning,a white electrical outlet on a metal surface,,,,,False
5d4bec7acf0b3a0f3f34dfca,5d4bec7acf0b3a0f3f34dfca.jpg,switch,124.9655714,Q1,as,bd,Bangladesh,blip_prompted,"[""switch"", ""light switch"", ""power switch""]",captioning,the main household object in this image is a switch box,,,,,True
5d4bec7acf0b3a0f3f34dfca,5d4bec7acf0b3a0f3f34dfca.jpg,switch,124.9655714,Q1,as,bd,Bangladesh,clip,"[""switch"", ""light switch"", ""power switch""]",classification,switch,switch,0.8088013529777527,1.0,,True
5d4bec7acf0b3a0f3f34dfca,5d4bec7acf0b3a0f3f34dfca.jpg,switch,124.9655714,Q1,as,bd,Bangladesh,qwen,"[""switch"", ""light switch"", ""power switch""]",captioning,"The main household object in the image is an old, beige electrical switch panel with three toggle switches and several screws securing it to a metal surface.",,,,,True
5d4bec7acf0b3a0f3f34dfca,5d4bec7acf0b3a0f3f34dfca.jpg,switch,124.9655714,Q1,as,bd,Bangladesh,qwen,"[""switch"", ""light switch"", ""power switch""]",classification,switch,switch,,,,True
5d4becb3cf0b3a0f3f34e59a,5d4becb3cf0b3a0f3f34e59a.jpg,footwear,73.16914591,Q1,af,zw,Zimbabwe,blip_baseline,"[""shoe"", ""shoes"", ""sandal"", ""sandals"", ""slipper"", ""slippers"", ""sneaker"", ""sneakers"", ""boot"", ""boots"", ""footwear""]",captioning,a pair of pink flip flops on a dirt covered ground,,,,,False
5d4becb3cf0b3a0f3f34e59a,5d4becb3cf0b3a0f3f34e59a.jpg,footwear,73.16914591,Q1,af,zw,Zimbabwe,blip_prompted,"[""shoe"", ""shoes"", ""sandal"", ""sandals"", ""slipper"", ""slippers"", ""sneaker"", ""sneakers"", ""boot"", ""boots"", ""footwear""]",captioning,the main household object in this image is a pair of flip flops,,,,,False
5d4becb3cf0b3a0f3f34e59a,5d4becb3cf0b3a0f3f34e59a.jpg,footwear,73.16914591,Q1,af,zw,Zimbabwe,clip,"[""shoe"", ""shoes"", ""sandal"", ""sandals"", ""slipper"", ""slippers"", ""sneaker"", ""sneakers"", ""boot"", ""boots"", ""footwear""]",classification,footwear,footwear,0.9999593496322632,1.0,,True
5d4becb3cf0b3a0f3f34e59a,5d4becb3cf0b3a0f3f34e59a.jpg,footwear,73.16914591,Q1,af,zw,Zimbabwe,qwen,"[""shoe"", ""shoes"", ""sandal"", ""sandals"", ""slipper"", ""slippers"", ""sneaker"", ""sneakers"", ""boot"", ""boots"", ""footwear""]",captioning,The main household object in the image is a pair of pink flip-flops with a cat design on the soles.,,,,,False
5d4becb3cf0b3a0f3f34e59a,5d4becb3cf0b3a0f3f34e59a.jpg,footwear,73.16914591,Q1,af,zw,Zimbabwe,qwen,"[""shoe"", ""shoes"", ""sandal"", ""sandals"", ""slipper"", ""slippers"", ""sneaker"", ""sneakers"", ""boot"", ""boots"", ""footwear""]",classification,footwear,footwear,,,,True
5d4becefcf0b3a0f3f34eb88,5d4becefcf0b3a0f3f34eb88.jpg,light source,41.85460574,Q1,af,zw,Zimbabwe,blip_baseline,"[""light"", ""lamp"", ""bulb"", ""lantern"", ""candle""]",captioning,a plane flying through a cloudy sky,,,,,False
5d4becefcf0b3a0f3f34eb88,5d4becefcf0b3a0f3f34eb88.jpg,light source,41.85460574,Q1,af,zw,Zimbabwe,blip_prompted,"[""light"", ""lamp"", ""bulb"", ""lantern"", ""candle""]",captioning,the main household object in this image is a plane flying through the clouds,,,,,False
5d4becefcf0b3a0f3f34eb88,5d4becefcf0b3a0f3f34eb88.jpg,light source,41.85460574,Q1,af,zw,Zimbabwe,clip,"[""light"", ""lamp"", ""bulb"", ""lantern"", ""candle""]",classification,roof,roof,0.7593085765838623,2.0,,False
5d4becefcf0b3a0f3f34eb88,5d4becefcf0b3a0f3f34eb88.jpg,light source,41.85460574,Q1,af,zw,Zimbabwe,qwen,"[""light"", ""lamp"", ""bulb"", ""lantern"", ""candle""]",captioning,"The image shows a dark, cloudy sky with no visible objects.",,,,,False
5d4becefcf0b3a0f3f34eb88,5d4becefcf0b3a0f3f34eb88.jpg,light source,41.85460574,Q1,af,zw,Zimbabwe,qwen,"[""light"", ""lamp"", ""bulb"", ""lantern"", ""candle""]",classification,stove,stove,,,,False
5d4becffcf0b3a0f3f34ed6c,5d4becffcf0b3a0f3f34ed6c.jpg,trash container,265.5253567,Q2,as,vn,Vietnam,blip_baseline,"[""trash can"", ""garbage can"", ""garbage bin"", ""waste bin"", ""dustbin"", ""dumpster""]",captioning,a green basket filled with ice and a bottle of water,,,,,False
5d4becffcf0b3a0f3f34ed6c,5d4becffcf0b3a0f3f34ed6c.jpg,trash container,265.5253567,Q2,as,vn,Vietnam,blip_prompted,"[""trash can"", ""garbage can"", ""garbage bin"", ""waste bin"", ""dustbin"", ""dumpster""]",captioning,the main household object in this image is a basket of ice,,,,,False
5d4becffcf0b3a0f3f34ed6c,5d4becffcf0b3a0f3f34ed6c.jpg,trash container,265.5253567,Q2,as,vn,Vietnam,clip,"[""trash can"", ""garbage can"", ""garbage bin"", ""waste bin"", ""dustbin"", ""dumpster""]",classification,trash container,trash container,0.6535497307777405,1.0,,True
5d4becffcf0b3a0f3f34ed6c,5d4becffcf0b3a0f3f34ed6c.jpg,trash container,265.5253567,Q2,as,vn,Vietnam,qwen,"[""trash can"", ""garbage can"", ""garbage bin"", ""waste bin"", ""dustbin"", ""dumpster""]",captioning,The main household object is a green plastic trash can with a yellow bag inside.,,,,,True
5d4becffcf0b3a0f3f34ed6c,5d4becffcf0b3a0f3f34ed6c.jpg,trash container,265.5253567,Q2,as,vn,Vietnam,qwen,"[""trash can"", ""garbage can"", ""garbage bin"", ""waste bin"", ""dustbin"", ""dumpster""]",classification,trash container,trash container,,,,True
5d4bed05cf0b3a0f3f34edce,5d4bed05cf0b3a0f3f34edce.jpg,stove,265.5253567,Q2,as,vn,Vietnam,blip_baseline,"[""stove"", ""oven"", ""cooker"", ""cooktop"", ""hob""]",captioning,a stove sitting on a table with a pot on it,,,,,True
5d4bed05cf0b3a0f3f34edce,5d4bed05cf0b3a0f3f34edce.jpg,stove,265.5253567,Q2,as,vn,Vietnam,blip_prompted,"[""stove"", ""oven"", ""cooker"", ""cooktop"", ""hob""]",captioning,the main household object in this image is a stove,,,,,True
5d4bed05cf0b3a0f3f34edce,5d4bed05cf0b3a0f3f34edce.jpg,stove,265.5253567,Q2,as,vn,Vietnam,clip,"[""stove"", ""oven"", ""cooker"", ""cooktop"", ""hob""]",classification,stove,stove,0.9117411971092224,1.0,,True
5d4bed05cf0b3a0f3f34edce,5d4bed05cf0b3a0f3f34edce.jpg,stove,265.5253567,Q2,as,vn,Vietnam,qwen,"[""stove"", ""oven"", ""cooker"", ""cooktop"", ""hob""]",captioning,"The main household object is a small, portable gas stove with a single burner and a green base.",,,,,True
5d4bed05cf0b3a0f3f34edce,5d4bed05cf0b3a0f3f34edce.jpg,stove,265.5253567,Q2,as,vn,Vietnam,qwen,"[""stove"", ""oven"", ""cooker"", ""cooktop"", ""hob""]",classification,stove,stove,,,,True
5d4bed15cf0b3a0f3f34ef8a,5d4bed15cf0b3a0f3f34ef8a.jpg,footwear,245.9813854,Q2,as,vn,Vietnam,blip_baseline,"[""shoe"", ""shoes"", ""sandal"", ""sandals"", ""slipper"", ""slippers"", ""sneaker"", ""sneakers"", ""boot"", ""boots"", ""footwear""]",captioning,a pair of yellow shoes on the ground,,,,,True
5d4bed15cf0b3a0f3f34ef8a,5d4bed15cf0b3a0f3f34ef8a.jpg,footwear,245.9813854,Q2,as,vn,Vietnam,blip_prompted,"[""shoe"", ""shoes"", ""sandal"", ""sandals"", ""slipper"", ""slippers"", ""sneaker"", ""sneakers"", ""boot"", ""boots"", ""footwear""]",captioning,the main household object in this image is a pair of yellow shoes,,,,,True
5d4bed15cf0b3a0f3f34ef8a,5d4bed15cf0b3a0f3f34ef8a.jpg,footwear,245.9813854,Q2,as,vn,Vietnam,clip,"[""shoe"", ""shoes"", ""sandal"", ""sandals"", ""slipper"", ""slippers"", ""sneaker"", ""sneakers"", ""boot"", ""boots"", ""footwear""]",classification,footwear,footwear,0.9999291896820068,1.0,,True
5d4bed15cf0b3a0f3f34ef8a,5d4bed15cf0b3a0f3f34ef8a.jpg,footwear,245.9813854,Q2,as,vn,Vietnam,qwen,"[""shoe"", ""shoes"", ""sandal"", ""sandals"", ""slipper"", ""slippers"", ""sneaker"", ""sneakers"", ""boot"", ""boots"", ""footwear""]",captioning,The main household object in the image is a pair of yellow woven slippers on a cracked concrete surface.,,,,,True
5d4bed15cf0b3a0f3f34ef8a,5d4bed15cf0b3a0f3f34ef8a.jpg,footwear,245.9813854,Q2,as,vn,Vietnam,qwen,"[""shoe"", ""shoes"", ""sandal"", ""sandals"", ""slipper"", ""slippers"", ""sneaker"", ""sneakers"", ""boot"", ""boots"", ""footwear""]",classification,footwear,footwear,,,,True
5d4bed75cf0b3a0f3f34fa6a,5d4bed75cf0b3a0f3f34fa6a.jpg,stove,113.5375491,Q1,af,tn,Tunisia,blip_baseline,"[""stove"", ""oven"", ""cooker"", ""cooktop"", ""hob""]",captioning,a large metal jug sitting on top of a table,,,,,False
5d4bed75cf0b3a0f3f34fa6a,5d4bed75cf0b3a0f3f34fa6a.jpg,stove,113.5375491,Q1,af,tn,Tunisia,blip_prompted,"[""stove"", ""oven"", ""cooker"", ""cooktop"", ""hob""]",captioning,the main household object in this image is a gas can,,,,,False
5d4bed75cf0b3a0f3f34fa6a,5d4bed75cf0b3a0f3f34fa6a.jpg,stove,113.5375491,Q1,af,tn,Tunisia,clip,"[""stove"", ""oven"", ""cooker"", ""cooktop"", ""hob""]",classification,stove,stove,0.5840592980384827,1.0,,True
5d4bed75cf0b3a0f3f34fa6a,5d4bed75cf0b3a0f3f34fa6a.jpg,stove,113.5375491,Q1,af,tn,Tunisia,qwen,"[""stove"", ""oven"", ""cooker"", ""cooktop"", ""hob""]",captioning,The main household object is a metal gas cylinder with a hose attached to it.,,,,,False
5d4bed75cf0b3a0f3f34fa6a,5d4bed75cf0b3a0f3f34fa6a.jpg,stove,113.5375491,Q1,af,tn,Tunisia,qwen,"[""stove"", ""oven"", ""cooker"", ""cooktop"", ""hob""]",classification,stove,stove,,,,True
5d4bed80cf0b3a0f3f34fbb2,5d4bed80cf0b3a0f3f34fbb2.jpg,switch,116.4314704,Q1,af,tn,Tunisia,blip_baseline,"[""switch"", ""light switch"", ""power switch""]",captioning,a light switch in a white wall,,,,,True
5d4bed80cf0b3a0f3f34fbb2,5d4bed80cf0b3a0f3f34fbb2.jpg,switch,116.4314704,Q1,af,tn,Tunisia,blip_prompted,"[""switch"", ""light switch"", ""power switch""]",captioning,the main household object in this image is a white light switch,,,,,True
5d4bed80cf0b3a0f3f34fbb2,5d4bed80cf0b3a0f3f34fbb2.jpg,switch,116.4314704,Q1,af,tn,Tunisia,clip,"[""switch"", ""light switch"", ""power switch""]",classification,switch,switch,0.9910359382629396,1.0,,True
5d4bed80cf0b3a0f3f34fbb2,5d4bed80cf0b3a0f3f34fbb2.jpg,switch,116.4314704,Q1,af,tn,Tunisia,qwen,"[""switch"", ""light switch"", ""power switch""]",captioning,"The main household object in the image is an old, worn-out electrical outlet with a broken cover and visible wiring.",,,,,False
5d4bed80cf0b3a0f3f34fbb2,5d4bed80cf0b3a0f3f34fbb2.jpg,switch,116.4314704,Q1,af,tn,Tunisia,qwen,"[""switch"", ""light switch"", ""power switch""]",classification,switch,switch,,,,True
5d4bee22cf0b3a0f3f350e6a,5d4bee22cf0b3a0f3f350e6a.jpg,stove,53.35597015,Q1,af,rw,Rwanda,blip_baseline,"[""stove"", ""oven"", ""cooker"", ""cooktop"", ""hob""]",captioning,a pile of trash on a dirt road,,,,,False
5d4bee22cf0b3a0f3f350e6a,5d4bee22cf0b3a0f3f350e6a.jpg,stove,53.35597015,Q1,af,rw,Rwanda,blip_prompted,"[""stove"", ""oven"", ""cooker"", ""cooktop"", ""hob""]",captioning,the main household object in this image is a broken oven,,,,,True
5d4bee22cf0b3a0f3f350e6a,5d4bee22cf0b3a0f3f350e6a.jpg,stove,53.35597015,Q1,af,rw,Rwanda,clip,"[""stove"", ""oven"", ""cooker"", ""cooktop"", ""hob""]",classification,stove,stove,0.6842895150184631,1.0,,True
5d4bee22cf0b3a0f3f350e6a,5d4bee22cf0b3a0f3f350e6a.jpg,stove,53.35597015,Q1,af,rw,Rwanda,qwen,"[""stove"", ""oven"", ""cooker"", ""cooktop"", ""hob""]",captioning,The main household object is a makeshift shelter constructed from bricks and corrugated metal sheets.,,,,,False
5d4bee22cf0b3a0f3f350e6a,5d4bee22cf0b3a0f3f350e6a.jpg,stove,53.35597015,Q1,af,rw,Rwanda,qwen,"[""stove"", ""oven"", ""cooker"", ""cooktop"", ""hob""]",classification,stove,stove,,,,True
5d4bee44cf0b3a0f3f351150,5d4bee44cf0b3a0f3f351150.jpg,footwear,250.7905551,Q2,af,rw,Rwanda,blip_baseline,"[""shoe"", ""shoes"", ""sandal"", ""sandals"", ""slipper"", ""slippers"", ""sneaker"", ""sneakers"", ""boot"", ""boots"", ""footwear""]",captioning,a pair of blue shoes sitting on the floor,,,,,True
5d4bee44cf0b3a0f3f351150,5d4bee44cf0b3a0f3f351150.jpg,footwear,250.7905551,Q2,af,rw,Rwanda,blip_prompted,"[""shoe"", ""shoes"", ""sandal"", ""sandals"", ""slipper"", ""slippers"", ""sneaker"", ""sneakers"", ""boot"", ""boots"", ""footwear""]",captioning,the main household object in this image is a pair of blue rubber shoes,,,,,True
5d4bee44cf0b3a0f3f351150,5d4bee44cf0b3a0f3f351150.jpg,footwear,250.7905551,Q2,af,rw,Rwanda,clip,"[""shoe"", ""shoes"", ""sandal"", ""sandals"", ""slipper"", ""slippers"", ""sneaker"", ""sneakers"", ""boot"", ""boots"", ""footwear""]",classification,footwear,footwear,0.9999456405639648,1.0,,True
5d4bee44cf0b3a0f3f351150,5d4bee44cf0b3a0f3f351150.jpg,footwear,250.7905551,Q2,af,rw,Rwanda,qwen,"[""shoe"", ""shoes"", ""sandal"", ""sandals"", ""slipper"", ""slippers"", ""sneaker"", ""sneakers"", ""boot"", ""boots"", ""footwear""]",captioning,The main household object in the image is a pair of blue rubber boots and a single black slipper.,,,,,True
5d4bee44cf0b3a0f3f351150,5d4bee44cf0b3a0f3f351150.jpg,footwear,250.7905551,Q2,af,rw,Rwanda,qwen,"[""shoe"", ""shoes"", ""sandal"", ""sandals"", ""slipper"", ""slippers"", ""sneaker"", ""sneakers"", ""boot"", ""boots"", ""footwear""]",classification,footwear,footwear,,,,True
5d4bee51cf0b3a0f3f3512b8,5d4bee51cf0b3a0f3f3512b8.jpg,trash container,460.0,Q2,af,rw,Rwanda,blip_baseline,"[""trash can"", ""garbage can"", ""garbage bin"", ""waste bin"", ""dustbin"", ""dumpster""]",captioning,a pile of dirt with a blue cloth on it,,,,,False
5d4bee51cf0b3a0f3f3512b8,5d4bee51cf0b3a0f3f3512b8.jpg,trash container,460.0,Q2,af,rw,Rwanda,blip_prompted,"[""trash can"", ""garbage can"", ""garbage bin"", ""waste bin"", ""dustbin"", ""dumpster""]",captioning,the main household object in this image is a pile of dirt,,,,,False
5d4bee51cf0b3a0f3f3512b8,5d4bee51cf0b3a0f3f3512b8.jpg,trash container,460.0,Q2,af,rw,Rwanda,clip,"[""trash can"", ""garbage can"", ""garbage bin"", ""waste bin"", ""dustbin"", ""dumpster""]",classification,footwear,footwear,0.7655875086784363,3.0,,False
5d4bee51cf0b3a0f3f3512b8,5d4bee51cf0b3a0f3f3512b8.jpg,trash container,460.0,Q2,af,rw,Rwanda,qwen,"[""trash can"", ""garbage can"", ""garbage bin"", ""waste bin"", ""dustbin"", ""dumpster""]",captioning,The main household object in this image is a compost pile.,,,,,False
5d4bee51cf0b3a0f3f3512b8,5d4bee51cf0b3a0f3f3512b8.jpg,trash container,460.0,Q2,af,rw,Rwanda,qwen,"[""trash can"", ""garbage can"", ""garbage bin"", ""waste bin"", ""dustbin"", ""dumpster""]",classification,trash container,trash container,,,,True
5d4beeb5cf0b3a0f3f351e3c,5d4beeb5cf0b3a0f3f351e3c.jpg,trash container,195.4533587,Q1,as,ph,Philippines,blip_baseline,"[""trash can"", ""garbage can"", ""garbage bin"", ""waste bin"", ""dustbin"", ""dumpster""]",captioning,a green trash can sitting next to a blue trash can,,,,,True
5d4beeb5cf0b3a0f3f351e3c,5d4beeb5cf0b3a0f3f351e3c.jpg,trash container,195.4533587,Q1,as,ph,Philippines,blip_prompted,"[""trash can"", ""garbage can"", ""garbage bin"", ""waste bin"", ""dustbin"", ""dumpster""]",captioning,the main household object in this image is a green plastic container,,,,,False
5d4beeb5cf0b3a0f3f351e3c,5d4beeb5cf0b3a0f3f351e3c.jpg,trash container,195.4533587,Q1,as,ph,Philippines,clip,"[""trash can"", ""garbage can"", ""garbage bin"", ""waste bin"", ""dustbin"", ""dumpster""]",classification,trash container,trash container,0.870446503162384,1.0,,True
5d4beeb5cf0b3a0f3f351e3c,5d4beeb5cf0b3a0f3f351e3c.jpg,trash container,195.4533587,Q1,as,ph,Philippines,qwen,"[""trash can"", ""garbage can"", ""garbage bin"", ""waste bin"", ""dustbin"", ""dumpster""]",captioning,The main household object is a green plastic trash can with a lid.,,,,,True
5d4beeb5cf0b3a0f3f351e3c,5d4beeb5cf0b3a0f3f351e3c.jpg,trash container,195.4533587,Q1,as,ph,Philippines,qwen,"[""trash can"", ""garbage can"", ""garbage bin"", ""waste bin"", ""dustbin"", ""dumpster""]",classification,trash container,trash container,,,,True
5d4beebecf0b3a0f3f351f34,5d4beebecf0b3a0f3f351f34.jpg,footwear,97.63936288,Q1,as,ph,Philippines,blip_baseline,"[""shoe"", ""shoes"", ""sandal"", ""sandals"", ""slipper"", ""slippers"", ""sneaker"", ""sneakers"", ""boot"", ""boots"", ""footwear""]",captioning,a pair of flip flops sitting on the ground,,,,,False
5d4beebecf0b3a0f3f351f34,5d4beebecf0b3a0f3f351f34.jpg,footwear,97.63936288,Q1,as,ph,Philippines,blip_prompted,"[""shoe"", ""shoes"", ""sandal"", ""sandals"", ""slipper"", ""slippers"", ""sneaker"", ""sneakers"", ""boot"", ""boots"", ""footwear""]",captioning,the main household object in this image is a pair of flip flops,,,,,False
5d4beebecf0b3a0f3f351f34,5d4beebecf0b3a0f3f351f34.jpg,footwear,97.63936288,Q1,as,ph,Philippines,clip,"[""shoe"", ""shoes"", ""sandal"", ""sandals"", ""slipper"", ""slippers"", ""sneaker"", ""sneakers"", ""boot"", ""boots"", ""footwear""]",classification,footwear,footwear,0.9998314380645752,1.0,,True
5d4beebecf0b3a0f3f351f34,5d4beebecf0b3a0f3f351f34.jpg,footwear,97.63936288,Q1,as,ph,Philippines,qwen,"[""shoe"", ""shoes"", ""sandal"", ""sandals"", ""slipper"", ""slippers"", ""sneaker"", ""sneakers"", ""boot"", ""boots"", ""footwear""]",captioning,The main household object in the image is a pair of flip-flops with colorful designs on them.,,,,,False
5d4beebecf0b3a0f3f351f34,5d4beebecf0b3a0f3f351f34.jpg,footwear,97.63936288,Q1,as,ph,Philippines,qwen,"[""shoe"", ""shoes"", ""sandal"", ""sandals"", ""slipper"", ""slippers"", ""sneaker"", ""sneakers"", ""boot"", ""boots"", ""footwear""]",classification,footwear,footwear,,,,True
5d4beecccf0b3a0f3f3520d2,5d4beecccf0b3a0f3f3520d2.jpg,switch,193.8785291,Q1,as,ph,Philippines,blip_baseline,"[""switch"", ""light switch"", ""power switch""]",captioning,a white light switch on a wooden wall,,,,,True
5d4beecccf0b3a0f3f3520d2,5d4beecccf0b3a0f3f3520d2.jpg,switch,193.8785291,Q1,as,ph,Philippines,blip_prompted,"[""switch"", ""light switch"", ""power switch""]",captioning,the main household object in this image is a light switch,,,,,True
5d4beecccf0b3a0f3f3520d2,5d4beecccf0b3a0f3f3520d2.jpg,switch,193.8785291,Q1,as,ph,Philippines,clip,"[""switch"", ""light switch"", ""power switch""]",classification,switch,switch,0.9062778949737548,1.0,,True
5d4beecccf0b3a0f3f3520d2,5d4beecccf0b3a0f3f3520d2.jpg,switch,193.8785291,Q1,as,ph,Philippines,qwen,"[""switch"", ""light switch"", ""power switch""]",captioning,The main household object is an old-fashioned light switch with a rectangular shape and a white color.,,,,,True
5d4beecccf0b3a0f3f3520d2,5d4beecccf0b3a0f3f3520d2.jpg,switch,193.8785291,Q1,as,ph,Philippines,qwen,"[""switch"", ""light switch"", ""power switch""]",classification,switch,switch,,,,True
5d4beee5cf0b3a0f3f3523d2,5d4beee5cf0b3a0f3f3523d2.jpg,trash container,67.67970667,Q1,af,ng,Nigeria,blip_baseline,"[""trash can"", ""garbage can"", ""garbage bin"", ""waste bin"", ""dustbin"", ""dumpster""]",captioning,a dirt road with trash and trash on it,,,,,False
5d4beee5cf0b3a0f3f3523d2,5d4beee5cf0b3a0f3f3523d2.jpg,trash container,67.67970667,Q1,af,ng,Nigeria,blip_prompted,"[""trash can"", ""garbage can"", ""garbage bin"", ""waste bin"", ""dustbin"", ""dumpster""]",captioning,the main household object in this image is garbage,,,,,False
5d4beee5cf0b3a0f3f3523d2,5d4beee5cf0b3a0f3f3523d2.jpg,trash container,67.67970667,Q1,af,ng,Nigeria,clip,"[""trash can"", ""garbage can"", ""garbage bin"", ""waste bin"", ""dustbin"", ""dumpster""]",classification,trash container,trash container,0.8811230063438416,1.0,,True
5d4beee5cf0b3a0f3f3523d2,5d4beee5cf0b3a0f3f3523d2.jpg,trash container,67.67970667,Q1,af,ng,Nigeria,qwen,"[""trash can"", ""garbage can"", ""garbage bin"", ""waste bin"", ""dustbin"", ""dumpster""]",captioning,The main household object in this image is a white bird standing on the ground near a pile of trash.,,,,,False
5d4beee5cf0b3a0f3f3523d2,5d4beee5cf0b3a0f3f3523d2.jpg,trash container,67.67970667,Q1,af,ng,Nigeria,qwen,"[""trash can"", ""garbage can"", ""garbage bin"", ""waste bin"", ""dustbin"", ""dumpster""]",classification,trash container,trash container,,,,True
5d4beee9cf0b3a0f3f352444,5d4beee9cf0b3a0f3f352444.jpg,footwear,67.67970667,Q1,af,ng,Nigeria,blip_baseline,"[""shoe"", ""shoes"", ""sandal"", ""sandals"", ""slipper"", ""slippers"", ""sneaker"", ""sneakers"", ""boot"", ""boots"", ""footwear""]",captioning,a pair of flip flops on a rock,,,,,False
5d4beee9cf0b3a0f3f352444,5d4beee9cf0b3a0f3f352444.jpg,footwear,67.67970667,Q1,af,ng,Nigeria,blip_prompted,"[""shoe"", ""shoes"", ""sandal"", ""sandals"", ""slipper"", ""slippers"", ""sneaker"", ""sneakers"", ""boot"", ""boots"", ""footwear""]",captioning,the main household object in this image is a pair of flip flops,,,,,False
5d4beee9cf0b3a0f3f352444,5d4beee9cf0b3a0f3f352444.jpg,footwear,67.67970667,Q1,af,ng,Nigeria,clip,"[""shoe"", ""shoes"", ""sandal"", ""sandals"", ""slipper"", ""slippers"", ""sneaker"", ""sneakers"", ""boot"", ""boots"", ""footwear""]",classification,footwear,footwear,0.9996484518051147,1.0,,True
5d4beee9cf0b3a0f3f352444,5d4beee9cf0b3a0f3f352444.jpg,footwear,67.67970667,Q1,af,ng,Nigeria,qwen,"[""shoe"", ""shoes"", ""sandal"", ""sandals"", ""slipper"", ""slippers"", ""sneaker"", ""sneakers"", ""boot"", ""boots"", ""footwear""]",captioning,The main household object in the image is a pair of flip-flops with colorful patterns.,,,,,False
5d4beee9cf0b3a0f3f352444,5d4beee9cf0b3a0f3f352444.jpg,footwear,67.67970667,Q1,af,ng,Nigeria,qwen,"[""shoe"", ""shoes"", ""sandal"", ""sandals"", ""slipper"", ""slippers"", ""sneaker"", ""sneakers"", ""boot"", ""boots"", ""footwear""]",classification,footwear,footwear,,,,True
5d4bef4dcf0b3a0f3f352fe2,5d4bef4dcf0b3a0f3f352fe2.jpg,stove,1747.0,Q3,as,np,Nepal,blip_baseline,"[""stove"", ""oven"", ""cooker"", ""cooktop"", ""hob""]",captioning,a black stove top,,,,,True
5d4bef4dcf0b3a0f3f352fe2,5d4bef4dcf0b3a0f3f352fe2.jpg,stove,1747.0,Q3,as,np,Nepal,blip_prompted,"[""stove"", ""oven"", ""cooker"", ""cooktop"", ""hob""]",captioning,the main household object in this image is a gas stove,,,,,True
5d4bef4dcf0b3a0f3f352fe2,5d4bef4dcf0b3a0f3f352fe2.jpg,stove,1747.0,Q3,as,np,Nepal,clip,"[""stove"", ""oven"", ""cooker"", ""cooktop"", ""hob""]",classification,stove,stove,0.9750999212265016,1.0,,True
5d4bef4dcf0b3a0f3f352fe2,5d4bef4dcf0b3a0f3f352fe2.jpg,stove,1747.0,Q3,as,np,Nepal,qwen,"[""stove"", ""oven"", ""cooker"", ""cooktop"", ""hob""]",captioning,The main household object is a gas stove with four burners.,,,,,True
5d4bef4dcf0b3a0f3f352fe2,5d4bef4dcf0b3a0f3f352fe2.jpg,stove,1747.0,Q3,as,np,Nepal,qwen,"[""stove"", ""oven"", ""cooker"", ""cooktop"", ""hob""]",classification,stove,stove,,,,True
5d4bef4dcf0b3a0f3f352ff2,5d4bef4dcf0b3a0f3f352ff2.jpg,footwear,1747.0,Q3,as,np,Nepal,blip_baseline,"[""shoe"", ""shoes"", ""sandal"", ""sandals"", ""slipper"", ""slippers"", ""sneaker"", ""sneakers"", ""boot"", ""boots"", ""footwear""]",captioning,a shelf with a bunch of shoes on it,,,,,True
5d4bef4dcf0b3a0f3f352ff2,5d4bef4dcf0b3a0f3f352ff2.jpg,footwear,1747.0,Q3,as,np,Nepal,blip_prompted,"[""shoe"", ""shoes"", ""sandal"", ""sandals"", ""slipper"", ""slippers"", ""sneaker"", ""sneakers"", ""boot"", ""boots"", ""footwear""]",captioning,the main household object in this image is a shelf of shoes,,,,,True
5d4bef4dcf0b3a0f3f352ff2,5d4bef4dcf0b3a0f3f352ff2.jpg,footwear,1747.0,Q3,as,np,Nepal,clip,"[""shoe"", ""shoes"", ""sandal"", ""sandals"", ""slipper"", ""slippers"", ""sneaker"", ""sneakers"", ""boot"", ""boots"", ""footwear""]",classification,footwear,footwear,0.9999128580093384,1.0,,True
5d4bef4dcf0b3a0f3f352ff2,5d4bef4dcf0b3a0f3f352ff2.jpg,footwear,1747.0,Q3,as,np,Nepal,qwen,"[""shoe"", ""shoes"", ""sandal"", ""sandals"", ""slipper"", ""slippers"", ""sneaker"", ""sneakers"", ""boot"", ""boots"", ""footwear""]",captioning,A wooden shelf with various pairs of shoes on it.,,,,,True
5d4bef4dcf0b3a0f3f352ff2,5d4bef4dcf0b3a0f3f352ff2.jpg,footwear,1747.0,Q3,as,np,Nepal,qwen,"[""shoe"", ""shoes"", ""sandal"", ""sandals"", ""slipper"", ""slippers"", ""sneaker"", ""sneakers"", ""boot"", ""boots"", ""footwear""]",classification,footwear,footwear,,,,True
5d4bef59cf0b3a0f3f353156,5d4bef59cf0b3a0f3f353156.jpg,stove,131.5512222,Q1,as,np,Nepal,blip_baseline,"[""stove"", ""oven"", ""cooker"", ""cooktop"", ""hob""]",captioning,a frying pan on a stove in a kitchen,,,,,True
5d4bef59cf0b3a0f3f353156,5d4bef59cf0b3a0f3f353156.jpg,stove,131.5512222,Q1,as,np,Nepal,blip_prompted,"[""stove"", ""oven"", ""cooker"", ""cooktop"", ""hob""]",captioning,the main household object in this image is a frying pan,,,,,False
5d4bef59cf0b3a0f3f353156,5d4bef59cf0b3a0f3f353156.jpg,stove,131.5512222,Q1,as,np,Nepal,clip,"[""stove"", ""oven"", ""cooker"", ""cooktop"", ""hob""]",classification,stove,stove,0.9935652613639832,1.0,,True
5d4bef59cf0b3a0f3f353156,5d4bef59cf0b3a0f3f353156.jpg,stove,131.5512222,Q1,as,np,Nepal,qwen,"[""stove"", ""oven"", ""cooker"", ""cooktop"", ""hob""]",captioning,The main household object is a black cast iron wok placed on a portable gas stove.,,,,,True
5d4bef59cf0b3a0f3f353156,5d4bef59cf0b3a0f3f353156.jpg,stove,131.5512222,Q1,as,np,Nepal,qwen,"[""stove"", ""oven"", ""cooker"", ""cooktop"", ""hob""]",classification,stove,stove,,,,True
5d4bef5dcf0b3a0f3f3531c6,5d4bef5dcf0b3a0f3f3531c6.jpg,roof,131.5512222,Q1,as,np,Nepal,blip_baseline,"[""roof"", ""roofing"", ""ceiling""]",captioning,a cross on a wooden cross,,,,,False
5d4bef5dcf0b3a0f3f3531c6,5d4bef5dcf0b3a0f3f3531c6.jpg,roof,131.5512222,Q1,as,np,Nepal,blip_prompted,"[""roof"", ""roofing"", ""ceiling""]",captioning,the main household object in this image is a cross,,,,,False
5d4bef5dcf0b3a0f3f3531c6,5d4bef5dcf0b3a0f3f3531c6.jpg,roof,131.5512222,Q1,as,np,Nepal,clip,"[""roof"", ""roofing"", ""ceiling""]",classification,stove,stove,0.6387984752655029,2.0,,False
5d4bef5dcf0b3a0f3f3531c6,5d4bef5dcf0b3a0f3f3531c6.jpg,roof,131.5512222,Q1,as,np,Nepal,qwen,"[""roof"", ""roofing"", ""ceiling""]",captioning,The main household object in the image is a metal radiator with a corrugated surface and wooden trim.,,,,,False
5d4bef5dcf0b3a0f3f3531c6,5d4bef5dcf0b3a0f3f3531c6.jpg,roof,131.5512222,Q1,as,np,Nepal,qwen,"[""roof"", ""roofing"", ""ceiling""]",classification,stove,stove,,,,False
5d4bef5fcf0b3a0f3f353214,5d4bef5fcf0b3a0f3f353214.jpg,footwear,3829.191091,Q4,as,np,Nepal,blip_baseline,"[""shoe"", ""shoes"", ""sandal"", ""sandals"", ""slipper"", ""slippers"", ""sneaker"", ""sneakers"", ""boot"", ""boots"", ""footwear""]",captioning,a pair of black and green sandals,,,,,True
5d4bef5fcf0b3a0f3f353214,5d4bef5fcf0b3a0f3f353214.jpg,footwear,3829.191091,Q4,as,np,Nepal,blip_prompted,"[""shoe"", ""shoes"", ""sandal"", ""sandals"", ""slipper"", ""slippers"", ""sneaker"", ""sneakers"", ""boot"", ""boots"", ""footwear""]",captioning,the main household object in this image is a pair of black and green sandals,,,,,True
5d4bef5fcf0b3a0f3f353214,5d4bef5fcf0b3a0f3f353214.jpg,footwear,3829.191091,Q4,as,np,Nepal,clip,"[""shoe"", ""shoes"", ""sandal"", ""sandals"", ""slipper"", ""slippers"", ""sneaker"", ""sneakers"", ""boot"", ""boots"", ""footwear""]",classification,footwear,footwear,0.9999030828475952,1.0,,True
5d4bef5fcf0b3a0f3f353214,5d4bef5fcf0b3a0f3f353214.jpg,footwear,3829.191091,Q4,as,np,Nepal,qwen,"[""shoe"", ""shoes"", ""sandal"", ""sandals"", ""slipper"", ""slippers"", ""sneaker"", ""sneakers"", ""boot"", ""boots"", ""footwear""]",captioning,The main household object in the image is a pair of black and teal-colored flip-flops with a textured sole.,,,,,False
5d4bef5fcf0b3a0f3f353214,5d4bef5fcf0b3a0f3f353214.jpg,footwear,3829.191091,Q4,as,np,Nepal,qwen,"[""shoe"", ""shoes"", ""sandal"", ""sandals"", ""slipper"", ""slippers"", ""sneaker"", ""sneakers"", ""boot"", ""boots"", ""footwear""]",classification,footwear,footwear,,,,True
5d4bef60cf0b3a0f3f353222,5d4bef60cf0b3a0f3f353222.jpg,switch,3829.191091,Q4,as,np,Nepal,blip_baseline,"[""switch"", ""light switch"", ""power switch""]",captioning,a white light switch on a wall,,,,,True
5d4bef60cf0b3a0f3f353222,5d4bef60cf0b3a0f3f353222.jpg,switch,3829.191091,Q4,as,np,Nepal,blip_prompted,"[""switch"", ""light switch"", ""power switch""]",captioning,the main household object in this image is a white switch,,,,,True
5d4bef60cf0b3a0f3f353222,5d4bef60cf0b3a0f3f353222.jpg,switch,3829.191091,Q4,as,np,Nepal,clip,"[""switch"", ""light switch"", ""power switch""]",classification,switch,switch,0.9911092519760132,1.0,,True
5d4bef60cf0b3a0f3f353222,5d4bef60cf0b3a0f3f353222.jpg,switch,3829.191091,Q4,as,np,Nepal,qwen,"[""switch"", ""light switch"", ""power switch""]",captioning,The main household object is an electrical outlet with multiple switches and a power socket.,,,,,False
5d4bef60cf0b3a0f3f353222,5d4bef60cf0b3a0f3f353222.jpg,switch,3829.191091,Q4,as,np,Nepal,qwen,"[""switch"", ""light switch"", ""power switch""]",classification,switch,switch,,,,True
5d4bef87cf0b3a0f3f3536b6,5d4bef87cf0b3a0f3f3536b6.jpg,trash container,1080.0,Q3,am,mx,Mexico,blip_baseline,"[""trash can"", ""garbage can"", ""garbage bin"", ""waste bin"", ""dustbin"", ""dumpster""]",captioning,a green trash can with a plastic container,,,,,True
5d4bef87cf0b3a0f3f3536b6,5d4bef87cf0b3a0f3f3536b6.jpg,trash container,1080.0,Q3,am,mx,Mexico,blip_prompted,"[""trash can"", ""garbage can"", ""garbage bin"", ""waste bin"", ""dustbin"", ""dumpster""]",captioning,the main household object in this image is a plastic container with a plastic ball inside,,,,,False
5d4bef87cf0b3a0f3f3536b6,5d4bef87cf0b3a0f3f3536b6.jpg,trash container,1080.0,Q3,am,mx,Mexico,clip,"[""trash can"", ""garbage can"", ""garbage bin"", ""waste bin"", ""dustbin"", ""dumpster""]",classification,trash container,trash container,0.9728267192840576,1.0,,True
5d4bef87cf0b3a0f3f3536b6,5d4bef87cf0b3a0f3f3536b6.jpg,trash container,1080.0,Q3,am,mx,Mexico,qwen,"[""trash can"", ""garbage can"", ""garbage bin"", ""waste bin"", ""dustbin"", ""dumpster""]",captioning,The main household object is a green plastic trash can with a white lid and a red handle.,,,,,True
5d4bef87cf0b3a0f3f3536b6,5d4bef87cf0b3a0f3f3536b6.jpg,trash container,1080.0,Q3,am,mx,Mexico,qwen,"[""trash can"", ""garbage can"", ""garbage bin"", ""waste bin"", ""dustbin"", ""dumpster""]",classification,trash container,trash container,,,,True
5d4bef89cf0b3a0f3f3536f2,5d4bef89cf0b3a0f3f3536f2.jpg,switch,1080.0,Q3,am,mx,Mexico,blip_baseline,"[""switch"", ""light switch"", ""power switch""]",captioning,a white light switch on a wall,,,,,True
5d4bef89cf0b3a0f3f3536f2,5d4bef89cf0b3a0f3f3536f2.jpg,switch,1080.0,Q3,am,mx,Mexico,blip_prompted,"[""switch"", ""light switch"", ""power switch""]",captioning,the main household object in this image is a light switch,,,,,True
5d4bef89cf0b3a0f3f3536f2,5d4bef89cf0b3a0f3f3536f2.jpg,switch,1080.0,Q3,am,mx,Mexico,clip,"[""switch"", ""light switch"", ""power switch""]",classification,switch,switch,0.9944064617156982,1.0,,True
5d4bef89cf0b3a0f3f3536f2,5d4bef89cf0b3a0f3f3536f2.jpg,switch,1080.0,Q3,am,mx,Mexico,qwen,"[""switch"", ""light switch"", ""power switch""]",captioning,The main household object in the image is a white light switch with two rectangular buttons.,,,,,True
5d4bef89cf0b3a0f3f3536f2,5d4bef89cf0b3a0f3f3536f2.jpg,switch,1080.0,Q3,am,mx,Mexico,qwen,"[""switch"", ""light switch"", ""power switch""]",classification,switch,switch,,,,True
5d4befa5cf0b3a0f3f353924,5d4befa5cf0b3a0f3f353924.jpg,trash container,6342.0,Q4,am,mx,Mexico,blip_baseline,"[""trash can"", ""garbage can"", ""garbage bin"", ""waste bin"", ""dustbin"", ""dumpster""]",captioning,a trash can be seen in the corner of a door,,,,,True
5d4befa5cf0b3a0f3f353924,5d4befa5cf0b3a0f3f353924.jpg,trash container,6342.0,Q4,am,mx,Mexico,blip_prompted,"[""trash can"", ""garbage can"", ""garbage bin"", ""waste bin"", ""dustbin"", ""dumpster""]",captioning,the main household object in this image is a trash can,,,,,True
5d4befa5cf0b3a0f3f353924,5d4befa5cf0b3a0f3f353924.jpg,trash container,6342.0,Q4,am,mx,Mexico,clip,"[""trash can"", ""garbage can"", ""garbage bin"", ""waste bin"", ""dustbin"", ""dumpster""]",classification,trash container,trash container,0.9943307638168336,1.0,,True
5d4befa5cf0b3a0f3f353924,5d4befa5cf0b3a0f3f353924.jpg,trash container,6342.0,Q4,am,mx,Mexico,qwen,"[""trash can"", ""garbage can"", ""garbage bin"", ""waste bin"", ""dustbin"", ""dumpster""]",captioning,The main household object is a black trash can with a white plastic bag inside.,,,,,True
5d4befa5cf0b3a0f3f353924,5d4befa5cf0b3a0f3f353924.jpg,trash container,6342.0,Q4,am,mx,Mexico,qwen,"[""trash can"", ""garbage can"", ""garbage bin"", ""waste bin"", ""dustbin"", ""dumpster""]",classification,trash container,trash container,,,,True
5d4befa8cf0b3a0f3f353974,5d4befa8cf0b3a0f3f353974.jpg,stove,6342.0,Q4,am,mx,Mexico,blip_baseline,"[""stove"", ""oven"", ""cooker"", ""cooktop"", ""hob""]",captioning,a stove with a rack of cooking uts in it,,,,,True
5d4befa8cf0b3a0f3f353974,5d4befa8cf0b3a0f3f353974.jpg,stove,6342.0,Q4,am,mx,Mexico,blip_prompted,"[""stove"", ""oven"", ""cooker"", ""cooktop"", ""hob""]",captioning,the main household object in this image is a stove,,,,,True
5d4befa8cf0b3a0f3f353974,5d4befa8cf0b3a0f3f353974.jpg,stove,6342.0,Q4,am,mx,Mexico,clip,"[""stove"", ""oven"", ""cooker"", ""cooktop"", ""hob""]",classification,stove,stove,0.994967758655548,1.0,,True
5d4befa8cf0b3a0f3f353974,5d4befa8cf0b3a0f3f353974.jpg,stove,6342.0,Q4,am,mx,Mexico,qwen,"[""stove"", ""oven"", ""cooker"", ""cooktop"", ""hob""]",captioning,The main household object in this image is an open oven with a blue exterior and metal racks inside.,,,,,True
5d4befa8cf0b3a0f3f353974,5d4befa8cf0b3a0f3f353974.jpg,stove,6342.0,Q4,am,mx,Mexico,qwen,"[""stove"", ""oven"", ""cooker"", ""cooktop"", ""hob""]",classification,stove,stove,,,,True
5d4befc5cf0b3a0f3f353ce2,5d4befc5cf0b3a0f3f353ce2.jpg,stove,50.18041676,Q1,af,mw,Malawi,blip_baseline,"[""stove"", ""oven"", ""cooker"", ""cooktop"", ""hob""]",captioning,a person is using a knife to cut a piece of wood,,,,,False
5d4befc5cf0b3a0f3f353ce2,5d4befc5cf0b3a0f3f353ce2.jpg,stove,50.18041676,Q1,af,mw,Malawi,blip_prompted,"[""stove"", ""oven"", ""cooker"", ""cooktop"", ""hob""]",captioning,"the main household object in this image is a knife, a knife, and a knife in the fore",,,,,False
5d4befc5cf0b3a0f3f353ce2,5d4befc5cf0b3a0f3f353ce2.jpg,stove,50.18041676,Q1,af,mw,Malawi,clip,"[""stove"", ""oven"", ""cooker"", ""cooktop"", ""hob""]",classification,footwear,footwear,0.5268768668174744,2.0,,False
5d4befc5cf0b3a0f3f353ce2,5d4befc5cf0b3a0f3f353ce2.jpg,stove,50.18041676,Q1,af,mw,Malawi,qwen,"[""stove"", ""oven"", ""cooker"", ""cooktop"", ""hob""]",captioning,The main household object is a toy car with a yellow and blue color scheme.,,,,,False
5d4befc5cf0b3a0f3f353ce2,5d4befc5cf0b3a0f3f353ce2.jpg,stove,50.18041676,Q1,af,mw,Malawi,qwen,"[""stove"", ""oven"", ""cooker"", ""cooktop"", ""hob""]",classification,stove,stove,,,,True
5d4beff5cf0b3a0f3f354210,5d4beff5cf0b3a0f3f354210.jpg,stove,51.88264617,Q1,af,mw,Malawi,blip_baseline,"[""stove"", ""oven"", ""cooker"", ""cooktop"", ""hob""]",captioning,a pile of rocks and sticks on the ground,,,,,False
5d4beff5cf0b3a0f3f354210,5d4beff5cf0b3a0f3f354210.jpg,stove,51.88264617,Q1,af,mw,Malawi,blip_prompted,"[""stove"", ""oven"", ""cooker"", ""cooktop"", ""hob""]",captioning,the main household object in this image is a fire pit,,,,,False
5d4beff5cf0b3a0f3f354210,5d4beff5cf0b3a0f3f354210.jpg,stove,51.88264617,Q1,af,mw,Malawi,clip,"[""stove"", ""oven"", ""cooker"", ""cooktop"", ""hob""]",classification,footwear,footwear,0.521278440952301,2.0,,False
5d4beff5cf0b3a0f3f354210,5d4beff5cf0b3a0f3f354210.jpg,stove,51.88264617,Q1,af,mw,Malawi,qwen,"[""stove"", ""oven"", ""cooker"", ""cooktop"", ""hob""]",captioning,The main household object in the image is a small brick oven used for cooking.,,,,,True
5d4beff5cf0b3a0f3f354210,5d4beff5cf0b3a0f3f354210.jpg,stove,51.88264617,Q1,af,mw,Malawi,qwen,"[""stove"", ""oven"", ""cooker"", ""cooktop"", ""hob""]",classification,stove,stove,,,,True
5d4bf05ccf0b3a0f3f354caa,5d4bf05ccf0b3a0f3f354caa.jpg,roof,116.0,Q1,af,lr,Liberia,blip_baseline,"[""roof"", ""roofing"", ""ceiling""]",captioning,a wooden ceiling with a metal pole and a string,,,,,True
5d4bf05ccf0b3a0f3f354caa,5d4bf05ccf0b3a0f3f354caa.jpg,roof,116.0,Q1,af,lr,Liberia,blip_prompted,"[""roof"", ""roofing"", ""ceiling""]",captioning,the main household object in this image is a wooden ceiling,,,,,True
5d4bf05ccf0b3a0f3f354caa,5d4bf05ccf0b3a0f3f354caa.jpg,roof,116.0,Q1,af,lr,Liberia,clip,"[""roof"", ""roofing"", ""ceiling""]",classification,roof,roof,0.9795087575912476,1.0,,True
5d4bf05ccf0b3a0f3f354caa,5d4bf05ccf0b3a0f3f354caa.jpg,roof,116.0,Q1,af,lr,Liberia,qwen,"[""roof"", ""roofing"", ""ceiling""]",captioning,The main household object in this image is a corrugated metal roof with wooden beams and ropes.,,,,,True
5d4bf05ccf0b3a0f3f354caa,5d4bf05ccf0b3a0f3f354caa.jpg,roof,116.0,Q1,af,lr,Liberia,qwen,"[""roof"", ""roofing"", ""ceiling""]",classification,roof,roof,,,,True
5d4bf08acf0b3a0f3f355178,5d4bf08acf0b3a0f3f355178.jpg,footwear,60.75268981,Q1,af,ci,Cote d'Ivoire,blip_baseline,"[""shoe"", ""shoes"", ""sandal"", ""sandals"", ""slipper"", ""slippers"", ""sneaker"", ""sneakers"", ""boot"", ""boots"", ""footwear""]",captioning,a pair of dirty shoes on the ground,,,,,True
5d4bf08acf0b3a0f3f355178,5d4bf08acf0b3a0f3f355178.jpg,footwear,60.75268981,Q1,af,ci,Cote d'Ivoire,blip_prompted,"[""shoe"", ""shoes"", ""sandal"", ""sandals"", ""slipper"", ""slippers"", ""sneaker"", ""sneakers"", ""boot"", ""boots"", ""footwear""]",captioning,the main household object in this image is a pair of flip flops,,,,,False
5d4bf08acf0b3a0f3f355178,5d4bf08acf0b3a0f3f355178.jpg,footwear,60.75268981,Q1,af,ci,Cote d'Ivoire,clip,"[""shoe"", ""shoes"", ""sandal"", ""sandals"", ""slipper"", ""slippers"", ""sneaker"", ""sneakers"", ""boot"", ""boots"", ""footwear""]",classification,footwear,footwear,0.999969244003296,1.0,,True
5d4bf08acf0b3a0f3f355178,5d4bf08acf0b3a0f3f355178.jpg,footwear,60.75268981,Q1,af,ci,Cote d'Ivoire,qwen,"[""shoe"", ""shoes"", ""sandal"", ""sandals"", ""slipper"", ""slippers"", ""sneaker"", ""sneakers"", ""boot"", ""boots"", ""footwear""]",captioning,The main household object in the image is a pair of worn flip-flops with a floral design on the straps.,,,,,False
5d4bf08acf0b3a0f3f355178,5d4bf08acf0b3a0f3f355178.jpg,footwear,60.75268981,Q1,af,ci,Cote d'Ivoire,qwen,"[""shoe"", ""shoes"", ""sandal"", ""sandals"", ""slipper"", ""slippers"", ""sneaker"", ""sneakers"", ""boot"", ""boots"", ""footwear""]",classification,footwear,footwear,,,,True
5d4bf0b4cf0b3a0f3f3555cc,5d4bf0b4cf0b3a0f3f3555cc.jpg,light source,82.91518231,Q1,af,ci,Cote d'Ivoire,blip_baseline,"[""light"", ""lamp"", ""bulb"", ""lantern"", ""candle""]",captioning,a red stove on the ground,,,,,False
5d4bf0b4cf0b3a0f3f3555cc,5d4bf0b4cf0b3a0f3f3555cc.jpg,light source,82.91518231,Q1,af,ci,Cote d'Ivoire,blip_prompted,"[""light"", ""lamp"", ""bulb"", ""lantern"", ""candle""]",captioning,the main household object in this image is a red gas stove,,,,,False
5d4bf0b4cf0b3a0f3f3555cc,5d4bf0b4cf0b3a0f3f3555cc.jpg,light source,82.91518231,Q1,af,ci,Cote d'Ivoire,clip,"[""light"", ""lamp"", ""bulb"", ""lantern"", ""candle""]",classification,stove,stove,0.8826082348823547,2.0,,False
5d4bf0b4cf0b3a0f3f3555cc,5d4bf0b4cf0b3a0f3f3555cc.jpg,light source,82.91518231,Q1,af,ci,Cote d'Ivoire,qwen,"[""light"", ""lamp"", ""bulb"", ""lantern"", ""candle""]",captioning,"The main household object in the image is an old, red lantern with a metal base and handle.",,,,,True
5d4bf0b4cf0b3a0f3f3555cc,5d4bf0b4cf0b3a0f3f3555cc.jpg,light source,82.91518231,Q1,af,ci,Cote d'Ivoire,qwen,"[""light"", ""lamp"", ""bulb"", ""lantern"", ""candle""]",classification,light source,light source,,,,True
5d4bf0bfcf0b3a0f3f355712,5d4bf0bfcf0b3a0f3f355712.jpg,roof,80.72770904,Q1,af,ci,Cote d'Ivoire,blip_baseline,"[""roof"", ""roofing"", ""ceiling""]",captioning,a house with a tar tar covering it,,,,,False
5d4bf0bfcf0b3a0f3f355712,5d4bf0bfcf0b3a0f3f355712.jpg,roof,80.72770904,Q1,af,ci,Cote d'Ivoire,blip_prompted,"[""roof"", ""roofing"", ""ceiling""]",captioning,the main household object in this image is a house,,,,,False
5d4bf0bfcf0b3a0f3f355712,5d4bf0bfcf0b3a0f3f355712.jpg,roof,80.72770904,Q1,af,ci,Cote d'Ivoire,clip,"[""roof"", ""roofing"", ""ceiling""]",classification,roof,roof,0.9978002905845642,1.0,,True
5d4bf0bfcf0b3a0f3f355712,5d4bf0bfcf0b3a0f3f355712.jpg,roof,80.72770904,Q1,af,ci,Cote d'Ivoire,qwen,"[""roof"", ""roofing"", ""ceiling""]",captioning,"The main household object is a small, makeshift structure with a thatched roof and walls covered in tarps.",,,,,True
5d4bf0bfcf0b3a0f3f355712,5d4bf0bfcf0b3a0f3f355712.jpg,roof,80.72770904,Q1,af,ci,Cote d'Ivoire,qwen,"[""roof"", ""roofing"", ""ceiling""]",classification,stove,stove,,,,False
5d4bf131cf0b3a0f3f356206,5d4bf131cf0b3a0f3f356206.jpg,roof,564.997748,Q2,as,id,Indonesia,blip_baseline,"[""roof"", ""roofing"", ""ceiling""]",captioning,a roof with a broken tile on it,,,,,True
5d4bf131cf0b3a0f3f356206,5d4bf131cf0b3a0f3f356206.jpg,roof,564.997748,Q2,as,id,Indonesia,blip_prompted,"[""roof"", ""roofing"", ""ceiling""]",captioning,the main household object in this image is a roof,,,,,True
5d4bf131cf0b3a0f3f356206,5d4bf131cf0b3a0f3f356206.jpg,roof,564.997748,Q2,as,id,Indonesia,clip,"[""roof"", ""roofing"", ""ceiling""]",classification,roof,roof,0.999777615070343,1.0,,True
5d4bf131cf0b3a0f3f356206,5d4bf131cf0b3a0f3f356206.jpg,roof,564.997748,Q2,as,id,Indonesia,qwen,"[""roof"", ""roofing"", ""ceiling""]",captioning,The main household object is a metal downspout attached to a tiled roof.,,,,,True
5d4bf131cf0b3a0f3f356206,5d4bf131cf0b3a0f3f356206.jpg,roof,564.997748,Q2,as,id,Indonesia,qwen,"[""roof"", ""roofing"", ""ceiling""]",classification,roof,roof,,,,True
5d4bf150cf0b3a0f3f356534,5d4bf150cf0b3a0f3f356534.jpg,stove,209.7449238,Q1,as,id,Indonesia,blip_baseline,"[""stove"", ""oven"", ""cooker"", ""cooktop"", ""hob""]",captioning,a table with a stove and a pot on it,,,,,True
5d4bf150cf0b3a0f3f356534,5d4bf150cf0b3a0f3f356534.jpg,stove,209.7449238,Q1,as,id,Indonesia,blip_prompted,"[""stove"", ""oven"", ""cooker"", ""cooktop"", ""hob""]",captioning,"the main household object in this image is a stove, a pot, a pan, a bowl, a bowl, a bowl, a bowl",,,,,True
5d4bf150cf0b3a0f3f356534,5d4bf150cf0b3a0f3f356534.jpg,stove,209.7449238,Q1,as,id,Indonesia,clip,"[""stove"", ""oven"", ""cooker"", ""cooktop"", ""hob""]",classification,stove,stove,0.9867509007453918,1.0,,True
5d4bf150cf0b3a0f3f356534,5d4bf150cf0b3a0f3f356534.jpg,stove,209.7449238,Q1,as,id,Indonesia,qwen,"[""stove"", ""oven"", ""cooker"", ""cooktop"", ""hob""]",captioning,The main household object is a silver teapot with a black lid and handle on a table.,,,,,False
5d4bf150cf0b3a0f3f356534,5d4bf150cf0b3a0f3f356534.jpg,stove,209.7449238,Q1,as,id,Indonesia,qwen,"[""stove"", ""oven"", ""cooker"", ""cooktop"", ""hob""]",classification,stove,stove,,,,True
5d4bf151cf0b3a0f3f356556,5d4bf151cf0b3a0f3f356556.jpg,switch,209.7449238,Q1,as,id,Indonesia,blip_baseline,"[""switch"", ""light switch"", ""power switch""]",captioning,a white light switch on a brick wall,,,,,True
5d4bf151cf0b3a0f3f356556,5d4bf151cf0b3a0f3f356556.jpg,switch,209.7449238,Q1,as,id,Indonesia,blip_prompted,"[""switch"", ""light switch"", ""power switch""]",captioning,the main household object in this image is a light switch,,,,,True
5d4bf151cf0b3a0f3f356556,5d4bf151cf0b3a0f3f356556.jpg,switch,209.7449238,Q1,as,id,Indonesia,clip,"[""switch"", ""light switch"", ""power switch""]",classification,switch,switch,0.9767000079154968,1.0,,True
5d4bf151cf0b3a0f3f356556,5d4bf151cf0b3a0f3f356556.jpg,switch,209.7449238,Q1,as,id,Indonesia,qwen,"[""switch"", ""light switch"", ""power switch""]",captioning,"The main household object in the image is an old, worn-out light switch mounted on a concrete wall with exposed bricks.",,,,,True
5d4bf151cf0b3a0f3f356556,5d4bf151cf0b3a0f3f356556.jpg,switch,209.7449238,Q1,as,id,Indonesia,qwen,"[""switch"", ""light switch"", ""power switch""]",classification,switch,switch,,,,True
5d4bf168cf0b3a0f3f356784,5d4bf168cf0b3a0f3f356784.jpg,switch,399.0,Q2,as,id,Indonesia,blip_baseline,"[""switch"", ""light switch"", ""power switch""]",captioning,a white wall outlet with a black cord,,,,,False
5d4bf168cf0b3a0f3f356784,5d4bf168cf0b3a0f3f356784.jpg,switch,399.0,Q2,as,id,Indonesia,blip_prompted,"[""switch"", ""light switch"", ""power switch""]",captioning,the main household object in this image is a plug,,,,,False
5d4bf168cf0b3a0f3f356784,5d4bf168cf0b3a0f3f356784.jpg,switch,399.0,Q2,as,id,Indonesia,clip,"[""switch"", ""light switch"", ""power switch""]",classification,switch,switch,0.9783740043640136,1.0,,True
5d4bf168cf0b3a0f3f356784,5d4bf168cf0b3a0f3f356784.jpg,switch,399.0,Q2,as,id,Indonesia,qwen,"[""switch"", ""light switch"", ""power switch""]",captioning,The main household object is an electrical outlet with a plug featuring a face design.,,,,,False
5d4bf168cf0b3a0f3f356784,5d4bf168cf0b3a0f3f356784.jpg,switch,399.0,Q2,as,id,Indonesia,qwen,"[""switch"", ""light switch"", ""power switch""]",classification,switch,switch,,,,True
5d4bf185cf0b3a0f3f356a5e,5d4bf185cf0b3a0f3f356a5e.jpg,switch,465.5026805,Q2,as,in,India,blip_baseline,"[""switch"", ""light switch"", ""power switch""]",captioning,a white wall,,,,,False
5d4bf185cf0b3a0f3f356a5e,5d4bf185cf0b3a0f3f356a5e.jpg,switch,465.5026805,Q2,as,in,India,blip_prompted,"[""switch"", ""light switch"", ""power switch""]",captioning,the main household object in this image is a switch box,,,,,True
5d4bf185cf0b3a0f3f356a5e,5d4bf185cf0b3a0f3f356a5e.jpg,switch,465.5026805,Q2,as,in,India,clip,"[""switch"", ""light switch"", ""power switch""]",classification,switch,switch,0.6542273759841919,1.0,,True
5d4bf185cf0b3a0f3f356a5e,5d4bf185cf0b3a0f3f356a5e.jpg,switch,465.5026805,Q2,as,in,India,qwen,"[""switch"", ""light switch"", ""power switch""]",captioning,The main household object is an electrical panel with multiple switches and a red light indicator.,,,,,False
5d4bf185cf0b3a0f3f356a5e,5d4bf185cf0b3a0f3f356a5e.jpg,switch,465.5026805,Q2,as,in,India,qwen,"[""switch"", ""light switch"", ""power switch""]",classification,switch,switch,,,,True
5d4bf18bcf0b3a0f3f356b06,5d4bf18bcf0b3a0f3f356b06.jpg,trash container,724.0,Q3,as,in,India,blip_baseline,"[""trash can"", ""garbage can"", ""garbage bin"", ""waste bin"", ""dustbin"", ""dumpster""]",captioning,a toilet with a paper bag on the floor,,,,,False
5d4bf18bcf0b3a0f3f356b06,5d4bf18bcf0b3a0f3f356b06.jpg,trash container,724.0,Q3,as,in,India,blip_prompted,"[""trash can"", ""garbage can"", ""garbage bin"", ""waste bin"", ""dustbin"", ""dumpster""]",captioning,the main household object in this image is a paper bag,,,,,False
5d4bf18bcf0b3a0f3f356b06,5d4bf18bcf0b3a0f3f356b06.jpg,trash container,724.0,Q3,as,in,India,clip,"[""trash can"", ""garbage can"", ""garbage bin"", ""waste bin"", ""dustbin"", ""dumpster""]",classification,trash container,trash container,0.9911598563194276,1.0,,True
5d4bf18bcf0b3a0f3f356b06,5d4bf18bcf0b3a0f3f356b06.jpg,trash container,724.0,Q3,as,in,India,qwen,"[""trash can"", ""garbage can"", ""garbage bin"", ""waste bin"", ""dustbin"", ""dumpster""]",captioning,A trash can with a plastic bag inside.,,,,,True
5d4bf18bcf0b3a0f3f356b06,5d4bf18bcf0b3a0f3f356b06.jpg,trash container,724.0,Q3,as,in,India,qwen,"[""trash can"", ""garbage can"", ""garbage bin"", ""waste bin"", ""dustbin"", ""dumpster""]",classification,trash container,trash container,,,,True
5d4bf191cf0b3a0f3f356bb4,5d4bf191cf0b3a0f3f356bb4.jpg,trash container,245.2917235,Q2,as,in,India,blip_baseline,"[""trash can"", ""garbage can"", ""garbage bin"", ""waste bin"", ""dustbin"", ""dumpster""]",captioning,a dog standing on a dirt road next to a pile of garbage,,,,,False
5d4bf191cf0b3a0f3f356bb4,5d4bf191cf0b3a0f3f356bb4.jpg,trash container,245.2917235,Q2,as,in,India,blip_prompted,"[""trash can"", ""garbage can"", ""garbage bin"", ""waste bin"", ""dustbin"", ""dumpster""]",captioning,the main household object in this image is a dog,,,,,False
5d4bf191cf0b3a0f3f356bb4,5d4bf191cf0b3a0f3f356bb4.jpg,trash container,245.2917235,Q2,as,in,India,clip,"[""trash can"", ""garbage can"", ""garbage bin"", ""waste bin"", ""dustbin"", ""dumpster""]",classification,roof,roof,0.2946926057338714,4.0,,False
5d4bf191cf0b3a0f3f356bb4,5d4bf191cf0b3a0f3f356bb4.jpg,trash container,245.2917235,Q2,as,in,India,qwen,"[""trash can"", ""garbage can"", ""garbage bin"", ""waste bin"", ""dustbin"", ""dumpster""]",captioning,The main household object in the image is a banana leaf.,,,,,False
5d4bf191cf0b3a0f3f356bb4,5d4bf191cf0b3a0f3f356bb4.jpg,trash container,245.2917235,Q2,as,in,India,qwen,"[""trash can"", ""garbage can"", ""garbage bin"", ""waste bin"", ""dustbin"", ""dumpster""]",classification,trash container,trash container,,,,True
5d4bf24dcf0b3a0f3f3580a2,5d4bf24dcf0b3a0f3f3580a2.jpg,footwear,143.0,Q1,am,co,Colombia,blip_baseline,"[""shoe"", ""shoes"", ""sandal"", ""sandals"", ""slipper"", ""slippers"", ""sneaker"", ""sneakers"", ""boot"", ""boots"", ""footwear""]",captioning,a pair of dirty shoes on the ground,,,,,True
5d4bf24dcf0b3a0f3f3580a2,5d4bf24dcf0b3a0f3f3580a2.jpg,footwear,143.0,Q1,am,co,Colombia,blip_prompted,"[""shoe"", ""shoes"", ""sandal"", ""sandals"", ""slipper"", ""slippers"", ""sneaker"", ""sneakers"", ""boot"", ""boots"", ""footwear""]",captioning,the main household object in this image is a pair of shoes,,,,,True
5d4bf24dcf0b3a0f3f3580a2,5d4bf24dcf0b3a0f3f3580a2.jpg,footwear,143.0,Q1,am,co,Colombia,clip,"[""shoe"", ""shoes"", ""sandal"", ""sandals"", ""slipper"", ""slippers"", ""sneaker"", ""sneakers"", ""boot"", ""boots"", ""footwear""]",classification,footwear,footwear,0.9998282194137572,1.0,,True
5d4bf24dcf0b3a0f3f3580a2,5d4bf24dcf0b3a0f3f3580a2.jpg,footwear,143.0,Q1,am,co,Colombia,qwen,"[""shoe"", ""shoes"", ""sandal"", ""sandals"", ""slipper"", ""slippers"", ""sneaker"", ""sneakers"", ""boot"", ""boots"", ""footwear""]",captioning,The main household object in the image is a pair of worn-out black shoes with visible dirt and wear marks.,,,,,True
5d4bf24dcf0b3a0f3f3580a2,5d4bf24dcf0b3a0f3f3580a2.jpg,footwear,143.0,Q1,am,co,Colombia,qwen,"[""shoe"", ""shoes"", ""sandal"", ""sandals"", ""slipper"", ""slippers"", ""sneaker"", ""sneakers"", ""boot"", ""boots"", ""footwear""]",classification,footwear,footwear,,,,True
5d4bf260cf0b3a0f3f3582cc,5d4bf260cf0b3a0f3f3582cc.jpg,switch,144.688254,Q1,am,co,Colombia,blip_baseline,"[""switch"", ""light switch"", ""power switch""]",captioning,a bottle of beer is being held up,,,,,False
5d4bf260cf0b3a0f3f3582cc,5d4bf260cf0b3a0f3f3582cc.jpg,switch,144.688254,Q1,am,co,Colombia,blip_prompted,"[""switch"", ""light switch"", ""power switch""]",captioning,the main household object in this image is a bottle of water,,,,,False
5d4bf260cf0b3a0f3f3582cc,5d4bf260cf0b3a0f3f3582cc.jpg,switch,144.688254,Q1,am,co,Colombia,clip,"[""switch"", ""light switch"", ""power switch""]",classification,switch,switch,0.4525269567966461,1.0,,True
5d4bf260cf0b3a0f3f3582cc,5d4bf260cf0b3a0f3f3582cc.jpg,switch,144.688254,Q1,am,co,Colombia,qwen,"[""switch"", ""light switch"", ""power switch""]",captioning,The main household object in the image is an old-fashioned electrical plug with a white plastic body and two prongs.,,,,,False
5d4bf260cf0b3a0f3f3582cc,5d4bf260cf0b3a0f3f3582cc.jpg,switch,144.688254,Q1,am,co,Colombia,qwen,"[""switch"", ""light switch"", ""power switch""]",classification,light source,light source,,,,False
5d4bf271cf0b3a0f3f3583da,5d4bf271cf0b3a0f3f3583da.jpg,light source,144.688254,Q1,am,co,Colombia,blip_baseline,"[""light"", ""lamp"", ""bulb"", ""lantern"", ""candle""]",captioning,a room with a ceiling and a light,,,,,True
5d4bf271cf0b3a0f3f3583da,5d4bf271cf0b3a0f3f3583da.jpg,light source,144.688254,Q1,am,co,Colombia,blip_prompted,"[""light"", ""lamp"", ""bulb"", ""lantern"", ""candle""]",captioning,the main household object in this image is a ceiling,,,,,False
5d4bf271cf0b3a0f3f3583da,5d4bf271cf0b3a0f3f3583da.jpg,light source,144.688254,Q1,am,co,Colombia,clip,"[""light"", ""lamp"", ""bulb"", ""lantern"", ""candle""]",classification,light source,light source,0.6294495463371277,1.0,,True
5d4bf271cf0b3a0f3f3583da,5d4bf271cf0b3a0f3f3583da.jpg,light source,144.688254,Q1,am,co,Colombia,qwen,"[""light"", ""lamp"", ""bulb"", ""lantern"", ""candle""]",captioning,The main household object in the image is an exposed light bulb hanging from the ceiling.,,,,,True
5d4bf271cf0b3a0f3f3583da,5d4bf271cf0b3a0f3f3583da.jpg,light source,144.688254,Q1,am,co,Colombia,qwen,"[""light"", ""lamp"", ""bulb"", ""lantern"", ""candle""]",classification,light source,light source,,,,True
5d4bf27dcf0b3a0f3f358554,5d4bf27dcf0b3a0f3f358554.jpg,trash container,144.688254,Q1,am,co,Colombia,blip_baseline,"[""trash can"", ""garbage can"", ""garbage bin"", ""waste bin"", ""dustbin"", ""dumpster""]",captioning,a pile of garbage in a wooden box,,,,,False
5d4bf27dcf0b3a0f3f358554,5d4bf27dcf0b3a0f3f358554.jpg,trash container,144.688254,Q1,am,co,Colombia,blip_prompted,"[""trash can"", ""garbage can"", ""garbage bin"", ""waste bin"", ""dustbin"", ""dumpster""]",captioning,the main household object in this image is a wooden box with a bunch of flowers inside,,,,,False
5d4bf27dcf0b3a0f3f358554,5d4bf27dcf0b3a0f3f358554.jpg,trash container,144.688254,Q1,am,co,Colombia,clip,"[""trash can"", ""garbage can"", ""garbage bin"", ""waste bin"", ""dustbin"", ""dumpster""]",classification,stove,stove,0.6444879174232483,2.0,,False
5d4bf27dcf0b3a0f3f358554,5d4bf27dcf0b3a0f3f358554.jpg,trash container,144.688254,Q1,am,co,Colombia,qwen,"[""trash can"", ""garbage can"", ""garbage bin"", ""waste bin"", ""dustbin"", ""dumpster""]",captioning,The main household object is a wooden crate filled with various vegetables and plants.,,,,,False
5d4bf27dcf0b3a0f3f358554,5d4bf27dcf0b3a0f3f358554.jpg,trash container,144.688254,Q1,am,co,Colombia,qwen,"[""trash can"", ""garbage can"", ""garbage bin"", ""waste bin"", ""dustbin"", ""dumpster""]",classification,trash container,trash container,,,,True
5d4bf28fcf0b3a0f3f358788,5d4bf28fcf0b3a0f3f358788.jpg,switch,694.218371,Q3,as,cn,China,blip_baseline,"[""switch"", ""light switch"", ""power switch""]",captioning,a blue and white sign with a white and blue sign,,,,,False
5d4bf28fcf0b3a0f3f358788,5d4bf28fcf0b3a0f3f358788.jpg,switch,694.218371,Q3,as,cn,China,blip_prompted,"[""switch"", ""light switch"", ""power switch""]",captioning,the main household object in this image is a switch,,,,,True
5d4bf28fcf0b3a0f3f358788,5d4bf28fcf0b3a0f3f358788.jpg,switch,694.218371,Q3,as,cn,China,clip,"[""switch"", ""light switch"", ""power switch""]",classification,switch,switch,0.976166307926178,1.0,,True
5d4bf28fcf0b3a0f3f358788,5d4bf28fcf0b3a0f3f358788.jpg,switch,694.218371,Q3,as,cn,China,qwen,"[""switch"", ""light switch"", ""power switch""]",captioning,The main household object in the image is a light switch with some wear and tear on it.,,,,,True
5d4bf28fcf0b3a0f3f358788,5d4bf28fcf0b3a0f3f358788.jpg,switch,694.218371,Q3,as,cn,China,qwen,"[""switch"", ""light switch"", ""power switch""]",classification,switch,switch,,,,True
5d4bf296cf0b3a0f3f35885a,5d4bf296cf0b3a0f3f35885a.jpg,footwear,730.281663,Q3,as,cn,China,blip_baseline,"[""shoe"", ""shoes"", ""sandal"", ""sandals"", ""slipper"", ""slippers"", ""sneaker"", ""sneakers"", ""boot"", ""boots"", ""footwear""]",captioning,a rack of shoes,,,,,True
5d4bf296cf0b3a0f3f35885a,5d4bf296cf0b3a0f3f35885a.jpg,footwear,730.281663,Q3,as,cn,China,blip_prompted,"[""shoe"", ""shoes"", ""sandal"", ""sandals"", ""slipper"", ""slippers"", ""sneaker"", ""sneakers"", ""boot"", ""boots"", ""footwear""]",captioning,the main household object in this image is a rack of shoes,,,,,True
5d4bf296cf0b3a0f3f35885a,5d4bf296cf0b3a0f3f35885a.jpg,footwear,730.281663,Q3,as,cn,China,clip,"[""shoe"", ""shoes"", ""sandal"", ""sandals"", ""slipper"", ""slippers"", ""sneaker"", ""sneakers"", ""boot"", ""boots"", ""footwear""]",classification,footwear,footwear,0.9963215589523317,1.0,,True
5d4bf296cf0b3a0f3f35885a,5d4bf296cf0b3a0f3f35885a.jpg,footwear,730.281663,Q3,as,cn,China,qwen,"[""shoe"", ""shoes"", ""sandal"", ""sandals"", ""slipper"", ""slippers"", ""sneaker"", ""sneakers"", ""boot"", ""boots"", ""footwear""]",captioning,The main household object in the image is a three-tier metal shoe rack containing various pairs of shoes and a blue cloth.,,,,,True
5d4bf296cf0b3a0f3f35885a,5d4bf296cf0b3a0f3f35885a.jpg,footwear,730.281663,Q3,as,cn,China,qwen,"[""shoe"", ""shoes"", ""sandal"", ""sandals"", ""slipper"", ""slippers"", ""sneaker"", ""sneakers"", ""boot"", ""boots"", ""footwear""]",classification,footwear,footwear,,,,True
5d4bf2a9cf0b3a0f3f358a8e,5d4bf2a9cf0b3a0f3f358a8e.jpg,light source,3704.327276,Q4,as,cn,China,blip_baseline,"[""light"", ""lamp"", ""bulb"", ""lantern"", ""candle""]",captioning,a ceiling with a bunch of lights on it,,,,,False
5d4bf2a9cf0b3a0f3f358a8e,5d4bf2a9cf0b3a0f3f358a8e.jpg,light source,3704.327276,Q4,as,cn,China,blip_prompted,"[""light"", ""lamp"", ""bulb"", ""lantern"", ""candle""]",captioning,the main household object in this image is a ceiling light,,,,,True
5d4bf2a9cf0b3a0f3f358a8e,5d4bf2a9cf0b3a0f3f358a8e.jpg,light source,3704.327276,Q4,as,cn,China,clip,"[""light"", ""lamp"", ""bulb"", ""lantern"", ""candle""]",classification,light source,light source,0.9880471229553224,1.0,,True
5d4bf2a9cf0b3a0f3f358a8e,5d4bf2a9cf0b3a0f3f358a8e.jpg,light source,3704.327276,Q4,as,cn,China,qwen,"[""light"", ""lamp"", ""bulb"", ""lantern"", ""candle""]",captioning,The main household object in the image is a chandelier with multiple light bulbs.,,,,,True
5d4bf2a9cf0b3a0f3f358a8e,5d4bf2a9cf0b3a0f3f358a8e.jpg,light source,3704.327276,Q4,as,cn,China,qwen,"[""light"", ""lamp"", ""bulb"", ""lantern"", ""candle""]",classification,light source,light source,,,,True
5d4bf2b2cf0b3a0f3f358bb0,5d4bf2b2cf0b3a0f3f358bb0.jpg,stove,240.0,Q2,as,cn,China,blip_baseline,"[""stove"", ""oven"", ""cooker"", ""cooktop"", ""hob""]",captioning,a brick oven with a large pan on top,,,,,True
5d4bf2b2cf0b3a0f3f358bb0,5d4bf2b2cf0b3a0f3f358bb0.jpg,stove,240.0,Q2,as,cn,China,blip_prompted,"[""stove"", ""oven"", ""cooker"", ""cooktop"", ""hob""]",captioning,the main household object in this image is a large pan,,,,,False
5d4bf2b2cf0b3a0f3f358bb0,5d4bf2b2cf0b3a0f3f358bb0.jpg,stove,240.0,Q2,as,cn,China,clip,"[""stove"", ""oven"", ""cooker"", ""cooktop"", ""hob""]",classification,stove,stove,0.995072901248932,1.0,,True
5d4bf2b2cf0b3a0f3f358bb0,5d4bf2b2cf0b3a0f3f358bb0.jpg,stove,240.0,Q2,as,cn,China,qwen,"[""stove"", ""oven"", ""cooker"", ""cooktop"", ""hob""]",captioning,The main household object is an old-fashioned brick oven with a large metal pan on top.,,,,,True
5d4bf2b2cf0b3a0f3f358bb0,5d4bf2b2cf0b3a0f3f358bb0.jpg,stove,240.0,Q2,as,cn,China,qwen,"[""stove"", ""oven"", ""cooker"", ""cooktop"", ""hob""]",classification,stove,stove,,,,True
5d4bf2c2cf0b3a0f3f358d9c,5d4bf2c2cf0b3a0f3f358d9c.jpg,footwear,195.0,Q1,as,kh,Cambodia,blip_baseline,"[""shoe"", ""shoes"", ""sandal"", ""sandals"", ""slipper"", ""slippers"", ""sneaker"", ""sneakers"", ""boot"", ""boots"", ""footwear""]",captioning,a pair of red and white shoes on the ground,,,,,True
5d4bf2c2cf0b3a0f3f358d9c,5d4bf2c2cf0b3a0f3f358d9c.jpg,footwear,195.0,Q1,as,kh,Cambodia,blip_prompted,"[""shoe"", ""shoes"", ""sandal"", ""sandals"", ""slipper"", ""slippers"", ""sneaker"", ""sneakers"", ""boot"", ""boots"", ""footwear""]",captioning,the main household object in this image is a pair of shoes,,,,,True
5d4bf2c2cf0b3a0f3f358d9c,5d4bf2c2cf0b3a0f3f358d9c.jpg,footwear,195.0,Q1,as,kh,Cambodia,clip,"[""shoe"", ""shoes"", ""sandal"", ""sandals"", ""slipper"", ""slippers"", ""sneaker"", ""sneakers"", ""boot"", ""boots"", ""footwear""]",classification,footwear,footwear,0.9999043941497804,1.0,,True
5d4bf2c2cf0b3a0f3f358d9c,5d4bf2c2cf0b3a0f3f358d9c.jpg,footwear,195.0,Q1,as,kh,Cambodia,qwen,"[""shoe"", ""shoes"", ""sandal"", ""sandals"", ""slipper"", ""slippers"", ""sneaker"", ""sneakers"", ""boot"", ""boots"", ""footwear""]",captioning,The main household object in the image is a pair of red Crocs and white flip-flops on a concrete surface with scattered debris.,,,,,False
5d4bf2c2cf0b3a0f3f358d9c,5d4bf2c2cf0b3a0f3f358d9c.jpg,footwear,195.0,Q1,as,kh,Cambodia,qwen,"[""shoe"", ""shoes"", ""sandal"", ""sandals"", ""slipper"", ""slippers"", ""sneaker"", ""sneakers"", ""boot"", ""boots"", ""footwear""]",classification,footwear,footwear,,,,True
5d4bf2d6cf0b3a0f3f358fea,5d4bf2d6cf0b3a0f3f358fea.jpg,footwear,463.1308192,Q2,as,kh,Cambodia,blip_baseline,"[""shoe"", ""shoes"", ""sandal"", ""sandals"", ""slipper"", ""slippers"", ""sneaker"", ""sneakers"", ""boot"", ""boots"", ""footwear""]",captioning,a pair of shoes laying on the ground,,,,,True
5d4bf2d6cf0b3a0f3f358fea,5d4bf2d6cf0b3a0f3f358fea.jpg,footwear,463.1308192,Q2,as,kh,Cambodia,blip_prompted,"[""shoe"", ""shoes"", ""sandal"", ""sandals"", ""slipper"", ""slippers"", ""sneaker"", ""sneakers"", ""boot"", ""boots"", ""footwear""]",captioning,the main household object in this image is a pair of shoes,,,,,True
5d4bf2d6cf0b3a0f3f358fea,5d4bf2d6cf0b3a0f3f358fea.jpg,footwear,463.1308192,Q2,as,kh,Cambodia,clip,"[""shoe"", ""shoes"", ""sandal"", ""sandals"", ""slipper"", ""slippers"", ""sneaker"", ""sneakers"", ""boot"", ""boots"", ""footwear""]",classification,footwear,footwear,0.9999597072601318,1.0,,True
5d4bf2d6cf0b3a0f3f358fea,5d4bf2d6cf0b3a0f3f358fea.jpg,footwear,463.1308192,Q2,as,kh,Cambodia,qwen,"[""shoe"", ""shoes"", ""sandal"", ""sandals"", ""slipper"", ""slippers"", ""sneaker"", ""sneakers"", ""boot"", ""boots"", ""footwear""]",captioning,The main household object in the image is a pair of worn-out blue slippers with visible wear and tear on the soles.,,,,,True
5d4bf2d6cf0b3a0f3f358fea,5d4bf2d6cf0b3a0f3f358fea.jpg,footwear,463.1308192,Q2,as,kh,Cambodia,qwen,"[""shoe"", ""shoes"", ""sandal"", ""sandals"", ""slipper"", ""slippers"", ""sneaker"", ""sneakers"", ""boot"", ""boots"", ""footwear""]",classification,footwear,footwear,,,,True
5d4bf2fbcf0b3a0f3f359462,5d4bf2fbcf0b3a0f3f359462.jpg,roof,254.0,Q2,am,bo,Bolivia,blip_baseline,"[""roof"", ""roofing"", ""ceiling""]",captioning,a cat is sitting on a red floor,,,,,False
5d4bf2fbcf0b3a0f3f359462,5d4bf2fbcf0b3a0f3f359462.jpg,roof,254.0,Q2,am,bo,Bolivia,blip_prompted,"[""roof"", ""roofing"", ""ceiling""]",captioning,the main household object in this image is a red wall,,,,,False
5d4bf2fbcf0b3a0f3f359462,5d4bf2fbcf0b3a0f3f359462.jpg,roof,254.0,Q2,am,bo,Bolivia,clip,"[""roof"", ""roofing"", ""ceiling""]",classification,trash container,trash container,0.472978264093399,3.0,,False
5d4bf2fbcf0b3a0f3f359462,5d4bf2fbcf0b3a0f3f359462.jpg,roof,254.0,Q2,am,bo,Bolivia,qwen,"[""roof"", ""roofing"", ""ceiling""]",captioning,The main household object in the image is a red wall with peeling paint and some markings on it.,,,,,False
5d4bf2fbcf0b3a0f3f359462,5d4bf2fbcf0b3a0f3f359462.jpg,roof,254.0,Q2,am,bo,Bolivia,qwen,"[""roof"", ""roofing"", ""ceiling""]",classification,stove,stove,,,,False
5d4bf349cf0b3a0f3f359cee,5d4bf349cf0b3a0f3f359cee.jpg,trash container,40.19755831,Q1,af,bi,Burundi,blip_baseline,"[""trash can"", ""garbage can"", ""garbage bin"", ""waste bin"", ""dustbin"", ""dumpster""]",captioning,a small blue toy is in the dirt,,,,,False
5d4bf349cf0b3a0f3f359cee,5d4bf349cf0b3a0f3f359cee.jpg,trash container,40.19755831,Q1,af,bi,Burundi,blip_prompted,"[""trash can"", ""garbage can"", ""garbage bin"", ""waste bin"", ""dustbin"", ""dumpster""]",captioning,the main household object in this image is a blue plastic cup,,,,,False
5d4bf349cf0b3a0f3f359cee,5d4bf349cf0b3a0f3f359cee.jpg,trash container,40.19755831,Q1,af,bi,Burundi,clip,"[""trash can"", ""garbage can"", ""garbage bin"", ""waste bin"", ""dustbin"", ""dumpster""]",classification,footwear,footwear,0.7222606539726257,5.0,,False
5d4bf349cf0b3a0f3f359cee,5d4bf349cf0b3a0f3f359cee.jpg,trash container,40.19755831,Q1,af,bi,Burundi,qwen,"[""trash can"", ""garbage can"", ""garbage bin"", ""waste bin"", ""dustbin"", ""dumpster""]",captioning,The main household object in the image is a blue plastic container with a pink lid.,,,,,False
5d4bf349cf0b3a0f3f359cee,5d4bf349cf0b3a0f3f359cee.jpg,trash container,40.19755831,Q1,af,bi,Burundi,qwen,"[""trash can"", ""garbage can"", ""garbage bin"", ""waste bin"", ""dustbin"", ""dumpster""]",classification,trash container,trash container,,,,True
5d4bf377cf0b3a0f3f35a144,5d4bf377cf0b3a0f3f35a144.jpg,roof,53.64520422,Q1,af,bf,Burkina Faso,blip_baseline,"[""roof"", ""roofing"", ""ceiling""]",captioning,a close up of a metal curtain with rust,,,,,False
5d4bf377cf0b3a0f3f35a144,5d4bf377cf0b3a0f3f35a144.jpg,roof,53.64520422,Q1,af,bf,Burkina Faso,blip_prompted,"[""roof"", ""roofing"", ""ceiling""]",captioning,the main household object in this image is a metal curtain,,,,,False
5d4bf377cf0b3a0f3f35a144,5d4bf377cf0b3a0f3f35a144.jpg,roof,53.64520422,Q1,af,bf,Burkina Faso,clip,"[""roof"", ""roofing"", ""ceiling""]",classification,stove,stove,0.5192756056785583,2.0,,False
5d4bf377cf0b3a0f3f35a144,5d4bf377cf0b3a0f3f35a144.jpg,roof,53.64520422,Q1,af,bf,Burkina Faso,qwen,"[""roof"", ""roofing"", ""ceiling""]",captioning,The main household object in the image is a corrugated metal surface with visible rust and wear.,,,,,False
5d4bf377cf0b3a0f3f35a144,5d4bf377cf0b3a0f3f35a144.jpg,roof,53.64520422,Q1,af,bf,Burkina Faso,qwen,"[""roof"", ""roofing"", ""ceiling""]",classification,roof,roof,,,,True
5d4bf3a8cf0b3a0f3f35a67c,5d4bf3a8cf0b3a0f3f35a67c.jpg,roof,55.93351031,Q1,af,bf,Burkina Faso,blip_baseline,"[""roof"", ""roofing"", ""ceiling""]",captioning,a close up of a table with a bunch of bamboo sticks,,,,,False
5d4bf3a8cf0b3a0f3f35a67c,5d4bf3a8cf0b3a0f3f35a67c.jpg,roof,55.93351031,Q1,af,bf,Burkina Faso,blip_prompted,"[""roof"", ""roofing"", ""ceiling""]",captioning,the main household object in this image is a large piece of wood,,,,,False
5d4bf3a8cf0b3a0f3f35a67c,5d4bf3a8cf0b3a0f3f35a67c.jpg,roof,55.93351031,Q1,af,bf,Burkina Faso,clip,"[""roof"", ""roofing"", ""ceiling""]",classification,roof,roof,0.981724977493286,1.0,,True
5d4bf3a8cf0b3a0f3f35a67c,5d4bf3a8cf0b3a0f3f35a67c.jpg,roof,55.93351031,Q1,af,bf,Burkina Faso,qwen,"[""roof"", ""roofing"", ""ceiling""]",captioning,The main household object in the image is a woven straw roof.,,,,,True
5d4bf3a8cf0b3a0f3f35a67c,5d4bf3a8cf0b3a0f3f35a67c.jpg,roof,55.93351031,Q1,af,bf,Burkina Faso,qwen,"[""roof"", ""roofing"", ""ceiling""]",classification,roof,roof,,,,True
5d4bf3e7cf0b3a0f3f35abe2,5d4bf3e7cf0b3a0f3f35abe2.jpg,trash container,264.9009279,Q2,am,bo,Bolivia,blip_baseline,"[""trash can"", ""garbage can"", ""garbage bin"", ""waste bin"", ""dustbin"", ""dumpster""]",captioning,a pile of trash on the side of a road,,,,,False
5d4bf3e7cf0b3a0f3f35abe2,5d4bf3e7cf0b3a0f3f35abe2.jpg,trash container,264.9009279,Q2,am,bo,Bolivia,blip_prompted,"[""trash can"", ""garbage can"", ""garbage bin"", ""waste bin"", ""dustbin"", ""dumpster""]",captioning,the main household object in this image is a pile of garbage,,,,,False
5d4bf3e7cf0b3a0f3f35abe2,5d4bf3e7cf0b3a0f3f35abe2.jpg,trash container,264.9009279,Q2,am,bo,Bolivia,clip,"[""trash can"", ""garbage can"", ""garbage bin"", ""waste bin"", ""dustbin"", ""dumpster""]",classification,trash container,trash container,0.9140405654907228,1.0,,True
5d4bf3e7cf0b3a0f3f35abe2,5d4bf3e7cf0b3a0f3f35abe2.jpg,trash container,264.9009279,Q2,am,bo,Bolivia,qwen,"[""trash can"", ""garbage can"", ""garbage bin"", ""waste bin"", ""dustbin"", ""dumpster""]",captioning,The main household object in the image is a blue plastic bottle.,,,,,False
5d4bf3e7cf0b3a0f3f35abe2,5d4bf3e7cf0b3a0f3f35abe2.jpg,trash container,264.9009279,Q2,am,bo,Bolivia,qwen,"[""trash can"", ""garbage can"", ""garbage bin"", ""waste bin"", ""dustbin"", ""dumpster""]",classification,trash container,trash container,,,,True
5d4bf40ecf0b3a0f3f35afd2,5d4bf40ecf0b3a0f3f35afd2.jpg,trash container,780.9956673,Q3,as,cn,China,blip_baseline,"[""trash can"", ""garbage can"", ""garbage bin"", ""waste bin"", ""dustbin"", ""dumpster""]",captioning,a dirty toilet with a plastic bag on the floor,,,,,False
5d4bf40ecf0b3a0f3f35afd2,5d4bf40ecf0b3a0f3f35afd2.jpg,trash container,780.9956673,Q3,as,cn,China,blip_prompted,"[""trash can"", ""garbage can"", ""garbage bin"", ""waste bin"", ""dustbin"", ""dumpster""]",captioning,the main household object in this image is a toilet,,,,,False
5d4bf40ecf0b3a0f3f35afd2,5d4bf40ecf0b3a0f3f35afd2.jpg,trash container,780.9956673,Q3,as,cn,China,clip,"[""trash can"", ""garbage can"", ""garbage bin"", ""waste bin"", ""dustbin"", ""dumpster""]",classification,trash container,trash container,0.7645844221115112,1.0,,True
5d4bf40ecf0b3a0f3f35afd2,5d4bf40ecf0b3a0f3f35afd2.jpg,trash container,780.9956673,Q3,as,cn,China,qwen,"[""trash can"", ""garbage can"", ""garbage bin"", ""waste bin"", ""dustbin"", ""dumpster""]",captioning,A yellow plastic bag is tied around a metal trash can.,,,,,True
5d4bf40ecf0b3a0f3f35afd2,5d4bf40ecf0b3a0f3f35afd2.jpg,trash container,780.9956673,Q3,as,cn,China,qwen,"[""trash can"", ""garbage can"", ""garbage bin"", ""waste bin"", ""dustbin"", ""dumpster""]",classification,trash container,trash container,,,,True
5ec4f5c4f4a4fb7dc03879d4,5ec4f5c4f4a4fb7dc03879d4.jpg,trash container,2642.0,Q4,eu,ru,Russia,blip_baseline,"[""trash can"", ""garbage can"", ""garbage bin"", ""waste bin"", ""dustbin"", ""dumpster""]",captioning,a trash can be found in a kitchen,,,,,True
5ec4f5c4f4a4fb7dc03879d4,5ec4f5c4f4a4fb7dc03879d4.jpg,trash container,2642.0,Q4,eu,ru,Russia,blip_prompted,"[""trash can"", ""garbage can"", ""garbage bin"", ""waste bin"", ""dustbin"", ""dumpster""]",captioning,the main household object in this image is a yellow trash can,,,,,True
5ec4f5c4f4a4fb7dc03879d4,5ec4f5c4f4a4fb7dc03879d4.jpg,trash container,2642.0,Q4,eu,ru,Russia,clip,"[""trash can"", ""garbage can"", ""garbage bin"", ""waste bin"", ""dustbin"", ""dumpster""]",classification,trash container,trash container,0.9936750531196594,1.0,,True
5ec4f5c4f4a4fb7dc03879d4,5ec4f5c4f4a4fb7dc03879d4.jpg,trash container,2642.0,Q4,eu,ru,Russia,qwen,"[""trash can"", ""garbage can"", ""garbage bin"", ""waste bin"", ""dustbin"", ""dumpster""]",captioning,The main household object in the image is a yellow trash can with a plastic bag inside.,,,,,True
5ec4f5c4f4a4fb7dc03879d4,5ec4f5c4f4a4fb7dc03879d4.jpg,trash container,2642.0,Q4,eu,ru,Russia,qwen,"[""trash can"", ""garbage can"", ""garbage bin"", ""waste bin"", ""dustbin"", ""dumpster""]",classification,trash container,trash container,,,,True
5ec4f5caf4a4fb7dc0387a0c,5ec4f5caf4a4fb7dc0387a0c.jpg,stove,2642.0,Q4,eu,ru,Russia,blip_baseline,"[""stove"", ""oven"", ""cooker"", ""cooktop"", ""hob""]",captioning,a black oven with a blue handle,,,,,True
5ec4f5caf4a4fb7dc0387a0c,5ec4f5caf4a4fb7dc0387a0c.jpg,stove,2642.0,Q4,eu,ru,Russia,blip_prompted,"[""stove"", ""oven"", ""cooker"", ""cooktop"", ""hob""]",captioning,the main household object in this image is a stove,,,,,True
5ec4f5caf4a4fb7dc0387a0c,5ec4f5caf4a4fb7dc0387a0c.jpg,stove,2642.0,Q4,eu,ru,Russia,clip,"[""stove"", ""oven"", ""cooker"", ""cooktop"", ""hob""]",classification,stove,stove,0.953612506389618,1.0,,True
5ec4f5caf4a4fb7dc0387a0c,5ec4f5caf4a4fb7dc0387a0c.jpg,stove,2642.0,Q4,eu,ru,Russia,qwen,"[""stove"", ""oven"", ""cooker"", ""cooktop"", ""hob""]",captioning,The main household object in the image is a black oven with control knobs and a blue sponge holder attached to it.,,,,,True
5ec4f5caf4a4fb7dc0387a0c,5ec4f5caf4a4fb7dc0387a0c.jpg,stove,2642.0,Q4,eu,ru,Russia,qwen,"[""stove"", ""oven"", ""cooker"", ""cooktop"", ""hob""]",classification,stove,stove,,,,True
5ec4f60af4a4fb7dc0387c46,5ec4f60af4a4fb7dc0387c46.JPG,switch,6030.0,Q4,am,co,Colombia,blip_baseline,"[""switch"", ""light switch"", ""power switch""]",captioning,how to install a light switch,,,,,True
5ec4f60af4a4fb7dc0387c46,5ec4f60af4a4fb7dc0387c46.JPG,switch,6030.0,Q4,am,co,Colombia,blip_prompted,"[""switch"", ""light switch"", ""power switch""]",captioning,the main household object in this image is a wall light switch,,,,,True
5ec4f60af4a4fb7dc0387c46,5ec4f60af4a4fb7dc0387c46.JPG,switch,6030.0,Q4,am,co,Colombia,clip,"[""switch"", ""light switch"", ""power switch""]",classification,switch,switch,0.9906892776489258,1.0,,True
5ec4f60af4a4fb7dc0387c46,5ec4f60af4a4fb7dc0387c46.JPG,switch,6030.0,Q4,am,co,Colombia,qwen,"[""switch"", ""light switch"", ""power switch""]",captioning,The main household object in the image is a light switch on a tiled wall.,,,,,True
5ec4f60af4a4fb7dc0387c46,5ec4f60af4a4fb7dc0387c46.JPG,switch,6030.0,Q4,am,co,Colombia,qwen,"[""switch"", ""light switch"", ""power switch""]",classification,switch,switch,,,,True
5ec4f81af0611d7ddd740be2,5ec4f81af0611d7ddd740be2.jpg,switch,172.0,Q1,as,np,Nepal,blip_baseline,"[""switch"", ""light switch"", ""power switch""]",captioning,a person is holding a white electrical device,,,,,False
5ec4f81af0611d7ddd740be2,5ec4f81af0611d7ddd740be2.jpg,switch,172.0,Q1,as,np,Nepal,blip_prompted,"[""switch"", ""light switch"", ""power switch""]",captioning,the main household object in this image is a white electrical device,,,,,False
5ec4f81af0611d7ddd740be2,5ec4f81af0611d7ddd740be2.jpg,switch,172.0,Q1,as,np,Nepal,clip,"[""switch"", ""light switch"", ""power switch""]",classification,switch,switch,0.9282682538032532,1.0,,True
5ec4f81af0611d7ddd740be2,5ec4f81af0611d7ddd740be2.jpg,switch,172.0,Q1,as,np,Nepal,qwen,"[""switch"", ""light switch"", ""power switch""]",captioning,The main household object is an electrical outlet with wires connected to it.,,,,,False
5ec4f81af0611d7ddd740be2,5ec4f81af0611d7ddd740be2.jpg,switch,172.0,Q1,as,np,Nepal,qwen,"[""switch"", ""light switch"", ""power switch""]",classification,switch,switch,,,,True
5ec4f831f0611d7ddd740cab,5ec4f831f0611d7ddd740cab.JPG,switch,3478.0,Q4,am,us,United States,blip_baseline,"[""switch"", ""light switch"", ""power switch""]",captioning,a white light switch on a wall,,,,,True
5ec4f831f0611d7ddd740cab,5ec4f831f0611d7ddd740cab.JPG,switch,3478.0,Q4,am,us,United States,blip_prompted,"[""switch"", ""light switch"", ""power switch""]",captioning,the main household object in this image is a light switch,,,,,True
5ec4f831f0611d7ddd740cab,5ec4f831f0611d7ddd740cab.JPG,switch,3478.0,Q4,am,us,United States,clip,"[""switch"", ""light switch"", ""power switch""]",classification,switch,switch,0.9682965874671936,1.0,,True
5ec4f831f0611d7ddd740cab,5ec4f831f0611d7ddd740cab.JPG,switch,3478.0,Q4,am,us,United States,qwen,"[""switch"", ""light switch"", ""power switch""]",captioning,The main household object is a light switch on a textured wall.,,,,,True
5ec4f831f0611d7ddd740cab,5ec4f831f0611d7ddd740cab.JPG,switch,3478.0,Q4,am,us,United States,qwen,"[""switch"", ""light switch"", ""power switch""]",classification,switch,switch,,,,True
5ec4f834f0611d7ddd740cc3,5ec4f834f0611d7ddd740cc3.JPG,light source,3478.0,Q4,am,us,United States,blip_baseline,"[""light"", ""lamp"", ""bulb"", ""lantern"", ""candle""]",captioning,a lamp on a table next to a computer,,,,,True
5ec4f834f0611d7ddd740cc3,5ec4f834f0611d7ddd740cc3.JPG,light source,3478.0,Q4,am,us,United States,blip_prompted,"[""light"", ""lamp"", ""bulb"", ""lantern"", ""candle""]",captioning,the main household object in this image is a lamp,,,,,True
5ec4f834f0611d7ddd740cc3,5ec4f834f0611d7ddd740cc3.JPG,light source,3478.0,Q4,am,us,United States,clip,"[""light"", ""lamp"", ""bulb"", ""lantern"", ""candle""]",classification,light source,light source,0.9759356379508972,1.0,,True
5ec4f834f0611d7ddd740cc3,5ec4f834f0611d7ddd740cc3.JPG,light source,3478.0,Q4,am,us,United States,qwen,"[""light"", ""lamp"", ""bulb"", ""lantern"", ""candle""]",captioning,The main household object is a table lamp with a geometric wooden base and a white fabric shade.,,,,,True
5ec4f834f0611d7ddd740cc3,5ec4f834f0611d7ddd740cc3.JPG,light source,3478.0,Q4,am,us,United States,qwen,"[""light"", ""lamp"", ""bulb"", ""lantern"", ""candle""]",classification,light source,light source,,,,True
5ec4f845f0611d7ddd740d5c,5ec4f845f0611d7ddd740d5c.JPG,trash container,5125.0,Q4,am,us,United States,blip_baseline,"[""trash can"", ""garbage can"", ""garbage bin"", ""waste bin"", ""dustbin"", ""dumpster""]",captioning,a stainless refrigerator sitting on a wooden floor,,,,,False
5ec4f845f0611d7ddd740d5c,5ec4f845f0611d7ddd740d5c.JPG,trash container,5125.0,Q4,am,us,United States,blip_prompted,"[""trash can"", ""garbage can"", ""garbage bin"", ""waste bin"", ""dustbin"", ""dumpster""]",captioning,the main household object in this image is a refrigerator,,,,,False
5ec4f845f0611d7ddd740d5c,5ec4f845f0611d7ddd740d5c.JPG,trash container,5125.0,Q4,am,us,United States,clip,"[""trash can"", ""garbage can"", ""garbage bin"", ""waste bin"", ""dustbin"", ""dumpster""]",classification,trash container,trash container,0.737223207950592,1.0,,True
5ec4f845f0611d7ddd740d5c,5ec4f845f0611d7ddd740d5c.JPG,trash container,5125.0,Q4,am,us,United States,qwen,"[""trash can"", ""garbage can"", ""garbage bin"", ""waste bin"", ""dustbin"", ""dumpster""]",captioning,A stainless steel trash can is sitting on a wooden floor.,,,,,True
5ec4f845f0611d7ddd740d5c,5ec4f845f0611d7ddd740d5c.JPG,trash container,5125.0,Q4,am,us,United States,qwen,"[""trash can"", ""garbage can"", ""garbage bin"", ""waste bin"", ""dustbin"", ""dumpster""]",classification,trash container,trash container,,,,True
5ec4f86df0611d7ddd740eb2,5ec4f86df0611d7ddd740eb2.jpg,roof,1706.0,Q3,as,ir,Iran,blip_baseline,"[""roof"", ""roofing"", ""ceiling""]",captioning,a roof with a broken roof and a broken roof,,,,,True
5ec4f86df0611d7ddd740eb2,5ec4f86df0611d7ddd740eb2.jpg,roof,1706.0,Q3,as,ir,Iran,blip_prompted,"[""roof"", ""roofing"", ""ceiling""]",captioning,the main household object in this image is a roof,,,,,True
5ec4f86df0611d7ddd740eb2,5ec4f86df0611d7ddd740eb2.jpg,roof,1706.0,Q3,as,ir,Iran,clip,"[""roof"", ""roofing"", ""ceiling""]",classification,roof,roof,0.9992153644561768,1.0,,True
5ec4f86df0611d7ddd740eb2,5ec4f86df0611d7ddd740eb2.jpg,roof,1706.0,Q3,as,ir,Iran,qwen,"[""roof"", ""roofing"", ""ceiling""]",captioning,The main household object in the image is a set of orange and gray concrete stairs.,,,,,False
5ec4f86df0611d7ddd740eb2,5ec4f86df0611d7ddd740eb2.jpg,roof,1706.0,Q3,as,ir,Iran,qwen,"[""roof"", ""roofing"", ""ceiling""]",classification,roof,roof,,,,True
5ec4f86df0611d7ddd740eb5,5ec4f86df0611d7ddd740eb5.jpg,switch,1706.0,Q3,as,ir,Iran,blip_baseline,"[""switch"", ""light switch"", ""power switch""]",captioning,a white toilet with a white toilet seat,,,,,False
5ec4f86df0611d7ddd740eb5,5ec4f86df0611d7ddd740eb5.jpg,switch,1706.0,Q3,as,ir,Iran,blip_prompted,"[""switch"", ""light switch"", ""power switch""]",captioning,the main household object in this image is a toilet,,,,,False
5ec4f86df0611d7ddd740eb5,5ec4f86df0611d7ddd740eb5.jpg,switch,1706.0,Q3,as,ir,Iran,clip,"[""switch"", ""light switch"", ""power switch""]",classification,switch,switch,0.928159773349762,1.0,,True
5ec4f86df0611d7ddd740eb5,5ec4f86df0611d7ddd740eb5.jpg,switch,1706.0,Q3,as,ir,Iran,qwen,"[""switch"", ""light switch"", ""power switch""]",captioning,The main household object in this image is a light switch.,,,,,True
5ec4f86df0611d7ddd740eb5,5ec4f86df0611d7ddd740eb5.jpg,switch,1706.0,Q3,as,ir,Iran,qwen,"[""switch"", ""light switch"", ""power switch""]",classification,switch,switch,,,,True
5ec4f90ef0611d7ddd741415,5ec4f90ef0611d7ddd741415.jpg,light source,3195.0,Q4,eu,es,Spain,blip_baseline,"[""light"", ""lamp"", ""bulb"", ""lantern"", ""candle""]",captioning,a lamp on a nightstand next to a bed,,,,,True
5ec4f90ef0611d7ddd741415,5ec4f90ef0611d7ddd741415.jpg,light source,3195.0,Q4,eu,es,Spain,blip_prompted,"[""light"", ""lamp"", ""bulb"", ""lantern"", ""candle""]",captioning,the main household object in this image is a lamp,,,,,True
5ec4f90ef0611d7ddd741415,5ec4f90ef0611d7ddd741415.jpg,light source,3195.0,Q4,eu,es,Spain,clip,"[""light"", ""lamp"", ""bulb"", ""lantern"", ""candle""]",classification,light source,light source,0.7868842482566833,1.0,,True
5ec4f90ef0611d7ddd741415,5ec4f90ef0611d7ddd741415.jpg,light source,3195.0,Q4,eu,es,Spain,qwen,"[""light"", ""lamp"", ""bulb"", ""lantern"", ""candle""]",captioning,The main household object is a vintage-style table lamp with a beige lampshade and an ornate metal base.,,,,,True
5ec4f90ef0611d7ddd741415,5ec4f90ef0611d7ddd741415.jpg,light source,3195.0,Q4,eu,es,Spain,qwen,"[""light"", ""lamp"", ""bulb"", ""lantern"", ""candle""]",classification,light source,light source,,,,True
5ec4f919f0611d7ddd741478,5ec4f919f0611d7ddd741478.jpg,switch,4256.0,Q4,eu,es,Spain,blip_baseline,"[""switch"", ""light switch"", ""power switch""]",captioning,a white light switch on a tiled wall,,,,,True
5ec4f919f0611d7ddd741478,5ec4f919f0611d7ddd741478.jpg,switch,4256.0,Q4,eu,es,Spain,blip_prompted,"[""switch"", ""light switch"", ""power switch""]",captioning,the main household object in this image is a light switch,,,,,True
5ec4f919f0611d7ddd741478,5ec4f919f0611d7ddd741478.jpg,switch,4256.0,Q4,eu,es,Spain,clip,"[""switch"", ""light switch"", ""power switch""]",classification,switch,switch,0.938498556613922,1.0,,True
5ec4f919f0611d7ddd741478,5ec4f919f0611d7ddd741478.jpg,switch,4256.0,Q4,eu,es,Spain,qwen,"[""switch"", ""light switch"", ""power switch""]",captioning,The main household object is a light switch on a tiled wall.,,,,,True
5ec4f919f0611d7ddd741478,5ec4f919f0611d7ddd741478.jpg,switch,4256.0,Q4,eu,es,Spain,qwen,"[""switch"", ""light switch"", ""power switch""]",classification,switch,switch,,,,True
5ec4f91cf0611d7ddd74148c,5ec4f91cf0611d7ddd74148c.jpg,light source,4256.0,Q4,eu,es,Spain,blip_baseline,"[""light"", ""lamp"", ""bulb"", ""lantern"", ""candle""]",captioning,a lamp on a table next to a cell,,,,,True
5ec4f91cf0611d7ddd74148c,5ec4f91cf0611d7ddd74148c.jpg,light source,4256.0,Q4,eu,es,Spain,blip_prompted,"[""light"", ""lamp"", ""bulb"", ""lantern"", ""candle""]",captioning,the main household object in this image is a lamp,,,,,True
5ec4f91cf0611d7ddd74148c,5ec4f91cf0611d7ddd74148c.jpg,light source,4256.0,Q4,eu,es,Spain,clip,"[""light"", ""lamp"", ""bulb"", ""lantern"", ""candle""]",classification,light source,light source,0.9771736860275269,1.0,,True
5ec4f91cf0611d7ddd74148c,5ec4f91cf0611d7ddd74148c.jpg,light source,4256.0,Q4,eu,es,Spain,qwen,"[""light"", ""lamp"", ""bulb"", ""lantern"", ""candle""]",captioning,The main household object in the image is a bedside lamp with a white cylindrical body and a glowing light at the top.,,,,,True
5ec4f91cf0611d7ddd74148c,5ec4f91cf0611d7ddd74148c.jpg,light source,4256.0,Q4,eu,es,Spain,qwen,"[""light"", ""lamp"", ""bulb"", ""lantern"", ""candle""]",classification,light source,light source,,,,True
5ec4f948f0611d7ddd741601,5ec4f948f0611d7ddd741601.JPG,stove,5795.0,Q4,as,in,India,blip_baseline,"[""stove"", ""oven"", ""cooker"", ""cooktop"", ""hob""]",captioning,a black stove,,,,,True
5ec4f948f0611d7ddd741601,5ec4f948f0611d7ddd741601.JPG,stove,5795.0,Q4,as,in,India,blip_prompted,"[""stove"", ""oven"", ""cooker"", ""cooktop"", ""hob""]",captioning,the main household object in this image is a gas stove,,,,,True
5ec4f948f0611d7ddd741601,5ec4f948f0611d7ddd741601.JPG,stove,5795.0,Q4,as,in,India,clip,"[""stove"", ""oven"", ""cooker"", ""cooktop"", ""hob""]",classification,stove,stove,0.9722708463668824,1.0,,True
5ec4f948f0611d7ddd741601,5ec4f948f0611d7ddd741601.JPG,stove,5795.0,Q4,as,in,India,qwen,"[""stove"", ""oven"", ""cooker"", ""cooktop"", ""hob""]",captioning,The main household object in the image is a black gas stove with two burners.,,,,,True
5ec4f948f0611d7ddd741601,5ec4f948f0611d7ddd741601.JPG,stove,5795.0,Q4,as,in,India,qwen,"[""stove"", ""oven"", ""cooker"", ""cooktop"", ""hob""]",classification,stove,stove,,,,True
5ec4f97ef0611d7ddd7417d1,5ec4f97ef0611d7ddd7417d1.jpg,roof,745.0,Q3,af,cm,Cameroon,blip_baseline,"[""roof"", ""roofing"", ""ceiling""]",captioning,a pink wall with a small hole in it,,,,,False
5ec4f97ef0611d7ddd7417d1,5ec4f97ef0611d7ddd7417d1.jpg,roof,745.0,Q3,af,cm,Cameroon,blip_prompted,"[""roof"", ""roofing"", ""ceiling""]",captioning,the main household object in this image is a door handle,,,,,False
5ec4f97ef0611d7ddd7417d1,5ec4f97ef0611d7ddd7417d1.jpg,roof,745.0,Q3,af,cm,Cameroon,clip,"[""roof"", ""roofing"", ""ceiling""]",classification,roof,roof,0.4859292805194855,1.0,,True
5ec4f97ef0611d7ddd7417d1,5ec4f97ef0611d7ddd7417d1.jpg,roof,745.0,Q3,af,cm,Cameroon,qwen,"[""roof"", ""roofing"", ""ceiling""]",captioning,The main household object in this image is a pink bathroom with white tiles and a pink door frame.,,,,,False
5ec4f97ef0611d7ddd7417d1,5ec4f97ef0611d7ddd7417d1.jpg,roof,745.0,Q3,af,cm,Cameroon,qwen,"[""roof"", ""roofing"", ""ceiling""]",classification,tile,,,,,False
5ec4f989f0611d7ddd74182b,5ec4f989f0611d7ddd74182b.jpg,switch,391.0,Q2,af,cm,Cameroon,blip_baseline,"[""switch"", ""light switch"", ""power switch""]",captioning,a light switch on the wall in a room,,,,,True
5ec4f989f0611d7ddd74182b,5ec4f989f0611d7ddd74182b.jpg,switch,391.0,Q2,af,cm,Cameroon,blip_prompted,"[""switch"", ""light switch"", ""power switch""]",captioning,the main household object in this image is a light switch,,,,,True
5ec4f989f0611d7ddd74182b,5ec4f989f0611d7ddd74182b.jpg,switch,391.0,Q2,af,cm,Cameroon,clip,"[""switch"", ""light switch"", ""power switch""]",classification,switch,switch,0.9727849960327148,1.0,,True
5ec4f989f0611d7ddd74182b,5ec4f989f0611d7ddd74182b.jpg,switch,391.0,Q2,af,cm,Cameroon,qwen,"[""switch"", ""light switch"", ""power switch""]",captioning,The main household object in this image is a light switch with a beige cover and some wear and tear.,,,,,True
5ec4f989f0611d7ddd74182b,5ec4f989f0611d7ddd74182b.jpg,switch,391.0,Q2,af,cm,Cameroon,qwen,"[""switch"", ""light switch"", ""power switch""]",classification,switch,switch,,,,True
5ec4f9e1f0611d7ddd741b27,5ec4f9e1f0611d7ddd741b27.JPG,trash container,719.0,Q3,af,et,Ethiopia,blip_baseline,"[""trash can"", ""garbage can"", ""garbage bin"", ""waste bin"", ""dustbin"", ""dumpster""]",captioning,a bag of garbage sitting in front of a green wall,,,,,False
5ec4f9e1f0611d7ddd741b27,5ec4f9e1f0611d7ddd741b27.JPG,trash container,719.0,Q3,af,et,Ethiopia,blip_prompted,"[""trash can"", ""garbage can"", ""garbage bin"", ""waste bin"", ""dustbin"", ""dumpster""]",captioning,the main household object in this image is a basket,,,,,False
5ec4f9e1f0611d7ddd741b27,5ec4f9e1f0611d7ddd741b27.JPG,trash container,719.0,Q3,af,et,Ethiopia,clip,"[""trash can"", ""garbage can"", ""garbage bin"", ""waste bin"", ""dustbin"", ""dumpster""]",classification,trash container,trash container,0.43260258436203,1.0,,True
5ec4f9e1f0611d7ddd741b27,5ec4f9e1f0611d7ddd741b27.JPG,trash container,719.0,Q3,af,et,Ethiopia,qwen,"[""trash can"", ""garbage can"", ""garbage bin"", ""waste bin"", ""dustbin"", ""dumpster""]",captioning,The main household object is a woven bamboo wall.,,,,,False
5ec4f9e1f0611d7ddd741b27,5ec4f9e1f0611d7ddd741b27.JPG,trash container,719.0,Q3,af,et,Ethiopia,qwen,"[""trash can"", ""garbage can"", ""garbage bin"", ""waste bin"", ""dustbin"", ""dumpster""]",classification,trash container,trash container,,,,True
5ec4f9e2f0611d7ddd741b33,5ec4f9e2f0611d7ddd741b33.JPG,roof,719.0,Q3,af,et,Ethiopia,blip_baseline,"[""roof"", ""roofing"", ""ceiling""]",captioning,a light that is on the ceiling,,,,,True
5ec4f9e2f0611d7ddd741b33,5ec4f9e2f0611d7ddd741b33.JPG,roof,719.0,Q3,af,et,Ethiopia,blip_prompted,"[""roof"", ""roofing"", ""ceiling""]",captioning,the main household object in this image is a light bulb,,,,,False
5ec4f9e2f0611d7ddd741b33,5ec4f9e2f0611d7ddd741b33.JPG,roof,719.0,Q3,af,et,Ethiopia,clip,"[""roof"", ""roofing"", ""ceiling""]",classification,roof,roof,0.7928030490875244,1.0,,True
5ec4f9e2f0611d7ddd741b33,5ec4f9e2f0611d7ddd741b33.JPG,roof,719.0,Q3,af,et,Ethiopia,qwen,"[""roof"", ""roofing"", ""ceiling""]",captioning,The main household object in the image is a light bulb hanging from a wire on a tiled ceiling.,,,,,True
5ec4f9e2f0611d7ddd741b33,5ec4f9e2f0611d7ddd741b33.JPG,roof,719.0,Q3,af,et,Ethiopia,qwen,"[""roof"", ""roofing"", ""ceiling""]",classification,light source,light source,,,,False
5ec4f9f2f0611d7ddd741bae,5ec4f9f2f0611d7ddd741bae.JPG,roof,306.0,Q2,af,et,Ethiopia,blip_baseline,"[""roof"", ""roofing"", ""ceiling""]",captioning,a large tunnel with a long metal tube,,,,,False
5ec4f9f2f0611d7ddd741bae,5ec4f9f2f0611d7ddd741bae.JPG,roof,306.0,Q2,af,et,Ethiopia,blip_prompted,"[""roof"", ""roofing"", ""ceiling""]",captioning,the main household object in this image is a large tube,,,,,False
5ec4f9f2f0611d7ddd741bae,5ec4f9f2f0611d7ddd741bae.JPG,roof,306.0,Q2,af,et,Ethiopia,clip,"[""roof"", ""roofing"", ""ceiling""]",classification,roof,roof,0.9735089540481568,1.0,,True
5ec4f9f2f0611d7ddd741bae,5ec4f9f2f0611d7ddd741bae.JPG,roof,306.0,Q2,af,et,Ethiopia,qwen,"[""roof"", ""roofing"", ""ceiling""]",captioning,The main household object in the image is a spiral staircase made of dark wood.,,,,,False
5ec4f9f2f0611d7ddd741bae,5ec4f9f2f0611d7ddd741bae.JPG,roof,306.0,Q2,af,et,Ethiopia,qwen,"[""roof"", ""roofing"", ""ceiling""]",classification,stove,stove,,,,False
5ec4fa30f0611d7ddd741dbe,5ec4fa30f0611d7ddd741dbe.JPG,stove,623.0,Q2,af,et,Ethiopia,blip_baseline,"[""stove"", ""oven"", ""cooker"", ""cooktop"", ""hob""]",captioning,a stove with two burners on a table,,,,,True
5ec4fa30f0611d7ddd741dbe,5ec4fa30f0611d7ddd741dbe.JPG,stove,623.0,Q2,af,et,Ethiopia,blip_prompted,"[""stove"", ""oven"", ""cooker"", ""cooktop"", ""hob""]",captioning,the main household object in this image is a gas stove,,,,,True
5ec4fa30f0611d7ddd741dbe,5ec4fa30f0611d7ddd741dbe.JPG,stove,623.0,Q2,af,et,Ethiopia,clip,"[""stove"", ""oven"", ""cooker"", ""cooktop"", ""hob""]",classification,stove,stove,0.9565719366073608,1.0,,True
5ec4fa30f0611d7ddd741dbe,5ec4fa30f0611d7ddd741dbe.JPG,stove,623.0,Q2,af,et,Ethiopia,qwen,"[""stove"", ""oven"", ""cooker"", ""cooktop"", ""hob""]",captioning,"The main household object in this image is an old, rusted electric stove with two burners.",,,,,True
5ec4fa30f0611d7ddd741dbe,5ec4fa30f0611d7ddd741dbe.JPG,stove,623.0,Q2,af,et,Ethiopia,qwen,"[""stove"", ""oven"", ""cooker"", ""cooktop"", ""hob""]",classification,stove,stove,,,,True
5ec4fa3cf0611d7ddd741e2c,5ec4fa3cf0611d7ddd741e2c.JPG,trash container,6316.0,Q4,af,et,Ethiopia,blip_baseline,"[""trash can"", ""garbage can"", ""garbage bin"", ""waste bin"", ""dustbin"", ""dumpster""]",captioning,a purple trash can sitting on a tiled floor,,,,,True
5ec4fa3cf0611d7ddd741e2c,5ec4fa3cf0611d7ddd741e2c.JPG,trash container,6316.0,Q4,af,et,Ethiopia,blip_prompted,"[""trash can"", ""garbage can"", ""garbage bin"", ""waste bin"", ""dustbin"", ""dumpster""]",captioning,the main household object in this image is a purple trash can,,,,,True
5ec4fa3cf0611d7ddd741e2c,5ec4fa3cf0611d7ddd741e2c.JPG,trash container,6316.0,Q4,af,et,Ethiopia,clip,"[""trash can"", ""garbage can"", ""garbage bin"", ""waste bin"", ""dustbin"", ""dumpster""]",classification,trash container,trash container,0.9914557337760924,1.0,,True
5ec4fa3cf0611d7ddd741e2c,5ec4fa3cf0611d7ddd741e2c.JPG,trash container,6316.0,Q4,af,et,Ethiopia,qwen,"[""trash can"", ""garbage can"", ""garbage bin"", ""waste bin"", ""dustbin"", ""dumpster""]",captioning,The main household object in the image is a blue plastic trash can with a purple lid.,,,,,True
5ec4fa3cf0611d7ddd741e2c,5ec4fa3cf0611d7ddd741e2c.JPG,trash container,6316.0,Q4,af,et,Ethiopia,qwen,"[""trash can"", ""garbage can"", ""garbage bin"", ""waste bin"", ""dustbin"", ""dumpster""]",classification,trash container,trash container,,,,True
5ec4fa5ff0611d7ddd741f24,5ec4fa5ff0611d7ddd741f24.jpg,switch,2900.0,Q4,eu,cz,Czech Republic,blip_baseline,"[""switch"", ""light switch"", ""power switch""]",captioning,a white light switch on a wall,,,,,True
5ec4fa5ff0611d7ddd741f24,5ec4fa5ff0611d7ddd741f24.jpg,switch,2900.0,Q4,eu,cz,Czech Republic,blip_prompted,"[""switch"", ""light switch"", ""power switch""]",captioning,the main household object in this image is a white light switch,,,,,True
5ec4fa5ff0611d7ddd741f24,5ec4fa5ff0611d7ddd741f24.jpg,switch,2900.0,Q4,eu,cz,Czech Republic,clip,"[""switch"", ""light switch"", ""power switch""]",classification,switch,switch,0.9578690528869628,1.0,,True
5ec4fa5ff0611d7ddd741f24,5ec4fa5ff0611d7ddd741f24.jpg,switch,2900.0,Q4,eu,cz,Czech Republic,qwen,"[""switch"", ""light switch"", ""power switch""]",captioning,The main household object in this image is a light switch with two buttons.,,,,,True
5ec4fa5ff0611d7ddd741f24,5ec4fa5ff0611d7ddd741f24.jpg,switch,2900.0,Q4,eu,cz,Czech Republic,qwen,"[""switch"", ""light switch"", ""power switch""]",classification,switch,switch,,,,True
5ec4fa7bf0611d7ddd74200b,5ec4fa7bf0611d7ddd74200b.jpg,stove,311.0,Q2,am,br,Brazil,blip_baseline,"[""stove"", ""oven"", ""cooker"", ""cooktop"", ""hob""]",captioning,a stove and oven in a kitchen with a lot of dirty stuff,,,,,True
5ec4fa7bf0611d7ddd74200b,5ec4fa7bf0611d7ddd74200b.jpg,stove,311.0,Q2,am,br,Brazil,blip_prompted,"[""stove"", ""oven"", ""cooker"", ""cooktop"", ""hob""]",captioning,the main household object in this image is a stove,,,,,True
5ec4fa7bf0611d7ddd74200b,5ec4fa7bf0611d7ddd74200b.jpg,stove,311.0,Q2,am,br,Brazil,clip,"[""stove"", ""oven"", ""cooker"", ""cooktop"", ""hob""]",classification,stove,stove,0.9939193725585938,1.0,,True
5ec4fa7bf0611d7ddd74200b,5ec4fa7bf0611d7ddd74200b.jpg,stove,311.0,Q2,am,br,Brazil,qwen,"[""stove"", ""oven"", ""cooker"", ""cooktop"", ""hob""]",captioning,The main household object is a stainless steel oven with a digital display and control panel.,,,,,True
5ec4fa7bf0611d7ddd74200b,5ec4fa7bf0611d7ddd74200b.jpg,stove,311.0,Q2,am,br,Brazil,qwen,"[""stove"", ""oven"", ""cooker"", ""cooktop"", ""hob""]",classification,stove,stove,,,,True
5ec4fa89f0611d7ddd742087,5ec4fa89f0611d7ddd742087.jpg,roof,284.0,Q2,am,br,Brazil,blip_baseline,"[""roof"", ""roofing"", ""ceiling""]",captioning,a room with a ladder and a television,,,,,False
5ec4fa89f0611d7ddd742087,5ec4fa89f0611d7ddd742087.jpg,roof,284.0,Q2,am,br,Brazil,blip_prompted,"[""roof"", ""roofing"", ""ceiling""]",captioning,the main household object in this image is a television,,,,,False
5ec4fa89f0611d7ddd742087,5ec4fa89f0611d7ddd742087.jpg,roof,284.0,Q2,am,br,Brazil,clip,"[""roof"", ""roofing"", ""ceiling""]",classification,light source,light source,0.6592857241630554,2.0,,False
5ec4fa89f0611d7ddd742087,5ec4fa89f0611d7ddd742087.jpg,roof,284.0,Q2,am,br,Brazil,qwen,"[""roof"", ""roofing"", ""ceiling""]",captioning,The main household object is a red metal fence with a white car parked behind it.,,,,,False
5ec4fa89f0611d7ddd742087,5ec4fa89f0611d7ddd742087.jpg,roof,284.0,Q2,am,br,Brazil,qwen,"[""roof"", ""roofing"", ""ceiling""]",classification,light source,light source,,,,False
5ec4fa8ff0611d7ddd7420b5,5ec4fa8ff0611d7ddd7420b5.jpg,light source,284.0,Q2,am,br,Brazil,blip_baseline,"[""light"", ""lamp"", ""bulb"", ""lantern"", ""candle""]",captioning,a bird cage hanging from the ceiling of a room,,,,,False
5ec4fa8ff0611d7ddd7420b5,5ec4fa8ff0611d7ddd7420b5.jpg,light source,284.0,Q2,am,br,Brazil,blip_prompted,"[""light"", ""lamp"", ""bulb"", ""lantern"", ""candle""]",captioning,the main household object in this image is a bird cage,,,,,False
5ec4fa8ff0611d7ddd7420b5,5ec4fa8ff0611d7ddd7420b5.jpg,light source,284.0,Q2,am,br,Brazil,clip,"[""light"", ""lamp"", ""bulb"", ""lantern"", ""candle""]",classification,roof,roof,0.6785345673561096,2.0,,False
5ec4fa8ff0611d7ddd7420b5,5ec4fa8ff0611d7ddd7420b5.jpg,light source,284.0,Q2,am,br,Brazil,qwen,"[""light"", ""lamp"", ""bulb"", ""lantern"", ""candle""]",captioning,The main household object is a light bulb hanging from the ceiling.,,,,,True
5ec4fa8ff0611d7ddd7420b5,5ec4fa8ff0611d7ddd7420b5.jpg,light source,284.0,Q2,am,br,Brazil,qwen,"[""light"", ""lamp"", ""bulb"", ""lantern"", ""candle""]",classification,light source,light source,,,,True
5ec4fad3f0611d7ddd7422fa,5ec4fad3f0611d7ddd7422fa.jpg,footwear,375.0,Q2,af,gh,Ghana,blip_baseline,"[""shoe"", ""shoes"", ""sandal"", ""sandals"", ""slipper"", ""slippers"", ""sneaker"", ""sneakers"", ""boot"", ""boots"", ""footwear""]",captioning,a man standing on a dirt covered ground,,,,,False
5ec4fad3f0611d7ddd7422fa,5ec4fad3f0611d7ddd7422fa.jpg,footwear,375.0,Q2,af,gh,Ghana,blip_prompted,"[""shoe"", ""shoes"", ""sandal"", ""sandals"", ""slipper"", ""slippers"", ""sneaker"", ""sneakers"", ""boot"", ""boots"", ""footwear""]",captioning,the main household object in this image is a pair of sandals,,,,,True
5ec4fad3f0611d7ddd7422fa,5ec4fad3f0611d7ddd7422fa.jpg,footwear,375.0,Q2,af,gh,Ghana,clip,"[""shoe"", ""shoes"", ""sandal"", ""sandals"", ""slipper"", ""slippers"", ""sneaker"", ""sneakers"", ""boot"", ""boots"", ""footwear""]",classification,footwear,footwear,0.9963008165359496,1.0,,True
5ec4fad3f0611d7ddd7422fa,5ec4fad3f0611d7ddd7422fa.jpg,footwear,375.0,Q2,af,gh,Ghana,qwen,"[""shoe"", ""shoes"", ""sandal"", ""sandals"", ""slipper"", ""slippers"", ""sneaker"", ""sneakers"", ""boot"", ""boots"", ""footwear""]",captioning,The main household object in the image is a pair of flip-flops worn by a person standing on a sandy surface.,,,,,False
5ec4fad3f0611d7ddd7422fa,5ec4fad3f0611d7ddd7422fa.jpg,footwear,375.0,Q2,af,gh,Ghana,qwen,"[""shoe"", ""shoes"", ""sandal"", ""sandals"", ""slipper"", ""slippers"", ""sneaker"", ""sneakers"", ""boot"", ""boots"", ""footwear""]",classification,footwear,footwear,,,,True
5ec4fb02f0611d7ddd742487,5ec4fb02f0611d7ddd742487.jpg,stove,1482.0,Q3,am,co,Colombia,blip_baseline,"[""stove"", ""oven"", ""cooker"", ""cooktop"", ""hob""]",captioning,a stove with a pot on top of it,,,,,True
5ec4fb02f0611d7ddd742487,5ec4fb02f0611d7ddd742487.jpg,stove,1482.0,Q3,am,co,Colombia,blip_prompted,"[""stove"", ""oven"", ""cooker"", ""cooktop"", ""hob""]",captioning,the main household object in this image is a gas stove,,,,,True
5ec4fb02f0611d7ddd742487,5ec4fb02f0611d7ddd742487.jpg,stove,1482.0,Q3,am,co,Colombia,clip,"[""stove"", ""oven"", ""cooker"", ""cooktop"", ""hob""]",classification,stove,stove,0.985928475856781,1.0,,True
5ec4fb02f0611d7ddd742487,5ec4fb02f0611d7ddd742487.jpg,stove,1482.0,Q3,am,co,Colombia,qwen,"[""stove"", ""oven"", ""cooker"", ""cooktop"", ""hob""]",captioning,The main household object is a gas stove with four burners.,,,,,True
5ec4fb02f0611d7ddd742487,5ec4fb02f0611d7ddd742487.jpg,stove,1482.0,Q3,am,co,Colombia,qwen,"[""stove"", ""oven"", ""cooker"", ""cooktop"", ""hob""]",classification,stove,stove,,,,True
5ec4fb67f0611d7ddd7427d0,5ec4fb67f0611d7ddd7427d0.jpg,footwear,409.0,Q2,am,co,Colombia,blip_baseline,"[""shoe"", ""shoes"", ""sandal"", ""sandals"", ""slipper"", ""slippers"", ""sneaker"", ""sneakers"", ""boot"", ""boots"", ""footwear""]",captioning,a bunch of shoes,,,,,True
5ec4fb67f0611d7ddd7427d0,5ec4fb67f0611d7ddd7427d0.jpg,footwear,409.0,Q2,am,co,Colombia,blip_prompted,"[""shoe"", ""shoes"", ""sandal"", ""sandals"", ""slipper"", ""slippers"", ""sneaker"", ""sneakers"", ""boot"", ""boots"", ""footwear""]",captioning,the main household object in this image is a rack of shoes,,,,,True
5ec4fb67f0611d7ddd7427d0,5ec4fb67f0611d7ddd7427d0.jpg,footwear,409.0,Q2,am,co,Colombia,clip,"[""shoe"", ""shoes"", ""sandal"", ""sandals"", ""slipper"", ""slippers"", ""sneaker"", ""sneakers"", ""boot"", ""boots"", ""footwear""]",classification,footwear,footwear,0.998935878276825,1.0,,True
5ec4fb67f0611d7ddd7427d0,5ec4fb67f0611d7ddd7427d0.jpg,footwear,409.0,Q2,am,co,Colombia,qwen,"[""shoe"", ""shoes"", ""sandal"", ""sandals"", ""slipper"", ""slippers"", ""sneaker"", ""sneakers"", ""boot"", ""boots"", ""footwear""]",captioning,The main household object in this image is a shoe rack with multiple pairs of shoes on it.,,,,,True
5ec4fb67f0611d7ddd7427d0,5ec4fb67f0611d7ddd7427d0.jpg,footwear,409.0,Q2,am,co,Colombia,qwen,"[""shoe"", ""shoes"", ""sandal"", ""sandals"", ""slipper"", ""slippers"", ""sneaker"", ""sneakers"", ""boot"", ""boots"", ""footwear""]",classification,footwear,footwear,,,,True
5ec4fb68f0611d7ddd7427d4,5ec4fb68f0611d7ddd7427d4.jpg,switch,409.0,Q2,am,co,Colombia,blip_baseline,"[""switch"", ""light switch"", ""power switch""]",captioning,a white light switch on a wall,,,,,True
5ec4fb68f0611d7ddd7427d4,5ec4fb68f0611d7ddd7427d4.jpg,switch,409.0,Q2,am,co,Colombia,blip_prompted,"[""switch"", ""light switch"", ""power switch""]",captioning,the main household object in this image is a wall switch,,,,,True
5ec4fb68f0611d7ddd7427d4,5ec4fb68f0611d7ddd7427d4.jpg,switch,409.0,Q2,am,co,Colombia,clip,"[""switch"", ""light switch"", ""power switch""]",classification,switch,switch,0.9891303777694702,1.0,,True
5ec4fb68f0611d7ddd7427d4,5ec4fb68f0611d7ddd7427d4.jpg,switch,409.0,Q2,am,co,Colombia,qwen,"[""switch"", ""light switch"", ""power switch""]",captioning,The main household object in the image is a white light switch mounted on a wall.,,,,,True
5ec4fb68f0611d7ddd7427d4,5ec4fb68f0611d7ddd7427d4.jpg,switch,409.0,Q2,am,co,Colombia,qwen,"[""switch"", ""light switch"", ""power switch""]",classification,switch,switch,,,,True
5ec4fb73f0611d7ddd742836,5ec4fb73f0611d7ddd742836.jpg,stove,1392.0,Q3,am,co,Colombia,blip_baseline,"[""stove"", ""oven"", ""cooker"", ""cooktop"", ""hob""]",captioning,a microwave sitting on a table with a green and white cover,,,,,False
5ec4fb73f0611d7ddd742836,5ec4fb73f0611d7ddd742836.jpg,stove,1392.0,Q3,am,co,Colombia,blip_prompted,"[""stove"", ""oven"", ""cooker"", ""cooktop"", ""hob""]",captioning,the main household object in this image is a microwave,,,,,False
5ec4fb73f0611d7ddd742836,5ec4fb73f0611d7ddd742836.jpg,stove,1392.0,Q3,am,co,Colombia,clip,"[""stove"", ""oven"", ""cooker"", ""cooktop"", ""hob""]",classification,trash container,trash container,0.404871791601181,2.0,,False
5ec4fb73f0611d7ddd742836,5ec4fb73f0611d7ddd742836.jpg,stove,1392.0,Q3,am,co,Colombia,qwen,"[""stove"", ""oven"", ""cooker"", ""cooktop"", ""hob""]",captioning,The main household object in this image is a Whirlpool microwave oven.,,,,,True
5ec4fb73f0611d7ddd742836,5ec4fb73f0611d7ddd742836.jpg,stove,1392.0,Q3,am,co,Colombia,qwen,"[""stove"", ""oven"", ""cooker"", ""cooktop"", ""hob""]",classification,stove,stove,,,,True
5ec4fb75f0611d7ddd74284a,5ec4fb75f0611d7ddd74284a.jpg,footwear,1394.0,Q3,am,co,Colombia,blip_baseline,"[""shoe"", ""shoes"", ""sandal"", ""sandals"", ""slipper"", ""slippers"", ""sneaker"", ""sneakers"", ""boot"", ""boots"", ""footwear""]",captioning,a pair of blue crocs with colorful animals on them,,,,,False
5ec4fb75f0611d7ddd74284a,5ec4fb75f0611d7ddd74284a.jpg,footwear,1394.0,Q3,am,co,Colombia,blip_prompted,"[""shoe"", ""shoes"", ""sandal"", ""sandals"", ""slipper"", ""slippers"", ""sneaker"", ""sneakers"", ""boot"", ""boots"", ""footwear""]",captioning,the main household object in this image is a pair of crocy crocy crocy crocy crocy crocy crocy crocy crocy,,,,,False
5ec4fb75f0611d7ddd74284a,5ec4fb75f0611d7ddd74284a.jpg,footwear,1394.0,Q3,am,co,Colombia,clip,"[""shoe"", ""shoes"", ""sandal"", ""sandals"", ""slipper"", ""slippers"", ""sneaker"", ""sneakers"", ""boot"", ""boots"", ""footwear""]",classification,footwear,footwear,0.9997368454933168,1.0,,True
5ec4fb75f0611d7ddd74284a,5ec4fb75f0611d7ddd74284a.jpg,footwear,1394.0,Q3,am,co,Colombia,qwen,"[""shoe"", ""shoes"", ""sandal"", ""sandals"", ""slipper"", ""slippers"", ""sneaker"", ""sneakers"", ""boot"", ""boots"", ""footwear""]",captioning,The main household object in the image is a pair of blue Crocs clogs with various colorful stickers on them.,,,,,False
5ec4fb75f0611d7ddd74284a,5ec4fb75f0611d7ddd74284a.jpg,footwear,1394.0,Q3,am,co,Colombia,qwen,"[""shoe"", ""shoes"", ""sandal"", ""sandals"", ""slipper"", ""slippers"", ""sneaker"", ""sneakers"", ""boot"", ""boots"", ""footwear""]",classification,footwear,footwear,,,,True
5ec4fb80f0611d7ddd7428aa,5ec4fb80f0611d7ddd7428aa.jpg,footwear,261.0,Q2,am,co,Colombia,blip_baseline,"[""shoe"", ""shoes"", ""sandal"", ""sandals"", ""slipper"", ""slippers"", ""sneaker"", ""sneakers"", ""boot"", ""boots"", ""footwear""]",captioning,a pair of white sandals on a wooden floor,,,,,True
5ec4fb80f0611d7ddd7428aa,5ec4fb80f0611d7ddd7428aa.jpg,footwear,261.0,Q2,am,co,Colombia,blip_prompted,"[""shoe"", ""shoes"", ""sandal"", ""sandals"", ""slipper"", ""slippers"", ""sneaker"", ""sneakers"", ""boot"", ""boots"", ""footwear""]",captioning,the main household object in this image is a pair of crocy sandals,,,,,True
5ec4fb80f0611d7ddd7428aa,5ec4fb80f0611d7ddd7428aa.jpg,footwear,261.0,Q2,am,co,Colombia,clip,"[""shoe"", ""shoes"", ""sandal"", ""sandals"", ""slipper"", ""slippers"", ""sneaker"", ""sneakers"", ""boot"", ""boots"", ""footwear""]",classification,footwear,footwear,0.999546229839325,1.0,,True
5ec4fb80f0611d7ddd7428aa,5ec4fb80f0611d7ddd7428aa.jpg,footwear,261.0,Q2,am,co,Colombia,qwen,"[""shoe"", ""shoes"", ""sandal"", ""sandals"", ""slipper"", ""slippers"", ""sneaker"", ""sneakers"", ""boot"", ""boots"", ""footwear""]",captioning,A pair of white sandals with silver accents on a wooden floor.,,,,,True
5ec4fb80f0611d7ddd7428aa,5ec4fb80f0611d7ddd7428aa.jpg,footwear,261.0,Q2,am,co,Colombia,qwen,"[""shoe"", ""shoes"", ""sandal"", ""sandals"", ""slipper"", ""slippers"", ""sneaker"", ""sneakers"", ""boot"", ""boots"", ""footwear""]",classification,footwear,footwear,,,,True
5ec4fb81f0611d7ddd7428b0,5ec4fb81f0611d7ddd7428b0.jpg,light source,261.0,Q2,am,co,Colombia,blip_baseline,"[""light"", ""lamp"", ""bulb"", ""lantern"", ""candle""]",captioning,a white ceiling with a light on it,,,,,True
5ec4fb81f0611d7ddd7428b0,5ec4fb81f0611d7ddd7428b0.jpg,light source,261.0,Q2,am,co,Colombia,blip_prompted,"[""light"", ""lamp"", ""bulb"", ""lantern"", ""candle""]",captioning,the main household object in this image is a toilet,,,,,False
5ec4fb81f0611d7ddd7428b0,5ec4fb81f0611d7ddd7428b0.jpg,light source,261.0,Q2,am,co,Colombia,clip,"[""light"", ""lamp"", ""bulb"", ""lantern"", ""candle""]",classification,switch,switch,0.5743182897567749,3.0,,False
5ec4fb81f0611d7ddd7428b0,5ec4fb81f0611d7ddd7428b0.jpg,light source,261.0,Q2,am,co,Colombia,qwen,"[""light"", ""lamp"", ""bulb"", ""lantern"", ""candle""]",captioning,The main household object in this image is a light bulb.,,,,,True
5ec4fb81f0611d7ddd7428b0,5ec4fb81f0611d7ddd7428b0.jpg,light source,261.0,Q2,am,co,Colombia,qwen,"[""light"", ""lamp"", ""bulb"", ""lantern"", ""candle""]",classification,light source,light source,,,,True
5ec4fb83f0611d7ddd7428c0,5ec4fb83f0611d7ddd7428c0.jpg,trash container,261.0,Q2,am,co,Colombia,blip_baseline,"[""trash can"", ""garbage can"", ""garbage bin"", ""waste bin"", ""dustbin"", ""dumpster""]",captioning,a black trash bag sitting on the floor,,,,,False
5ec4fb83f0611d7ddd7428c0,5ec4fb83f0611d7ddd7428c0.jpg,trash container,261.0,Q2,am,co,Colombia,blip_prompted,"[""trash can"", ""garbage can"", ""garbage bin"", ""waste bin"", ""dustbin"", ""dumpster""]",captioning,the main household object in this image is a trash bag,,,,,False
5ec4fb83f0611d7ddd7428c0,5ec4fb83f0611d7ddd7428c0.jpg,trash container,261.0,Q2,am,co,Colombia,clip,"[""trash can"", ""garbage can"", ""garbage bin"", ""waste bin"", ""dustbin"", ""dumpster""]",classification,trash container,trash container,0.9887456297874452,1.0,,True
5ec4fb83f0611d7ddd7428c0,5ec4fb83f0611d7ddd7428c0.jpg,trash container,261.0,Q2,am,co,Colombia,qwen,"[""trash can"", ""garbage can"", ""garbage bin"", ""waste bin"", ""dustbin"", ""dumpster""]",captioning,The main household object in the image is a black plastic bag.,,,,,False
5ec4fb83f0611d7ddd7428c0,5ec4fb83f0611d7ddd7428c0.jpg,trash container,261.0,Q2,am,co,Colombia,qwen,"[""trash can"", ""garbage can"", ""garbage bin"", ""waste bin"", ""dustbin"", ""dumpster""]",classification,trash container,trash container,,,,True
5ec4fba1f0611d7ddd7429bc,5ec4fba1f0611d7ddd7429bc.jpg,light source,1482.0,Q3,am,co,Colombia,blip_baseline,"[""light"", ""lamp"", ""bulb"", ""lantern"", ""candle""]",captioning,a kitchen with a ceiling that has been painted,,,,,False
5ec4fba1f0611d7ddd7429bc,5ec4fba1f0611d7ddd7429bc.jpg,light source,1482.0,Q3,am,co,Colombia,blip_prompted,"[""light"", ""lamp"", ""bulb"", ""lantern"", ""candle""]",captioning,the main household object in this image is a ceiling,,,,,False
5ec4fba1f0611d7ddd7429bc,5ec4fba1f0611d7ddd7429bc.jpg,light source,1482.0,Q3,am,co,Colombia,clip,"[""light"", ""lamp"", ""bulb"", ""lantern"", ""candle""]",classification,roof,roof,0.5079983472824097,2.0,,False
5ec4fba1f0611d7ddd7429bc,5ec4fba1f0611d7ddd7429bc.jpg,light source,1482.0,Q3,am,co,Colombia,qwen,"[""light"", ""lamp"", ""bulb"", ""lantern"", ""candle""]",captioning,The main household object is a ceiling with a light fixture.,,,,,True
5ec4fba1f0611d7ddd7429bc,5ec4fba1f0611d7ddd7429bc.jpg,light source,1482.0,Q3,am,co,Colombia,qwen,"[""light"", ""lamp"", ""bulb"", ""lantern"", ""candle""]",classification,light source,light source,,,,True
5edfe79012a022abbc87ea5a,5edfe79012a022abbc87ea5a.jpg,footwear,1091.0,Q3,as,np,Nepal,blip_baseline,"[""shoe"", ""shoes"", ""sandal"", ""sandals"", ""slipper"", ""slippers"", ""sneaker"", ""sneakers"", ""boot"", ""boots"", ""footwear""]",captioning,a woman is cleaning a room with a broom,,,,,False
5edfe79012a022abbc87ea5a,5edfe79012a022abbc87ea5a.jpg,footwear,1091.0,Q3,as,np,Nepal,blip_prompted,"[""shoe"", ""shoes"", ""sandal"", ""sandals"", ""slipper"", ""slippers"", ""sneaker"", ""sneakers"", ""boot"", ""boots"", ""footwear""]",captioning,the main household object in this image is a broom,,,,,False
5edfe79012a022abbc87ea5a,5edfe79012a022abbc87ea5a.jpg,footwear,1091.0,Q3,as,np,Nepal,clip,"[""shoe"", ""shoes"", ""sandal"", ""sandals"", ""slipper"", ""slippers"", ""sneaker"", ""sneakers"", ""boot"", ""boots"", ""footwear""]",classification,footwear,footwear,0.9323369860649108,1.0,,True
5edfe79012a022abbc87ea5a,5edfe79012a022abbc87ea5a.jpg,footwear,1091.0,Q3,as,np,Nepal,qwen,"[""shoe"", ""shoes"", ""sandal"", ""sandals"", ""slipper"", ""slippers"", ""sneaker"", ""sneakers"", ""boot"", ""boots"", ""footwear""]",captioning,The main household object is a broom with a wooden handle and straw bristles.,,,,,False
5edfe79012a022abbc87ea5a,5edfe79012a022abbc87ea5a.jpg,footwear,1091.0,Q3,as,np,Nepal,qwen,"[""shoe"", ""shoes"", ""sandal"", ""sandals"", ""slipper"", ""slippers"", ""sneaker"", ""sneakers"", ""boot"", ""boots"", ""footwear""]",classification,footwear,footwear,,,,True
5f8c634fe894f07b8477dfbe,5f8c634fe894f07b8477dfbe.jpg,switch,304.0,Q2,as,pk,Pakistan,blip_baseline,"[""switch"", ""light switch"", ""power switch""]",captioning,a white electrical outlet with a white light,,,,,False
5f8c634fe894f07b8477dfbe,5f8c634fe894f07b8477dfbe.jpg,switch,304.0,Q2,as,pk,Pakistan,blip_prompted,"[""switch"", ""light switch"", ""power switch""]",captioning,the main household object in this image is a white electrical outlet with a white light switch,,,,,True
5f8c634fe894f07b8477dfbe,5f8c634fe894f07b8477dfbe.jpg,switch,304.0,Q2,as,pk,Pakistan,clip,"[""switch"", ""light switch"", ""power switch""]",classification,switch,switch,0.9780920147895812,1.0,,True
5f8c634fe894f07b8477dfbe,5f8c634fe894f07b8477dfbe.jpg,switch,304.0,Q2,as,pk,Pakistan,qwen,"[""switch"", ""light switch"", ""power switch""]",captioning,The main household object in the image is an electrical panel with various switches and a light bulb.,,,,,False
5f8c634fe894f07b8477dfbe,5f8c634fe894f07b8477dfbe.jpg,switch,304.0,Q2,as,pk,Pakistan,qwen,"[""switch"", ""light switch"", ""power switch""]",classification,light source,light source,,,,False
5f8dfa6069531c2f81fdef7f,5f8dfa6069531c2f81fdef7f.jpg,light source,304.0,Q2,as,pk,Pakistan,blip_baseline,"[""light"", ""lamp"", ""bulb"", ""lantern"", ""candle""]",captioning,a white toilet sitting in a dark room,,,,,False
5f8dfa6069531c2f81fdef7f,5f8dfa6069531c2f81fdef7f.jpg,light source,304.0,Q2,as,pk,Pakistan,blip_prompted,"[""light"", ""lamp"", ""bulb"", ""lantern"", ""candle""]",captioning,the main household object in this image is a white refrigerator,,,,,False
5f8dfa6069531c2f81fdef7f,5f8dfa6069531c2f81fdef7f.jpg,light source,304.0,Q2,as,pk,Pakistan,clip,"[""light"", ""lamp"", ""bulb"", ""lantern"", ""candle""]",classification,light source,light source,0.642642617225647,1.0,,True
5f8dfa6069531c2f81fdef7f,5f8dfa6069531c2f81fdef7f.jpg,light source,304.0,Q2,as,pk,Pakistan,qwen,"[""light"", ""lamp"", ""bulb"", ""lantern"", ""candle""]",captioning,The main household object in this image is an electrical panel with multiple switches and a light bulb.,,,,,True
5f8dfa6069531c2f81fdef7f,5f8dfa6069531c2f81fdef7f.jpg,light source,304.0,Q2,as,pk,Pakistan,qwen,"[""light"", ""lamp"", ""bulb"", ""lantern"", ""candle""]",classification,light source,light source,,,,True
5fa325b3a4fd6154365dfcd4,5fa325b3a4fd6154365dfcd4.jpeg,switch,1025.0,Q3,am,co,Colombia,blip_baseline,"[""switch"", ""light switch"", ""power switch""]",captioning,a white light switch and a white light switch,,,,,True
5fa325b3a4fd6154365dfcd4,5fa325b3a4fd6154365dfcd4.jpeg,switch,1025.0,Q3,am,co,Colombia,blip_prompted,"[""switch"", ""light switch"", ""power switch""]",captioning,the main household object in this image is a plug and socket,,,,,False
5fa325b3a4fd6154365dfcd4,5fa325b3a4fd6154365dfcd4.jpeg,switch,1025.0,Q3,am,co,Colombia,clip,"[""switch"", ""light switch"", ""power switch""]",classification,switch,switch,0.9907584190368652,1.0,,True
5fa325b3a4fd6154365dfcd4,5fa325b3a4fd6154365dfcd4.jpeg,switch,1025.0,Q3,am,co,Colombia,qwen,"[""switch"", ""light switch"", ""power switch""]",captioning,The main household object in the image is an electrical outlet with a matching switch above it.,,,,,True
5fa325b3a4fd6154365dfcd4,5fa325b3a4fd6154365dfcd4.jpeg,switch,1025.0,Q3,am,co,Colombia,qwen,"[""switch"", ""light switch"", ""power switch""]",classification,switch,switch,,,,True
5fa329ada4fd6103df5dff73,5fa329ada4fd6103df5dff73.jpeg,roof,1025.0,Q3,am,co,Colombia,blip_baseline,"[""roof"", ""roofing"", ""ceiling""]",captioning,a ceiling with a hole in it,,,,,True
5fa329ada4fd6103df5dff73,5fa329ada4fd6103df5dff73.jpeg,roof,1025.0,Q3,am,co,Colombia,blip_prompted,"[""roof"", ""roofing"", ""ceiling""]",captioning,the main household object in this image is a broken ceiling,,,,,True
5fa329ada4fd6103df5dff73,5fa329ada4fd6103df5dff73.jpeg,roof,1025.0,Q3,am,co,Colombia,clip,"[""roof"", ""roofing"", ""ceiling""]",classification,roof,roof,0.6560713052749634,1.0,,True
5fa329ada4fd6103df5dff73,5fa329ada4fd6103df5dff73.jpeg,roof,1025.0,Q3,am,co,Colombia,qwen,"[""roof"", ""roofing"", ""ceiling""]",captioning,The main household object in this image is an air vent with a decorative pattern on it.,,,,,False
5fa329ada4fd6103df5dff73,5fa329ada4fd6103df5dff73.jpeg,roof,1025.0,Q3,am,co,Colombia,qwen,"[""roof"", ""roofing"", ""ceiling""]",classification,stove,stove,,,,False
5d4bf05ccf0b3a0f3f354caa,5d4bf05ccf0b3a0f3f354caa.jpg,roof,116.0,Q1,af,lr,Liberia,yolo_world,"[""roof"", ""roofing"", ""ceiling""]",detection,,,,,[],False
5d4be798cf0b3a0f3f345bb4,5d4be798cf0b3a0f3f345bb4.jpg,roof,78.0,Q1,as,bd,Bangladesh,yolo_world,"[""roof"", ""roofing"", ""ceiling""]",detection,,,,,[],False
5d4bf377cf0b3a0f3f35a144,5d4bf377cf0b3a0f3f35a144.jpg,roof,53.64520422,Q1,af,bf,Burkina Faso,yolo_world,"[""roof"", ""roofing"", ""ceiling""]",detection,,,,,[],False
5d4beacdcf0b3a0f3f34b1d8,5d4beacdcf0b3a0f3f34b1d8.jpg,roof,30.68690172,Q1,as,in,India,yolo_world,"[""roof"", ""roofing"", ""ceiling""]",detection,,,,,[],False
5d4bf0bfcf0b3a0f3f355712,5d4bf0bfcf0b3a0f3f355712.jpg,roof,80.72770904,Q1,af,ci,Cote d'Ivoire,yolo_world,"[""roof"", ""roofing"", ""ceiling""]",detection,,,,,[],False
5d4bef5dcf0b3a0f3f3531c6,5d4bef5dcf0b3a0f3f3531c6.jpg,roof,131.5512222,Q1,as,np,Nepal,yolo_world,"[""roof"", ""roofing"", ""ceiling""]",detection,,,,,[],False
5d4bf3a8cf0b3a0f3f35a67c,5d4bf3a8cf0b3a0f3f35a67c.jpg,roof,55.93351031,Q1,af,bf,Burkina Faso,yolo_world,"[""roof"", ""roofing"", ""ceiling""]",detection,,,,,[],False
5ec4f9f2f0611d7ddd741bae,5ec4f9f2f0611d7ddd741bae.JPG,roof,306.0,Q2,af,et,Ethiopia,yolo_world,"[""roof"", ""roofing"", ""ceiling""]",detection,,,,,[],False
5ec4fa89f0611d7ddd742087,5ec4fa89f0611d7ddd742087.jpg,roof,284.0,Q2,am,br,Brazil,yolo_world,"[""roof"", ""roofing"", ""ceiling""]",detection,,,,,[],False
5d4bea54cf0b3a0f3f34a3ac,5d4bea54cf0b3a0f3f34a3ac.jpg,roof,221.3244168,Q2,as,in,India,yolo_world,"[""roof"", ""roofing"", ""ceiling""]",detection,,,,,[],False
5d4bdefccf0b3a0f3f336ec5,5d4bdefccf0b3a0f3f336ec5.jpg,roof,430.0,Q2,eu,rs,Serbia,yolo_world,"[""roof"", ""roofing"", ""ceiling""]",detection,,,,,[],False
5d4be3ffcf0b3a0f3f33f500,5d4be3ffcf0b3a0f3f33f500.jpg,roof,227.0,Q2,af,cm,Cameroon,yolo_world,"[""roof"", ""roofing"", ""ceiling""]",detection,,,,,[],False
5d4bf2fbcf0b3a0f3f359462,5d4bf2fbcf0b3a0f3f359462.jpg,roof,254.0,Q2,am,bo,Bolivia,yolo_world,"[""roof"", ""roofing"", ""ceiling""]",detection,,,,,[],False
5d4bf131cf0b3a0f3f356206,5d4bf131cf0b3a0f3f356206.jpg,roof,564.997748,Q2,as,id,Indonesia,yolo_world,"[""roof"", ""roofing"", ""ceiling""]",detection,,,,,[],False
5ec4f9e2f0611d7ddd741b33,5ec4f9e2f0611d7ddd741b33.JPG,roof,719.0,Q3,af,et,Ethiopia,yolo_world,"[""roof"", ""roofing"", ""ceiling""]",detection,,,,,[],False
5fa329ada4fd6103df5dff73,5fa329ada4fd6103df5dff73.jpeg,roof,1025.0,Q3,am,co,Colombia,yolo_world,"[""roof"", ""roofing"", ""ceiling""]",detection,,,,,[],False
5d4be103cf0b3a0f3f33a4af,5d4be103cf0b3a0f3f33a4af.jpg,roof,1295.0,Q3,as,in,India,yolo_world,"[""roof"", ""roofing"", ""ceiling""]",detection,,,,,[],False
5d4be02fcf0b3a0f3f338c7c,5d4be02fcf0b3a0f3f338c7c.JPG,roof,1260.0,Q3,eu,nl,Netherlands,yolo_world,"[""roof"", ""roofing"", ""ceiling""]",detection,,,,,[],False
5ec4f97ef0611d7ddd7417d1,5ec4f97ef0611d7ddd7417d1.jpg,roof,745.0,Q3,af,cm,Cameroon,yolo_world,"[""roof"", ""roofing"", ""ceiling""]",detection,,,,,[],False
5d4be09bcf0b3a0f3f3398ab,5d4be09bcf0b3a0f3f3398ab.JPG,roof,1034.0,Q3,am,br,Brazil,yolo_world,"[""roof"", ""roofing"", ""ceiling""]",detection,,,,,[],False
5ec4f86df0611d7ddd740eb2,5ec4f86df0611d7ddd740eb2.jpg,roof,1706.0,Q3,as,ir,Iran,yolo_world,"[""roof"", ""roofing"", ""ceiling""]",detection,,,,,[],False
5d4be61ccf0b3a0f3f343139,5d4be61ccf0b3a0f3f343139.jpg,roof,3755.0,Q4,af,za,South Africa,yolo_world,"[""roof"", ""roofing"", ""ceiling""]",detection,,,,,[],False
5d4be42ccf0b3a0f3f33fa48,5d4be42ccf0b3a0f3f33fa48.JPG,roof,4446.0,Q4,am,us,United States,yolo_world,"[""roof"", ""roofing"", ""ceiling""]",detection,,,,,[],False
5d4be0abcf0b3a0f3f339a79,5d4be0abcf0b3a0f3f339a79.jpg,roof,5621.0,Q4,as,in,India,yolo_world,"[""roof"", ""roofing"", ""ceiling""]",detection,,,,,[],False
5d4be417cf0b3a0f3f33f7d4,5d4be417cf0b3a0f3f33f7d4.JPG,roof,1890.0,Q4,eu,gb,United Kingdom,yolo_world,"[""roof"", ""roofing"", ""ceiling""]",detection,,,,,[],False
5d4bebdccf0b3a0f3f34d03d,5d4bebdccf0b3a0f3f34d03d.jpg,roof,4650.0,Q4,am,us,United States,yolo_world,"[""roof"", ""roofing"", ""ceiling""]",detection,,,,,[],False
5d4be136cf0b3a0f3f33aa95,5d4be136cf0b3a0f3f33aa95.jpg,roof,4621.0,Q4,as,in,India,yolo_world,"[""roof"", ""roofing"", ""ceiling""]",detection,,,,,[],False
5d4be404cf0b3a0f3f33f59c,5d4be404cf0b3a0f3f33f59c.JPG,roof,2010.0,Q4,eu,gb,United Kingdom,yolo_world,"[""roof"", ""roofing"", ""ceiling""]",detection,,,,,[],False
5d4be1cbcf0b3a0f3f33ba21,5d4be1cbcf0b3a0f3f33ba21.JPG,light source,82.0,Q1,af,ke,Kenya,yolo_world,"[""light"", ""lamp"", ""bulb"", ""lantern"", ""candle""]",detection,,,,,[],False
5d4be664cf0b3a0f3f343977,5d4be664cf0b3a0f3f343977.JPG,light source,102.0,Q1,am,pe,Peru,yolo_world,"[""light"", ""lamp"", ""bulb"", ""lantern"", ""candle""]",detection,,,,,[],False
5d4beab0cf0b3a0f3f34ae70,5d4beab0cf0b3a0f3f34ae70.jpg,light source,170.0,Q1,as,in,India,yolo_world,"[""light"", ""lamp"", ""bulb"", ""lantern"", ""candle""]",detection,,,,,[],False
5d4becefcf0b3a0f3f34eb88,5d4becefcf0b3a0f3f34eb88.jpg,light source,41.85460574,Q1,af,zw,Zimbabwe,yolo_world,"[""light"", ""lamp"", ""bulb"", ""lantern"", ""candle""]",detection,,,,,[],False
5d4bf271cf0b3a0f3f3583da,5d4bf271cf0b3a0f3f3583da.jpg,light source,144.688254,Q1,am,co,Colombia,yolo_world,"[""light"", ""lamp"", ""bulb"", ""lantern"", ""candle""]",detection,,,,,[],False
5d4be752cf0b3a0f3f3453ca,5d4be752cf0b3a0f3f3453ca.jpg,light source,63.5080716,Q1,as,mm,Myanmar,yolo_world,"[""light"", ""lamp"", ""bulb"", ""lantern"", ""candle""]",detection,,,,,[],False
5d4bf0b4cf0b3a0f3f3555cc,5d4bf0b4cf0b3a0f3f3555cc.jpg,light source,82.91518231,Q1,af,ci,Cote d'Ivoire,yolo_world,"[""light"", ""lamp"", ""bulb"", ""lantern"", ""candle""]",detection,,,,,[],False
5d4bdfa0cf0b3a0f3f337f53,5d4bdfa0cf0b3a0f3f337f53.jpg,light source,398.0,Q2,am,pe,Peru,yolo_world,"[""light"", ""lamp"", ""bulb"", ""lantern"", ""candle""]",detection,,,,,[],False
5f8dfa6069531c2f81fdef7f,5f8dfa6069531c2f81fdef7f.jpg,light source,304.0,Q2,as,pk,Pakistan,yolo_world,"[""light"", ""lamp"", ""bulb"", ""lantern"", ""candle""]",detection,,,,,[],False
5d4be196cf0b3a0f3f33b4c3,5d4be196cf0b3a0f3f33b4c3.jpg,light source,685.0,Q2,am,br,Brazil,yolo_world,"[""light"", ""lamp"", ""bulb"", ""lantern"", ""candle""]",detection,,,,,[],False
5d4be631cf0b3a0f3f343397,5d4be631cf0b3a0f3f343397.JPG,light source,526.0,Q2,as,in,India,yolo_world,"[""light"", ""lamp"", ""bulb"", ""lantern"", ""candle""]",detection,,,,,[],False
5ec4fb81f0611d7ddd7428b0,5ec4fb81f0611d7ddd7428b0.jpg,light source,261.0,Q2,am,co,Colombia,yolo_world,"[""light"", ""lamp"", ""bulb"", ""lantern"", ""candle""]",detection,,,,,[],False
5d4bdf05cf0b3a0f3f336fb3,5d4bdf05cf0b3a0f3f336fb3.JPG,light source,293.0,Q2,as,id,Indonesia,yolo_world,"[""light"", ""lamp"", ""bulb"", ""lantern"", ""candle""]",detection,,,,,[],False
5ec4fa8ff0611d7ddd7420b5,5ec4fa8ff0611d7ddd7420b5.jpg,light source,284.0,Q2,am,br,Brazil,yolo_world,"[""light"", ""lamp"", ""bulb"", ""lantern"", ""candle""]",detection,,,,,[],False
5d4be03ccf0b3a0f3f338dde,5d4be03ccf0b3a0f3f338dde.JPG,light source,1643.0,Q3,af,ng,Nigeria,yolo_world,"[""light"", ""lamp"", ""bulb"", ""lantern"", ""candle""]",detection,,,,,[],False
5ec4fba1f0611d7ddd7429bc,5ec4fba1f0611d7ddd7429bc.jpg,light source,1482.0,Q3,am,co,Colombia,yolo_world,"[""light"", ""lamp"", ""bulb"", ""lantern"", ""candle""]",detection,,,,,[],False
5d4be0b0cf0b3a0f3f339b0b,5d4be0b0cf0b3a0f3f339b0b.jpg,light source,1742.0,Q3,as,in,India,yolo_world,"[""light"", ""lamp"", ""bulb"", ""lantern"", ""candle""]",detection,,,,,[],False
5d4bdfb1cf0b3a0f3f33809d,5d4bdfb1cf0b3a0f3f33809d.jpg,light source,1038.0,Q3,eu,nl,Netherlands,yolo_world,"[""light"", ""lamp"", ""bulb"", ""lantern"", ""candle""]",detection,,,,,[],False
5d4be672cf0b3a0f3f343b19,5d4be672cf0b3a0f3f343b19.jpg,light source,1050.70879,Q3,af,tz,Tanzania,yolo_world,"[""light"", ""lamp"", ""bulb"", ""lantern"", ""candle""]",detection,,,,,[],False
5d4bde4dcf0b3a0f3f335e25,5d4bde4dcf0b3a0f3f335e25.jpg,light source,898.0,Q3,am,us,United States,yolo_world,"[""light"", ""lamp"", ""bulb"", ""lantern"", ""candle""]",detection,,,,,[],False
5d4be657cf0b3a0f3f3437e9,5d4be657cf0b3a0f3f3437e9.JPG,light source,1350.0,Q3,as,cn,China,yolo_world,"[""light"", ""lamp"", ""bulb"", ""lantern"", ""candle""]",detection,,,,,[],False
5ec4f834f0611d7ddd740cc3,5ec4f834f0611d7ddd740cc3.JPG,light source,3478.0,Q4,am,us,United States,yolo_world,"[""light"", ""lamp"", ""bulb"", ""lantern"", ""candle""]",detection,,,,,[],False
5d4be118cf0b3a0f3f33a717,5d4be118cf0b3a0f3f33a717.jpeg,light source,3477.0,Q4,as,in,India,yolo_world,"[""light"", ""lamp"", ""bulb"", ""lantern"", ""candle""]",detection,,,,,[],False
5ec4f91cf0611d7ddd74148c,5ec4f91cf0611d7ddd74148c.jpg,light source,4256.0,Q4,eu,es,Spain,yolo_world,"[""light"", ""lamp"", ""bulb"", ""lantern"", ""candle""]",detection,,,,,[],False
5d4be53dcf0b3a0f3f341904,5d4be53dcf0b3a0f3f341904.JPG,light source,2001.0,Q4,am,us,United States,yolo_world,"[""light"", ""lamp"", ""bulb"", ""lantern"", ""candle""]",detection,,,,,[],False
5d4bf2a9cf0b3a0f3f358a8e,5d4bf2a9cf0b3a0f3f358a8e.jpg,light source,3704.327276,Q4,as,cn,China,yolo_world,"[""light"", ""lamp"", ""bulb"", ""lantern"", ""candle""]",detection,,,,,[],False
5ec4f90ef0611d7ddd741415,5ec4f90ef0611d7ddd741415.jpg,light source,3195.0,Q4,eu,es,Spain,yolo_world,"[""light"", ""lamp"", ""bulb"", ""lantern"", ""candle""]",detection,,,,,[],False
5d4bebfdcf0b3a0f3f34d421,5d4bebfdcf0b3a0f3f34d421.jpg,light source,4650.0,Q4,am,us,United States,yolo_world,"[""light"", ""lamp"", ""bulb"", ""lantern"", ""candle""]",detection,,,,,[],False
5d4befc5cf0b3a0f3f353ce2,5d4befc5cf0b3a0f3f353ce2.jpg,stove,50.18041676,Q1,af,mw,Malawi,yolo_world,"[""stove"", ""oven"", ""cooker"", ""cooktop"", ""hob""]",detection,,,,,[],False
5d4bf150cf0b3a0f3f356534,5d4bf150cf0b3a0f3f356534.jpg,stove,209.7449238,Q1,as,id,Indonesia,yolo_world,"[""stove"", ""oven"", ""cooker"", ""cooktop"", ""hob""]",detection,stove,stove,0.6326406002044678,,"[{""label"": ""stove"", ""confidence"": 0.6326406002044678, ""xyxy"": [195.89576721191406, 697.720947265625, 871.76171875, 1199.8741455078125]}]",True
5d4bed75cf0b3a0f3f34fa6a,5d4bed75cf0b3a0f3f34fa6a.jpg,stove,113.5375491,Q1,af,tn,Tunisia,yolo_world,"[""stove"", ""oven"", ""cooker"", ""cooktop"", ""hob""]",detection,,,,,[],False
5d4be7b3cf0b3a0f3f345ec4,5d4be7b3cf0b3a0f3f345ec4.jpg,stove,72.10457258,Q1,as,bd,Bangladesh,yolo_world,"[""stove"", ""oven"", ""cooker"", ""cooktop"", ""hob""]",detection,,,,,[],False
5d4bee22cf0b3a0f3f350e6a,5d4bee22cf0b3a0f3f350e6a.jpg,stove,53.35597015,Q1,af,rw,Rwanda,yolo_world,"[""stove"", ""oven"", ""cooker"", ""cooktop"", ""hob""]",detection,,,,,[],False
5d4bef59cf0b3a0f3f353156,5d4bef59cf0b3a0f3f353156.jpg,stove,131.5512222,Q1,as,np,Nepal,yolo_world,"[""stove"", ""oven"", ""cooker"", ""cooktop"", ""hob""]",detection,stove,stove,0.3784090578556061,,"[{""label"": ""stove"", ""confidence"": 0.3784090578556061, ""xyxy"": [0.0, 2809.1943359375, 3554.1015625, 4630.64453125]}]",True
5d4beff5cf0b3a0f3f354210,5d4beff5cf0b3a0f3f354210.jpg,stove,51.88264617,Q1,af,mw,Malawi,yolo_world,"[""stove"", ""oven"", ""cooker"", ""cooktop"", ""hob""]",detection,,,,,[],False
5ec4fa30f0611d7ddd741dbe,5ec4fa30f0611d7ddd741dbe.JPG,stove,623.0,Q2,af,et,Ethiopia,yolo_world,"[""stove"", ""oven"", ""cooker"", ""cooktop"", ""hob""]",detection,,,,,[],False
5ec4fa7bf0611d7ddd74200b,5ec4fa7bf0611d7ddd74200b.jpg,stove,311.0,Q2,am,br,Brazil,yolo_world,"[""stove"", ""oven"", ""cooker"", ""cooktop"", ""hob""]",detection,,,,,[],False
5d4bf2b2cf0b3a0f3f358bb0,5d4bf2b2cf0b3a0f3f358bb0.jpg,stove,240.0,Q2,as,cn,China,yolo_world,"[""stove"", ""oven"", ""cooker"", ""cooktop"", ""hob""]",detection,,,,,[],False
5d4be176cf0b3a0f3f33b207,5d4be176cf0b3a0f3f33b207.jpg,stove,456.0,Q2,am,br,Brazil,yolo_world,"[""stove"", ""oven"", ""cooker"", ""cooktop"", ""hob""]",detection,,,,,[],False
5d4be76ecf0b3a0f3f3456e8,5d4be76ecf0b3a0f3f3456e8.jpg,stove,308.0,Q2,as,id,Indonesia,yolo_world,"[""stove"", ""oven"", ""cooker"", ""cooktop"", ""hob""]",detection,,,,,[],False
5d4be15bcf0b3a0f3f33aee7,5d4be15bcf0b3a0f3f33aee7.JPG,stove,368.0,Q2,am,br,Brazil,yolo_world,"[""stove"", ""oven"", ""cooker"", ""cooktop"", ""hob""]",detection,,,,,[],False
5d4bed05cf0b3a0f3f34edce,5d4bed05cf0b3a0f3f34edce.jpg,stove,265.5253567,Q2,as,vn,Vietnam,yolo_world,"[""stove"", ""oven"", ""cooker"", ""cooktop"", ""hob""]",detection,footwear,footwear,0.2678689360618591,,"[{""label"": ""footwear"", ""confidence"": 0.26786893606185913, ""xyxy"": [1.737070083618164, 2201.345458984375, 738.48291015625, 3671.845947265625]}]",False
5d4be672cf0b3a0f3f343b13,5d4be672cf0b3a0f3f343b13.jpg,stove,1050.70879,Q3,af,tz,Tanzania,yolo_world,"[""stove"", ""oven"", ""cooker"", ""cooktop"", ""hob""]",detection,,,,,[],False
5ec4fb73f0611d7ddd742836,5ec4fb73f0611d7ddd742836.jpg,stove,1392.0,Q3,am,co,Colombia,yolo_world,"[""stove"", ""oven"", ""cooker"", ""cooktop"", ""hob""]",detection,,,,,[],False
5d4bef4dcf0b3a0f3f352fe2,5d4bef4dcf0b3a0f3f352fe2.jpg,stove,1747.0,Q3,as,np,Nepal,yolo_world,"[""stove"", ""oven"", ""cooker"", ""cooktop"", ""hob""]",detection,,,,,[],False
5d4be22ecf0b3a0f3f33c475,5d4be22ecf0b3a0f3f33c475.JPG,stove,1610.0,Q3,af,eg,Egypt,yolo_world,"[""stove"", ""oven"", ""cooker"", ""cooktop"", ""hob""]",detection,stove,stove,0.5437849164009094,,"[{""label"": ""stove"", ""confidence"": 0.5437849164009094, ""xyxy"": [486.5296325683594, 1170.9005126953125, 5333.58203125, 3564.535400390625]}]",True
5d4bde4dcf0b3a0f3f335e21,5d4bde4dcf0b3a0f3f335e21.jpg,stove,898.0,Q3,am,us,United States,yolo_world,"[""stove"", ""oven"", ""cooker"", ""cooktop"", ""hob""]",detection,,,,,[],False
5d4be0fecf0b3a0f3f33a415,5d4be0fecf0b3a0f3f33a415.jpeg,stove,1295.0,Q3,as,in,India,yolo_world,"[""stove"", ""oven"", ""cooker"", ""cooktop"", ""hob""]",detection,,,,,[],False
5ec4fb02f0611d7ddd742487,5ec4fb02f0611d7ddd742487.jpg,stove,1482.0,Q3,am,co,Colombia,yolo_world,"[""stove"", ""oven"", ""cooker"", ""cooktop"", ""hob""]",detection,stove,stove,0.6600469946861267,,"[{""label"": ""stove"", ""confidence"": 0.6600469946861267, ""xyxy"": [28.7612361907959, 501.4298400878906, 4128.0, 3092.7216796875]}]",True
5d4befa8cf0b3a0f3f353974,5d4befa8cf0b3a0f3f353974.jpg,stove,6342.0,Q4,am,mx,Mexico,yolo_world,"[""stove"", ""oven"", ""cooker"", ""cooktop"", ""hob""]",detection,,,,,[],False
5d4be106cf0b3a0f3f33a4fb,5d4be106cf0b3a0f3f33a4fb.JPG,stove,3611.0,Q4,as,in,India,yolo_world,"[""stove"", ""oven"", ""cooker"", ""cooktop"", ""hob""]",detection,stove,stove,0.7279739379882812,,"[{""label"": ""stove"", ""confidence"": 0.7279739379882812, ""xyxy"": [0.18011474609375, 0.41387939453125, 639.3987426757812, 480.0]}]",True
5ec4f5caf4a4fb7dc0387a0c,5ec4f5caf4a4fb7dc0387a0c.jpg,stove,2642.0,Q4,eu,ru,Russia,yolo_world,"[""stove"", ""oven"", ""cooker"", ""cooktop"", ""hob""]",detection,,,,,[],False
5d4be048cf0b3a0f3f338f18,5d4be048cf0b3a0f3f338f18.jpg,stove,4559.0,Q4,am,us,United States,yolo_world,"[""stove"", ""oven"", ""cooker"", ""cooktop"", ""hob""]",detection,,,,,[],False
5ec4f948f0611d7ddd741601,5ec4f948f0611d7ddd741601.JPG,stove,5795.0,Q4,as,in,India,yolo_world,"[""stove"", ""oven"", ""cooker"", ""cooktop"", ""hob""]",detection,stove,stove,0.5157878398895264,,"[{""label"": ""stove"", ""confidence"": 0.5157878398895264, ""xyxy"": [0.7515152096748352, 109.88322448730469, 3006.2822265625, 3313.380859375]}]",True
5d4be0ddcf0b3a0f3f33a03d,5d4be0ddcf0b3a0f3f33a03d.JPG,stove,2370.0,Q4,eu,nl,Netherlands,yolo_world,"[""stove"", ""oven"", ""cooker"", ""cooktop"", ""hob""]",detection,,,,,[],False
5d4be1bbcf0b3a0f3f33b8c9,5d4be1bbcf0b3a0f3f33b8c9.jpg,stove,3356.0,Q4,am,br,Brazil,yolo_world,"[""stove"", ""oven"", ""cooker"", ""cooktop"", ""hob""]",detection,stove,stove,0.4437174201011657,,"[{""label"": ""stove"", ""confidence"": 0.44371742010116577, ""xyxy"": [398.41973876953125, 88.0422592163086, 3220.254150390625, 2592.0]}]",True
5d4beee5cf0b3a0f3f3523d2,5d4beee5cf0b3a0f3f3523d2.jpg,trash container,67.67970667,Q1,af,ng,Nigeria,yolo_world,"[""trash can"", ""garbage can"", ""garbage bin"", ""waste bin"", ""dustbin"", ""dumpster""]",detection,,,,,[],False
5d4bf27dcf0b3a0f3f358554,5d4bf27dcf0b3a0f3f358554.jpg,trash container,144.688254,Q1,am,co,Colombia,yolo_world,"[""trash can"", ""garbage can"", ""garbage bin"", ""waste bin"", ""dustbin"", ""dumpster""]",detection,,,,,[],False
5d4beeb5cf0b3a0f3f351e3c,5d4beeb5cf0b3a0f3f351e3c.jpg,trash container,195.4533587,Q1,as,ph,Philippines,yolo_world,"[""trash can"", ""garbage can"", ""garbage bin"", ""waste bin"", ""dustbin"", ""dumpster""]",detection,,,,,[],False
5d4bf349cf0b3a0f3f359cee,5d4bf349cf0b3a0f3f359cee.jpg,trash container,40.19755831,Q1,af,bi,Burundi,yolo_world,"[""trash can"", ""garbage can"", ""garbage bin"", ""waste bin"", ""dustbin"", ""dumpster""]",detection,,,,,[],False
5d4be7b6cf0b3a0f3f345f1c,5d4be7b6cf0b3a0f3f345f1c.jpg,trash container,65.20651387,Q1,as,bd,Bangladesh,yolo_world,"[""trash can"", ""garbage can"", ""garbage bin"", ""waste bin"", ""dustbin"", ""dumpster""]",detection,,,,,[],False
5d4be1c8cf0b3a0f3f33b9cf,5d4be1c8cf0b3a0f3f33b9cf.JPG,trash container,82.0,Q1,af,ke,Kenya,yolo_world,"[""trash can"", ""garbage can"", ""garbage bin"", ""waste bin"", ""dustbin"", ""dumpster""]",detection,,,,,[],False
5d4be7afcf0b3a0f3f345e48,5d4be7afcf0b3a0f3f345e48.jpg,trash container,72.10457258,Q1,as,bd,Bangladesh,yolo_world,"[""trash can"", ""garbage can"", ""garbage bin"", ""waste bin"", ""dustbin"", ""dumpster""]",detection,,,,,[],False
5d4bdf69cf0b3a0f3f337997,5d4bdf69cf0b3a0f3f337997.jpg,trash container,228.0,Q2,af,tz,Tanzania,yolo_world,"[""trash can"", ""garbage can"", ""garbage bin"", ""waste bin"", ""dustbin"", ""dumpster""]",detection,footwear,footwear,0.426945149898529,,"[{""label"": ""footwear"", ""confidence"": 0.42694514989852905, ""xyxy"": [2108.32861328125, 3541.89794921875, 2634.91845703125, 3989.339599609375]}]",False
5ec4fb83f0611d7ddd7428c0,5ec4fb83f0611d7ddd7428c0.jpg,trash container,261.0,Q2,am,co,Colombia,yolo_world,"[""trash can"", ""garbage can"", ""garbage bin"", ""waste bin"", ""dustbin"", ""dumpster""]",detection,,,,,[],False
5d4becffcf0b3a0f3f34ed6c,5d4becffcf0b3a0f3f34ed6c.jpg,trash container,265.5253567,Q2,as,vn,Vietnam,yolo_world,"[""trash can"", ""garbage can"", ""garbage bin"", ""waste bin"", ""dustbin"", ""dumpster""]",detection,trash container,trash container,0.3899121880531311,,"[{""label"": ""trash container"", ""confidence"": 0.3899121880531311, ""xyxy"": [1845.6624755859375, 1088.0167236328125, 4059.029296875, 3362.92431640625]}]",True
5d4bee51cf0b3a0f3f3512b8,5d4bee51cf0b3a0f3f3512b8.jpg,trash container,460.0,Q2,af,rw,Rwanda,yolo_world,"[""trash can"", ""garbage can"", ""garbage bin"", ""waste bin"", ""dustbin"", ""dumpster""]",detection,,,,,[],False
5d4bf3e7cf0b3a0f3f35abe2,5d4bf3e7cf0b3a0f3f35abe2.jpg,trash container,264.9009279,Q2,am,bo,Bolivia,yolo_world,"[""trash can"", ""garbage can"", ""garbage bin"", ""waste bin"", ""dustbin"", ""dumpster""]",detection,,,,,[],False
5d4be76ecf0b3a0f3f3456d4,5d4be76ecf0b3a0f3f3456d4.jpg,trash container,308.0,Q2,as,id,Indonesia,yolo_world,"[""trash can"", ""garbage can"", ""garbage bin"", ""waste bin"", ""dustbin"", ""dumpster""]",detection,,,,,[],False
5d4bf191cf0b3a0f3f356bb4,5d4bf191cf0b3a0f3f356bb4.jpg,trash container,245.2917235,Q2,as,in,India,yolo_world,"[""trash can"", ""garbage can"", ""garbage bin"", ""waste bin"", ""dustbin"", ""dumpster""]",detection,,,,,[],False
5ec4f9e1f0611d7ddd741b27,5ec4f9e1f0611d7ddd741b27.JPG,trash container,719.0,Q3,af,et,Ethiopia,yolo_world,"[""trash can"", ""garbage can"", ""garbage bin"", ""waste bin"", ""dustbin"", ""dumpster""]",detection,,,,,[],False
5d4bef87cf0b3a0f3f3536b6,5d4bef87cf0b3a0f3f3536b6.jpg,trash container,1080.0,Q3,am,mx,Mexico,yolo_world,"[""trash can"", ""garbage can"", ""garbage bin"", ""waste bin"", ""dustbin"", ""dumpster""]",detection,,,,,[],False
5d4bdfefcf0b3a0f3f33871e,5d4bdfefcf0b3a0f3f33871e.jpg,trash container,1308.0,Q3,as,pk,Pakistan,yolo_world,"[""trash can"", ""garbage can"", ""garbage bin"", ""waste bin"", ""dustbin"", ""dumpster""]",detection,,,,,[],False
5d4bdf79cf0b3a0f3f337b57,5d4bdf79cf0b3a0f3f337b57.jpg,trash container,1193.0,Q3,eu,rs,Serbia,yolo_world,"[""trash can"", ""garbage can"", ""garbage bin"", ""waste bin"", ""dustbin"", ""dumpster""]",detection,,,,,[],False
5d4bf40ecf0b3a0f3f35afd2,5d4bf40ecf0b3a0f3f35afd2.jpg,trash container,780.9956673,Q3,as,cn,China,yolo_world,"[""trash can"", ""garbage can"", ""garbage bin"", ""waste bin"", ""dustbin"", ""dumpster""]",detection,,,,,[],False
5d4be956cf0b3a0f3f3486e4,5d4be956cf0b3a0f3f3486e4.jpg,trash container,694.0,Q3,eu,ua,Ukraine,yolo_world,"[""trash can"", ""garbage can"", ""garbage bin"", ""waste bin"", ""dustbin"", ""dumpster""]",detection,,,,,[],False
5d4bf18bcf0b3a0f3f356b06,5d4bf18bcf0b3a0f3f356b06.jpg,trash container,724.0,Q3,as,in,India,yolo_world,"[""trash can"", ""garbage can"", ""garbage bin"", ""waste bin"", ""dustbin"", ""dumpster""]",detection,,,,,[],False
5ec4fa3cf0611d7ddd741e2c,5ec4fa3cf0611d7ddd741e2c.JPG,trash container,6316.0,Q4,af,et,Ethiopia,yolo_world,"[""trash can"", ""garbage can"", ""garbage bin"", ""waste bin"", ""dustbin"", ""dumpster""]",detection,trash container,trash container,0.4422586560249328,,"[{""label"": ""trash container"", ""confidence"": 0.44225865602493286, ""xyxy"": [1837.8543701171875, 596.1422119140625, 3874.515625, 3249.2548828125]}]",True
5ec4f845f0611d7ddd740d5c,5ec4f845f0611d7ddd740d5c.JPG,trash container,5125.0,Q4,am,us,United States,yolo_world,"[""trash can"", ""garbage can"", ""garbage bin"", ""waste bin"", ""dustbin"", ""dumpster""]",detection,,,,,[],False
5d4be134cf0b3a0f3f33aa59,5d4be134cf0b3a0f3f33aa59.jpg,trash container,4621.0,Q4,as,in,India,yolo_world,"[""trash can"", ""garbage can"", ""garbage bin"", ""waste bin"", ""dustbin"", ""dumpster""]",detection,trash container,trash container,0.4855894446372986,,"[{""label"": ""trash container"", ""confidence"": 0.4855894446372986, ""xyxy"": [139.810302734375, 325.279052734375, 856.4364013671875, 1133.6845703125]}]",True
5d4be8dccf0b3a0f3f3478b6,5d4be8dccf0b3a0f3f3478b6.jpg,trash container,3363.3971,Q4,eu,ua,Ukraine,yolo_world,"[""trash can"", ""garbage can"", ""garbage bin"", ""waste bin"", ""dustbin"", ""dumpster""]",detection,,,,,[],False
5d4befa5cf0b3a0f3f353924,5d4befa5cf0b3a0f3f353924.jpg,trash container,6342.0,Q4,am,mx,Mexico,yolo_world,"[""trash can"", ""garbage can"", ""garbage bin"", ""waste bin"", ""dustbin"", ""dumpster""]",detection,,,,,[],False
5d4be0becf0b3a0f3f339caf,5d4be0becf0b3a0f3f339caf.jpg,trash container,2340.0,Q4,as,in,India,yolo_world,"[""trash can"", ""garbage can"", ""garbage bin"", ""waste bin"", ""dustbin"", ""dumpster""]",detection,,,,,[],False
5ec4f5c4f4a4fb7dc03879d4,5ec4f5c4f4a4fb7dc03879d4.jpg,trash container,2642.0,Q4,eu,ru,Russia,yolo_world,"[""trash can"", ""garbage can"", ""garbage bin"", ""waste bin"", ""dustbin"", ""dumpster""]",detection,,,,,[],False
5d4bed80cf0b3a0f3f34fbb2,5d4bed80cf0b3a0f3f34fbb2.jpg,switch,116.4314704,Q1,af,tn,Tunisia,yolo_world,"[""switch"", ""light switch"", ""power switch""]",detection,,,,,[],False
5d4bf260cf0b3a0f3f3582cc,5d4bf260cf0b3a0f3f3582cc.jpg,switch,144.688254,Q1,am,co,Colombia,yolo_world,"[""switch"", ""light switch"", ""power switch""]",detection,,,,,[],False
5d4beab2cf0b3a0f3f34aea4,5d4beab2cf0b3a0f3f34aea4.jpg,switch,170.0,Q1,as,in,India,yolo_world,"[""switch"", ""light switch"", ""power switch""]",detection,,,,,[],False
5d4bec7acf0b3a0f3f34dfca,5d4bec7acf0b3a0f3f34dfca.jpg,switch,124.9655714,Q1,as,bd,Bangladesh,yolo_world,"[""switch"", ""light switch"", ""power switch""]",detection,,,,,[],False
5d4bf151cf0b3a0f3f356556,5d4bf151cf0b3a0f3f356556.jpg,switch,209.7449238,Q1,as,id,Indonesia,yolo_world,"[""switch"", ""light switch"", ""power switch""]",detection,,,,,[],False
5d4beecccf0b3a0f3f3520d2,5d4beecccf0b3a0f3f3520d2.jpg,switch,193.8785291,Q1,as,ph,Philippines,yolo_world,"[""switch"", ""light switch"", ""power switch""]",detection,,,,,[],False
5ec4f81af0611d7ddd740be2,5ec4f81af0611d7ddd740be2.jpg,switch,172.0,Q1,as,np,Nepal,yolo_world,"[""switch"", ""light switch"", ""power switch""]",detection,,,,,[],False
5ec4f989f0611d7ddd74182b,5ec4f989f0611d7ddd74182b.jpg,switch,391.0,Q2,af,cm,Cameroon,yolo_world,"[""switch"", ""light switch"", ""power switch""]",detection,,,,,[],False
5ec4fb68f0611d7ddd7427d4,5ec4fb68f0611d7ddd7427d4.jpg,switch,409.0,Q2,am,co,Colombia,yolo_world,"[""switch"", ""light switch"", ""power switch""]",detection,,,,,[],False
5d4bf185cf0b3a0f3f356a5e,5d4bf185cf0b3a0f3f356a5e.jpg,switch,465.5026805,Q2,as,in,India,yolo_world,"[""switch"", ""light switch"", ""power switch""]",detection,,,,,[],False
5d4be3ffcf0b3a0f3f33f4fa,5d4be3ffcf0b3a0f3f33f4fa.jpg,switch,227.0,Q2,af,cm,Cameroon,yolo_world,"[""switch"", ""light switch"", ""power switch""]",detection,,,,,[],False
5d4bdf17cf0b3a0f3f337195,5d4bdf17cf0b3a0f3f337195.JPG,switch,234.0,Q2,as,id,Indonesia,yolo_world,"[""switch"", ""light switch"", ""power switch""]",detection,,,,,[],False
5d4bf168cf0b3a0f3f356784,5d4bf168cf0b3a0f3f356784.jpg,switch,399.0,Q2,as,id,Indonesia,yolo_world,"[""switch"", ""light switch"", ""power switch""]",detection,,,,,[],False
5f8c634fe894f07b8477dfbe,5f8c634fe894f07b8477dfbe.jpg,switch,304.0,Q2,as,pk,Pakistan,yolo_world,"[""switch"", ""light switch"", ""power switch""]",detection,,,,,[],False
5d4bef89cf0b3a0f3f3536f2,5d4bef89cf0b3a0f3f3536f2.jpg,switch,1080.0,Q3,am,mx,Mexico,yolo_world,"[""switch"", ""light switch"", ""power switch""]",detection,,,,,[],False
5d4bf28fcf0b3a0f3f358788,5d4bf28fcf0b3a0f3f358788.jpg,switch,694.218371,Q3,as,cn,China,yolo_world,"[""switch"", ""light switch"", ""power switch""]",detection,,,,,[],False
5d4be02ecf0b3a0f3f338c56,5d4be02ecf0b3a0f3f338c56.JPG,switch,1260.0,Q3,eu,nl,Netherlands,yolo_world,"[""switch"", ""light switch"", ""power switch""]",detection,,,,,[],False
5fa325b3a4fd6154365dfcd4,5fa325b3a4fd6154365dfcd4.jpeg,switch,1025.0,Q3,am,co,Colombia,yolo_world,"[""switch"", ""light switch"", ""power switch""]",detection,,,,,[],False
5d4be2ffcf0b3a0f3f33d901,5d4be2ffcf0b3a0f3f33d901.jpg,switch,1125.0,Q3,as,in,India,yolo_world,"[""switch"", ""light switch"", ""power switch""]",detection,,,,,[],False
5d4be034cf0b3a0f3f338d08,5d4be034cf0b3a0f3f338d08.JPG,switch,1816.0,Q3,eu,nl,Netherlands,yolo_world,"[""switch"", ""light switch"", ""power switch""]",detection,,,,,[],False
5ec4f86df0611d7ddd740eb5,5ec4f86df0611d7ddd740eb5.jpg,switch,1706.0,Q3,as,ir,Iran,yolo_world,"[""switch"", ""light switch"", ""power switch""]",detection,,,,,[],False
5d4be014cf0b3a0f3f338aa4,5d4be014cf0b3a0f3f338aa4.JPG,switch,3750.0,Q4,af,ng,Nigeria,yolo_world,"[""switch"", ""light switch"", ""power switch""]",detection,,,,,[],False
5ec4f831f0611d7ddd740cab,5ec4f831f0611d7ddd740cab.JPG,switch,3478.0,Q4,am,us,United States,yolo_world,"[""switch"", ""light switch"", ""power switch""]",detection,,,,,[],False
5d4be977cf0b3a0f3f348ac0,5d4be977cf0b3a0f3f348ac0.jpg,switch,7433.155246,Q4,as,jo,Jordan,yolo_world,"[""switch"", ""light switch"", ""power switch""]",detection,,,,,[],False
5ec4fa5ff0611d7ddd741f24,5ec4fa5ff0611d7ddd741f24.jpg,switch,2900.0,Q4,eu,cz,Czech Republic,yolo_world,"[""switch"", ""light switch"", ""power switch""]",detection,,,,,[],False
5ec4f60af4a4fb7dc0387c46,5ec4f60af4a4fb7dc0387c46.JPG,switch,6030.0,Q4,am,co,Colombia,yolo_world,"[""switch"", ""light switch"", ""power switch""]",detection,,,,,[],False
5d4bef60cf0b3a0f3f353222,5d4bef60cf0b3a0f3f353222.jpg,switch,3829.191091,Q4,as,np,Nepal,yolo_world,"[""switch"", ""light switch"", ""power switch""]",detection,,,,,[],False
5ec4f919f0611d7ddd741478,5ec4f919f0611d7ddd741478.jpg,switch,4256.0,Q4,eu,es,Spain,yolo_world,"[""switch"", ""light switch"", ""power switch""]",detection,,,,,[],False
5d4bf08acf0b3a0f3f355178,5d4bf08acf0b3a0f3f355178.jpg,footwear,60.75268981,Q1,af,ci,Cote d'Ivoire,yolo_world,"[""shoe"", ""shoes"", ""sandal"", ""sandals"", ""slipper"", ""slippers"", ""sneaker"", ""sneakers"", ""boot"", ""boots"", ""footwear""]",detection,,,,,[],False
5d4bf24dcf0b3a0f3f3580a2,5d4bf24dcf0b3a0f3f3580a2.jpg,footwear,143.0,Q1,am,co,Colombia,yolo_world,"[""shoe"", ""shoes"", ""sandal"", ""sandals"", ""slipper"", ""slippers"", ""sneaker"", ""sneakers"", ""boot"", ""boots"", ""footwear""]",detection,footwear,footwear,0.3461597859859466,,"[{""label"": ""footwear"", ""confidence"": 0.34615978598594666, ""xyxy"": [2187.243896484375, 685.5167236328125, 4055.74951171875, 2908.328125]}, {""label"": ""footwear"", ""confidence"": 0.2583858370780945, ""xyxy"": [571.904052734375, 55.76704025268555, 2504.2099609375, 2376.19189453125]}]",True
5d4be78acf0b3a0f3f345a14,5d4be78acf0b3a0f3f345a14.jpg,footwear,131.3989924,Q1,as,id,Indonesia,yolo_world,"[""shoe"", ""shoes"", ""sandal"", ""sandals"", ""slipper"", ""slippers"", ""sneaker"", ""sneakers"", ""boot"", ""boots"", ""footwear""]",detection,,,,,[],False
5d4becb3cf0b3a0f3f34e59a,5d4becb3cf0b3a0f3f34e59a.jpg,footwear,73.16914591,Q1,af,zw,Zimbabwe,yolo_world,"[""shoe"", ""shoes"", ""sandal"", ""sandals"", ""slipper"", ""slippers"", ""sneaker"", ""sneakers"", ""boot"", ""boots"", ""footwear""]",detection,,,,,[],False
5d4bf2c2cf0b3a0f3f358d9c,5d4bf2c2cf0b3a0f3f358d9c.jpg,footwear,195.0,Q1,as,kh,Cambodia,yolo_world,"[""shoe"", ""shoes"", ""sandal"", ""sandals"", ""slipper"", ""slippers"", ""sneaker"", ""sneakers"", ""boot"", ""boots"", ""footwear""]",detection,footwear,footwear,0.5585567355155945,,"[{""label"": ""footwear"", ""confidence"": 0.5585567355155945, ""xyxy"": [800.7210693359375, 896.0753173828125, 1155.1868896484375, 1652.0032958984375]}, {""label"": ""footwear"", ""confidence"": 0.32798224687576294, ""xyxy"": [1163.9244384765625, 887.1414794921875, 1581.86962890625, 1638.1126708984375]}]",True
5d4beee9cf0b3a0f3f352444,5d4beee9cf0b3a0f3f352444.jpg,footwear,67.67970667,Q1,af,ng,Nigeria,yolo_world,"[""shoe"", ""shoes"", ""sandal"", ""sandals"", ""slipper"", ""slippers"", ""sneaker"", ""sneakers"", ""boot"", ""boots"", ""footwear""]",detection,footwear,footwear,0.4970352947711944,,"[{""label"": ""footwear"", ""confidence"": 0.49703529477119446, ""xyxy"": [2881.326171875, 565.4586181640625, 3398.376708984375, 1648.8548583984375]}, {""label"": ""footwear"", ""confidence"": 0.44959157705307007, ""xyxy"": [2351.603271484375, 521.9403076171875, 2879.624755859375, 1618.658935546875]}]",True
5d4beebecf0b3a0f3f351f34,5d4beebecf0b3a0f3f351f34.jpg,footwear,97.63936288,Q1,as,ph,Philippines,yolo_world,"[""shoe"", ""shoes"", ""sandal"", ""sandals"", ""slipper"", ""slippers"", ""sneaker"", ""sneakers"", ""boot"", ""boots"", ""footwear""]",detection,,,,,[],False
5d4bdf26cf0b3a0f3f337341,5d4bdf26cf0b3a0f3f337341.JPG,footwear,670.0,Q2,af,tg,Togo,yolo_world,"[""shoe"", ""shoes"", ""sandal"", ""sandals"", ""slipper"", ""slippers"", ""sneaker"", ""sneakers"", ""boot"", ""boots"", ""footwear""]",detection,footwear,footwear,0.552394449710846,,"[{""label"": ""footwear"", ""confidence"": 0.552394449710846, ""xyxy"": [1821.388427734375, 723.733642578125, 4218.44384765625, 2613.865966796875]}, {""label"": ""footwear"", ""confidence"": 0.5307058691978455, ""xyxy"": [849.176025390625, 936.8445434570312, 1993.416015625, 3152.8818359375]}]",True
5ec4fb80f0611d7ddd7428aa,5ec4fb80f0611d7ddd7428aa.jpg,footwear,261.0,Q2,am,co,Colombia,yolo_world,"[""shoe"", ""shoes"", ""sandal"", ""sandals"", ""slipper"", ""slippers"", ""sneaker"", ""sneakers"", ""boot"", ""boots"", ""footwear""]",detection,,,,,[],False
5d4bf2d6cf0b3a0f3f358fea,5d4bf2d6cf0b3a0f3f358fea.jpg,footwear,463.1308192,Q2,as,kh,Cambodia,yolo_world,"[""shoe"", ""shoes"", ""sandal"", ""sandals"", ""slipper"", ""slippers"", ""sneaker"", ""sneakers"", ""boot"", ""boots"", ""footwear""]",detection,,,,,[],False
5d4bee44cf0b3a0f3f351150,5d4bee44cf0b3a0f3f351150.jpg,footwear,250.7905551,Q2,af,rw,Rwanda,yolo_world,"[""shoe"", ""shoes"", ""sandal"", ""sandals"", ""slipper"", ""slippers"", ""sneaker"", ""sneakers"", ""boot"", ""boots"", ""footwear""]",detection,footwear,footwear,0.5241344571113586,,"[{""label"": ""footwear"", ""confidence"": 0.5241344571113586, ""xyxy"": [1563.1552734375, 1913.4188232421875, 2228.4453125, 3039.333251953125]}, {""label"": ""footwear"", ""confidence"": 0.39551398158073425, ""xyxy"": [1990.5023193359375, 1821.4288330078125, 2660.710205078125, 2968.06396484375]}]",True
5ec4fb67f0611d7ddd7427d0,5ec4fb67f0611d7ddd7427d0.jpg,footwear,409.0,Q2,am,co,Colombia,yolo_world,"[""shoe"", ""shoes"", ""sandal"", ""sandals"", ""slipper"", ""slippers"", ""sneaker"", ""sneakers"", ""boot"", ""boots"", ""footwear""]",detection,footwear,footwear,0.552827775478363,,"[{""label"": ""footwear"", ""confidence"": 0.552827775478363, ""xyxy"": [774.8222045898438, 110.504150390625, 930.9789428710938, 395.4051513671875]}, {""label"": ""footwear"", ""confidence"": 0.5254865288734436, ""xyxy"": [51.265777587890625, 83.19253540039062, 281.9171142578125, 396.6934814453125]}, {""label"": ""footwear"", ""confidence"": 0.45508483052253723, ""xyxy"": [406.52362060546875, 83.46676635742188, 554.4998779296875, 378.3324890136719]}, {""label"": ""footwear"", ""confidence"": 0.441593736410141, ""xyxy"": [282.389404296875, 20.125640869140625, 425.444091796875, 339.0604553222656]}]",True
5d4bed15cf0b3a0f3f34ef8a,5d4bed15cf0b3a0f3f34ef8a.jpg,footwear,245.9813854,Q2,as,vn,Vietnam,yolo_world,"[""shoe"", ""shoes"", ""sandal"", ""sandals"", ""slipper"", ""slippers"", ""sneaker"", ""sneakers"", ""boot"", ""boots"", ""footwear""]",detection,footwear,footwear,0.6745686531066895,,"[{""label"": ""footwear"", ""confidence"": 0.6745686531066895, ""xyxy"": [2558.60986328125, 2084.981689453125, 4236.224609375, 2927.432861328125]}, {""label"": ""footwear"", ""confidence"": 0.6358941793441772, ""xyxy"": [2641.804443359375, 1131.4874267578125, 4206.12158203125, 2046.29443359375]}]",True
5ec4fad3f0611d7ddd7422fa,5ec4fad3f0611d7ddd7422fa.jpg,footwear,375.0,Q2,af,gh,Ghana,yolo_world,"[""shoe"", ""shoes"", ""sandal"", ""sandals"", ""slipper"", ""slippers"", ""sneaker"", ""sneakers"", ""boot"", ""boots"", ""footwear""]",detection,footwear,footwear,0.3374282121658325,,"[{""label"": ""footwear"", ""confidence"": 0.3374282121658325, ""xyxy"": [1848.803466796875, 1313.77685546875, 2550.285888671875, 2324.735595703125]}, {""label"": ""footwear"", ""confidence"": 0.32763320207595825, ""xyxy"": [1744.64892578125, 918.7150268554688, 2534.21875, 2053.7529296875]}]",True
5d4be672cf0b3a0f3f343b09,5d4be672cf0b3a0f3f343b09.jpg,footwear,1050.70879,Q3,af,tz,Tanzania,yolo_world,"[""shoe"", ""shoes"", ""sandal"", ""sandals"", ""slipper"", ""slippers"", ""sneaker"", ""sneakers"", ""boot"", ""boots"", ""footwear""]",detection,,,,,[],False
5d4be09ccf0b3a0f3f3398bb,5d4be09ccf0b3a0f3f3398bb.JPG,footwear,1034.0,Q3,am,br,Brazil,yolo_world,"[""shoe"", ""shoes"", ""sandal"", ""sandals"", ""slipper"", ""slippers"", ""sneaker"", ""sneakers"", ""boot"", ""boots"", ""footwear""]",detection,footwear,footwear,0.6538231372833252,,"[{""label"": ""footwear"", ""confidence"": 0.6538231372833252, ""xyxy"": [2683.9755859375, 171.40162658691406, 3418.957275390625, 1575.0078125]}, {""label"": ""footwear"", ""confidence"": 0.5298768281936646, ""xyxy"": [3292.044189453125, 607.0615844726562, 3986.72412109375, 2091.87353515625]}]",True
5edfe79012a022abbc87ea5a,5edfe79012a022abbc87ea5a.jpg,footwear,1091.0,Q3,as,np,Nepal,yolo_world,"[""shoe"", ""shoes"", ""sandal"", ""sandals"", ""slipper"", ""slippers"", ""sneaker"", ""sneakers"", ""boot"", ""boots"", ""footwear""]",detection,"footwear, trash container",footwear,0.3624031245708465,,"[{""label"": ""footwear"", ""confidence"": 0.36240312457084656, ""xyxy"": [493.2877502441406, 1149.939453125, 952.8953247070312, 1350.784912109375]}, {""label"": ""trash container"", ""confidence"": 0.3084491491317749, ""xyxy"": [1612.47021484375, 1.2450942993164062, 2049.048828125, 694.7172241210938]}, {""label"": ""footwear"", ""confidence"": 0.26402151584625244, ""xyxy"": [756.1641235351562, 994.3402709960938, 1181.25732421875, 1158.2498779296875]}]",True
5d4be092cf0b3a0f3f3397a5,5d4be092cf0b3a0f3f3397a5.JPG,footwear,1728.0,Q3,eu,nl,Netherlands,yolo_world,"[""shoe"", ""shoes"", ""sandal"", ""sandals"", ""slipper"", ""slippers"", ""sneaker"", ""sneakers"", ""boot"", ""boots"", ""footwear""]",detection,,,,,[],False
5ec4fb75f0611d7ddd74284a,5ec4fb75f0611d7ddd74284a.jpg,footwear,1394.0,Q3,am,co,Colombia,yolo_world,"[""shoe"", ""shoes"", ""sandal"", ""sandals"", ""slipper"", ""slippers"", ""sneaker"", ""sneakers"", ""boot"", ""boots"", ""footwear""]",detection,,,,,[],False
5d4bf296cf0b3a0f3f35885a,5d4bf296cf0b3a0f3f35885a.jpg,footwear,730.281663,Q3,as,cn,China,yolo_world,"[""shoe"", ""shoes"", ""sandal"", ""sandals"", ""slipper"", ""slippers"", ""sneaker"", ""sneakers"", ""boot"", ""boots"", ""footwear""]",detection,footwear,footwear,0.7306552529335022,,"[{""label"": ""footwear"", ""confidence"": 0.7306552529335022, ""xyxy"": [1842.523193359375, 2314.052490234375, 2370.490966796875, 2985.02099609375]}, {""label"": ""footwear"", ""confidence"": 0.5815625786781311, ""xyxy"": [2317.950439453125, 2344.265625, 2812.578125, 2980.859619140625]}, {""label"": ""footwear"", ""confidence"": 0.4859998822212219, ""xyxy"": [1283.9234619140625, 3193.533203125, 2003.65625, 3875.096923828125]}, {""label"": ""footwear"", ""confidence"": 0.4260144531726837, ""xyxy"": [2493.80224609375, 3116.520751953125, 3078.056884765625, 3841.036376953125]}, {""label"": ""footwear"", ""confidence"": 0.35413941740989685, ""xyxy"": [2776.716552734375, 2547.335693359375, 3326.951416015625, 3175.356689453125]}, {""label"": ""footwear"", ""confidence"": 0.3484851121902466, ""xyxy"": [1815.27783203125, 1383.71923828125, 2363.131591796875, 2134.031494140625]}, {""label"": ""footwear"", ""confidence"": 0.3053642511367798, ""xyxy"": [735.0938110351562, 1557.15185546875, 1271.3201904296875, 2106.707763671875]}, {""label"": ""footwear"", ""confidence"": 0.2933281660079956, ""xyxy"": [902.4832763671875, 3188.16943359375, 1424.9505615234375, 3875.96923828125]}, {""label"": ""footwear"", ""confidence"": 0.2635864317417145, ""xyxy"": [1967.4949951171875, 3160.563232421875, 2498.13232421875, 3874.1826171875]}]",True
5d4bef4dcf0b3a0f3f352ff2,5d4bef4dcf0b3a0f3f352ff2.jpg,footwear,1747.0,Q3,as,np,Nepal,yolo_world,"[""shoe"", ""shoes"", ""sandal"", ""sandals"", ""slipper"", ""slippers"", ""sneaker"", ""sneakers"", ""boot"", ""boots"", ""footwear""]",detection,footwear,footwear,0.5658856630325317,,"[{""label"": ""footwear"", ""confidence"": 0.5658856630325317, ""xyxy"": [1462.450439453125, 1726.9056396484375, 1733.7237548828125, 2446.21484375]}, {""label"": ""footwear"", ""confidence"": 0.5097922682762146, ""xyxy"": [1545.952880859375, 1211.30615234375, 1825.452392578125, 1741.3878173828125]}, {""label"": ""footwear"", ""confidence"": 0.4959917962551117, ""xyxy"": [1057.5841064453125, 398.2662048339844, 1323.5291748046875, 793.5777587890625]}, {""label"": ""footwear"", ""confidence"": 0.4913245439529419, ""xyxy"": [467.07568359375, 288.3804931640625, 827.539794921875, 802.962158203125]}, {""label"": ""footwear"", ""confidence"": 0.4852287769317627, ""xyxy"": [682.9732666015625, 1114.530517578125, 1002.6231689453125, 1750.2691650390625]}, {""label"": ""footwear"", ""confidence"": 0.4544023871421814, ""xyxy"": [1746.990478515625, 1133.917724609375, 2160.185546875, 1658.3675537109375]}, {""label"": ""footwear"", ""confidence"": 0.4522474706172943, ""xyxy"": [970.9473876953125, 1161.5028076171875, 1254.0858154296875, 1727.83349609375]}, {""label"": ""footwear"", ""confidence"": 0.4480661153793335, ""xyxy"": [1279.93603515625, 1184.7659912109375, 1555.653076171875, 1701.02001953125]}, {""label"": ""footwear"", ""confidence"": 0.41959428787231445, ""xyxy"": [203.70225524902344, 300.30706787109375, 510.9225158691406, 813.8175048828125]}, {""label"": ""footwear"", ""confidence"": 0.3539150059223175, ""xyxy"": [1740.5948486328125, 2181.481201171875, 2005.2841796875, 2447.76123046875]}, {""label"": ""footwear"", ""confidence"": 0.29465460777282715, ""xyxy"": [1744.5408935546875, 1134.1116943359375, 2374.820556640625, 1673.052001953125]}, {""label"": ""footwear"", ""confidence"": 0.28159716725349426, ""xyxy"": [124.80907440185547, 1199.03515625, 404.48626708984375, 1694.0738525390625]}, {""label"": ""footwear"", ""confidence"": 0.2517303228378296, ""xyxy"": [783.0266723632812, 391.97540283203125, 1060.238037109375, 793.2771606445312]}]",True
5d4bdfc3cf0b3a0f3f33824f,5d4bdfc3cf0b3a0f3f33824f.jpg,footwear,2044.0,Q4,am,co,Colombia,yolo_world,"[""shoe"", ""shoes"", ""sandal"", ""sandals"", ""slipper"", ""slippers"", ""sneaker"", ""sneakers"", ""boot"", ""boots"", ""footwear""]",detection,footwear,footwear,0.3671246767044067,,"[{""label"": ""footwear"", ""confidence"": 0.36712467670440674, ""xyxy"": [1895.37744140625, 788.82861328125, 2578.716552734375, 2245.504638671875]}, {""label"": ""footwear"", ""confidence"": 0.35254696011543274, ""xyxy"": [1214.3218994140625, 813.1917724609375, 1916.9088134765625, 2251.21533203125]}]",True
5d4be6b3cf0b3a0f3f344270,5d4be6b3cf0b3a0f3f344270.JPG,footwear,2235.172785,Q4,as,cn,China,yolo_world,"[""shoe"", ""shoes"", ""sandal"", ""sandals"", ""slipper"", ""slippers"", ""sneaker"", ""sneakers"", ""boot"", ""boots"", ""footwear""]",detection,footwear,footwear,0.5341635346412659,,"[{""label"": ""footwear"", ""confidence"": 0.5341635346412659, ""xyxy"": [3273.41455078125, 218.26080322265625, 4388.1484375, 919.4468383789062]}, {""label"": ""footwear"", ""confidence"": 0.4045085906982422, ""xyxy"": [1234.1107177734375, 1428.931640625, 1634.4644775390625, 2043.5819091796875]}, {""label"": ""footwear"", ""confidence"": 0.35423344373703003, ""xyxy"": [1940.425048828125, 1207.0994873046875, 2377.78564453125, 2209.6923828125]}, {""label"": ""footwear"", ""confidence"": 0.3415801227092743, ""xyxy"": [1451.27587890625, 540.194580078125, 2368.693603515625, 1384.54248046875]}, {""label"": ""footwear"", ""confidence"": 0.33826878666877747, ""xyxy"": [1578.4560546875, 1443.9703369140625, 1958.3656005859375, 2020.911376953125]}, {""label"": ""footwear"", ""confidence"": 0.325191468000412, ""xyxy"": [3007.269287109375, 2734.958251953125, 3300.2060546875, 3216.378173828125]}, {""label"": ""footwear"", ""confidence"": 0.31215330958366394, ""xyxy"": [2685.43798828125, 2203.468505859375, 3240.349365234375, 2690.945556640625]}, {""label"": ""footwear"", ""confidence"": 0.30780383944511414, ""xyxy"": [3507.746337890625, 1625.898193359375, 3853.67431640625, 2184.154296875]}, {""label"": ""footwear"", ""confidence"": 0.2853410243988037, ""xyxy"": [3252.998779296875, 2768.066650390625, 3741.447509765625, 3245.597900390625]}, {""label"": ""footwear"", ""confidence"": 0.2571929395198822, ""xyxy"": [2626.281982421875, 293.6306457519531, 3334.2587890625, 998.3714599609375]}]",True
5d4bdf81cf0b3a0f3f337c37,5d4bdf81cf0b3a0f3f337c37.jpg,footwear,2379.0,Q4,eu,ro,Romania,yolo_world,"[""shoe"", ""shoes"", ""sandal"", ""sandals"", ""slipper"", ""slippers"", ""sneaker"", ""sneakers"", ""boot"", ""boots"", ""footwear""]",detection,,,,,[],False
5d4bef5fcf0b3a0f3f353214,5d4bef5fcf0b3a0f3f353214.jpg,footwear,3829.191091,Q4,as,np,Nepal,yolo_world,"[""shoe"", ""shoes"", ""sandal"", ""sandals"", ""slipper"", ""slippers"", ""sneaker"", ""sneakers"", ""boot"", ""boots"", ""footwear""]",detection,,,,,[],False
5d4bdf9ecf0b3a0f3f337f0b,5d4bdf9ecf0b3a0f3f337f0b.JPG,footwear,2602.0,Q4,eu,ch,Switzerland,yolo_world,"[""shoe"", ""shoes"", ""sandal"", ""sandals"", ""slipper"", ""slippers"", ""sneaker"", ""sneakers"", ""boot"", ""boots"", ""footwear""]",detection,,,,,[],False
5d4be0e9cf0b3a0f3f33a1a1,5d4be0e9cf0b3a0f3f33a1a1.jpg,footwear,4732.0,Q4,as,in,India,yolo_world,"[""shoe"", ""shoes"", ""sandal"", ""sandals"", ""slipper"", ""slippers"", ""sneaker"", ""sneakers"", ""boot"", ""boots"", ""footwear""]",detection,footwear,footwear,0.8849758505821228,,"[{""label"": ""footwear"", ""confidence"": 0.8849758505821228, ""xyxy"": [1810.09716796875, 1247.533935546875, 2410.9619140625, 2476.296875]}, {""label"": ""footwear"", ""confidence"": 0.8352528214454651, ""xyxy"": [2396.350341796875, 1295.7791748046875, 2920.996826171875, 2618.99951171875]}, {""label"": ""footwear"", ""confidence"": 0.8215931057929993, ""xyxy"": [444.58685302734375, 981.595703125, 1112.240966796875, 2396.774658203125]}, {""label"": ""footwear"", ""confidence"": 0.8066486716270447, ""xyxy"": [3448.22119140625, 1344.436767578125, 3892.40576171875, 2168.666015625]}, {""label"": ""footwear"", ""confidence"": 0.7818974852561951, ""xyxy"": [982.94921875, 937.5015869140625, 1891.200439453125, 2295.8916015625]}, {""label"": ""footwear"", ""confidence"": 0.7627937197685242, ""xyxy"": [3087.72119140625, 1429.832275390625, 3578.698974609375, 2240.931396484375]}]",True
5d4be0dccf0b3a0f3f33a033,5d4be0dccf0b3a0f3f33a033.JPG,footwear,2370.0,Q4,eu,nl,Netherlands,yolo_world,"[""shoe"", ""shoes"", ""sandal"", ""sandals"", ""slipper"", ""slippers"", ""sneaker"", ""sneakers"", ""boot"", ""boots"", ""footwear""]",detection,footwear,footwear,0.8617767095565796,,"[{""label"": ""footwear"", ""confidence"": 0.8617767095565796, ""xyxy"": [2781.42919921875, 746.1015625, 3090.660888671875, 1585.56640625]}, {""label"": ""footwear"", ""confidence"": 0.7592958807945251, ""xyxy"": [3056.889404296875, 740.9144897460938, 3395.26611328125, 1588.4476318359375]}, {""label"": ""footwear"", ""confidence"": 0.7083057165145874, ""xyxy"": [1497.9176025390625, 1263.1114501953125, 1834.41259765625, 1832.36669921875]}, {""label"": ""footwear"", ""confidence"": 0.662460207939148, ""xyxy"": [1811.7408447265625, 1115.3892822265625, 2186.271728515625, 1752.6783447265625]}]",True
5d4bf05ccf0b3a0f3f354caa,5d4bf05ccf0b3a0f3f354caa.jpg,roof,116.0,Q1,af,lr,Liberia,internvl,"[""roof"", ""roofing"", ""ceiling""]",classification,roof,roof,,,,True
5d4bf05ccf0b3a0f3f354caa,5d4bf05ccf0b3a0f3f354caa.jpg,roof,116.0,Q1,af,lr,Liberia,internvl,"[""roof"", ""roofing"", ""ceiling""]",captioning,"The main household object in the image is a wooden structure with a corrugated metal roof, likely part of a simple shelter or building.",,,,,True
5d4be798cf0b3a0f3f345bb4,5d4be798cf0b3a0f3f345bb4.jpg,roof,78.0,Q1,as,bd,Bangladesh,internvl,"[""roof"", ""roofing"", ""ceiling""]",classification,roof,roof,,,,True
5d4be798cf0b3a0f3f345bb4,5d4be798cf0b3a0f3f345bb4.jpg,roof,78.0,Q1,as,bd,Bangladesh,internvl,"[""roof"", ""roofing"", ""ceiling""]",captioning,A bamboo beam is visible against a concrete wall.,,,,,False
5d4bf377cf0b3a0f3f35a144,5d4bf377cf0b3a0f3f35a144.jpg,roof,53.64520422,Q1,af,bf,Burkina Faso,internvl,"[""roof"", ""roofing"", ""ceiling""]",classification,roof,roof,,,,True
5d4bf377cf0b3a0f3f35a144,5d4bf377cf0b3a0f3f35a144.jpg,roof,53.64520422,Q1,af,bf,Burkina Faso,internvl,"[""roof"", ""roofing"", ""ceiling""]",captioning,A section of weathered corrugated metal.,,,,,False
5d4beacdcf0b3a0f3f34b1d8,5d4beacdcf0b3a0f3f34b1d8.jpg,roof,30.68690172,Q1,as,in,India,internvl,"[""roof"", ""roofing"", ""ceiling""]",classification,roof,roof,,,,True
5d4beacdcf0b3a0f3f34b1d8,5d4beacdcf0b3a0f3f34b1d8.jpg,roof,30.68690172,Q1,as,in,India,internvl,"[""roof"", ""roofing"", ""ceiling""]",captioning,A clothesline with various garments hanging to dry is visible in a dimly lit room.,,,,,False
5d4bf0bfcf0b3a0f3f355712,5d4bf0bfcf0b3a0f3f355712.jpg,roof,80.72770904,Q1,af,ci,Cote d'Ivoire,internvl,"[""roof"", ""roofing"", ""ceiling""]",classification,roof,roof,,,,True
5d4bf0bfcf0b3a0f3f355712,5d4bf0bfcf0b3a0f3f355712.jpg,roof,80.72770904,Q1,af,ci,Cote d'Ivoire,internvl,"[""roof"", ""roofing"", ""ceiling""]",captioning,A makeshift shelter with a tarp roof and a wooden box placed outside.,,,,,True
5d4bef5dcf0b3a0f3f3531c6,5d4bef5dcf0b3a0f3f3531c6.jpg,roof,131.5512222,Q1,as,np,Nepal,internvl,"[""roof"", ""roofing"", ""ceiling""]",classification,roof,roof,,,,True
5d4bef5dcf0b3a0f3f3531c6,5d4bef5dcf0b3a0f3f3531c6.jpg,roof,131.5512222,Q1,as,np,Nepal,internvl,"[""roof"", ""roofing"", ""ceiling""]",captioning,A rustic wooden beam supports a corrugated metal wall.,,,,,False
5d4bf3a8cf0b3a0f3f35a67c,5d4bf3a8cf0b3a0f3f35a67c.jpg,roof,55.93351031,Q1,af,bf,Burkina Faso,internvl,"[""roof"", ""roofing"", ""ceiling""]",classification,roof,roof,,,,True
5d4bf3a8cf0b3a0f3f35a67c,5d4bf3a8cf0b3a0f3f35a67c.jpg,roof,55.93351031,Q1,af,bf,Burkina Faso,internvl,"[""roof"", ""roofing"", ""ceiling""]",captioning,The main household object in the image is a woven ceiling made of natural materials.,,,,,True
5ec4f9f2f0611d7ddd741bae,5ec4f9f2f0611d7ddd741bae.JPG,roof,306.0,Q2,af,et,Ethiopia,internvl,"[""roof"", ""roofing"", ""ceiling""]",classification,stove,stove,,,,False
5ec4f9f2f0611d7ddd741bae,5ec4f9f2f0611d7ddd741bae.JPG,roof,306.0,Q2,af,et,Ethiopia,internvl,"[""roof"", ""roofing"", ""ceiling""]",captioning,"A large, circular, metal structure with a central vertical beam, resembling a tunnel or a vault.",,,,,False
5ec4fa89f0611d7ddd742087,5ec4fa89f0611d7ddd742087.jpg,roof,284.0,Q2,am,br,Brazil,internvl,"[""roof"", ""roofing"", ""ceiling""]",classification,light source,light source,,,,False
5ec4fa89f0611d7ddd742087,5ec4fa89f0611d7ddd742087.jpg,roof,284.0,Q2,am,br,Brazil,internvl,"[""roof"", ""roofing"", ""ceiling""]",captioning,A light bulb is mounted on a wall next to a red metal fence.,,,,,False
5d4bea54cf0b3a0f3f34a3ac,5d4bea54cf0b3a0f3f34a3ac.jpg,roof,221.3244168,Q2,as,in,India,internvl,"[""roof"", ""roofing"", ""ceiling""]",classification,roof,roof,,,,True
5d4bea54cf0b3a0f3f34a3ac,5d4bea54cf0b3a0f3f34a3ac.jpg,roof,221.3244168,Q2,as,in,India,internvl,"[""roof"", ""roofing"", ""ceiling""]",captioning,"A wooden beam is crossed by a vertical post, set against a weathered corrugated metal background.",,,,,False
5d4bdefccf0b3a0f3f336ec5,5d4bdefccf0b3a0f3f336ec5.jpg,roof,430.0,Q2,eu,rs,Serbia,internvl,"[""roof"", ""roofing"", ""ceiling""]",classification,roof,roof,,,,True
5d4bdefccf0b3a0f3f336ec5,5d4bdefccf0b3a0f3f336ec5.jpg,roof,430.0,Q2,eu,rs,Serbia,internvl,"[""roof"", ""roofing"", ""ceiling""]",captioning,The main household object in the image is a roof with a chimney and a gutter system.,,,,,True
5d4be3ffcf0b3a0f3f33f500,5d4be3ffcf0b3a0f3f33f500.jpg,roof,227.0,Q2,af,cm,Cameroon,internvl,"[""roof"", ""roofing"", ""ceiling""]",classification,light source,light source,,,,False
5d4be3ffcf0b3a0f3f33f500,5d4be3ffcf0b3a0f3f33f500.jpg,roof,227.0,Q2,af,cm,Cameroon,internvl,"[""roof"", ""roofing"", ""ceiling""]",captioning,A hanging strawberry decoration with a red chili pepper and a blue ball.,,,,,False
5d4bf2fbcf0b3a0f3f359462,5d4bf2fbcf0b3a0f3f359462.jpg,roof,254.0,Q2,am,bo,Bolivia,internvl,"[""roof"", ""roofing"", ""ceiling""]",classification,roof,roof,,,,True
5d4bf2fbcf0b3a0f3f359462,5d4bf2fbcf0b3a0f3f359462.jpg,roof,254.0,Q2,am,bo,Bolivia,internvl,"[""roof"", ""roofing"", ""ceiling""]",captioning,"A worn, reddish surface with patches of paint and a white star.",,,,,False
5d4bf131cf0b3a0f3f356206,5d4bf131cf0b3a0f3f356206.jpg,roof,564.997748,Q2,as,id,Indonesia,internvl,"[""roof"", ""roofing"", ""ceiling""]",classification,roof,roof,,,,True
5d4bf131cf0b3a0f3f356206,5d4bf131cf0b3a0f3f356206.jpg,roof,564.997748,Q2,as,id,Indonesia,internvl,"[""roof"", ""roofing"", ""ceiling""]",captioning,A roof with red tiles and a gutter system.,,,,,True
5ec4f9e2f0611d7ddd741b33,5ec4f9e2f0611d7ddd741b33.JPG,roof,719.0,Q3,af,et,Ethiopia,internvl,"[""roof"", ""roofing"", ""ceiling""]",classification,light source,light source,,,,False
5ec4f9e2f0611d7ddd741b33,5ec4f9e2f0611d7ddd741b33.JPG,roof,719.0,Q3,af,et,Ethiopia,internvl,"[""roof"", ""roofing"", ""ceiling""]",captioning,A single light bulb hanging from a wire on a ceiling.,,,,,True
5fa329ada4fd6103df5dff73,5fa329ada4fd6103df5dff73.jpeg,roof,1025.0,Q3,am,co,Colombia,internvl,"[""roof"", ""roofing"", ""ceiling""]",classification,stove,stove,,,,False
5fa329ada4fd6103df5dff73,5fa329ada4fd6103df5dff73.jpeg,roof,1025.0,Q3,am,co,Colombia,internvl,"[""roof"", ""roofing"", ""ceiling""]",captioning,A decorative wall panel with cut-out shapes is mounted on a ceiling above a dark-colored cabinet.,,,,,True
5d4be103cf0b3a0f3f33a4af,5d4be103cf0b3a0f3f33a4af.jpg,roof,1295.0,Q3,as,in,India,internvl,"[""roof"", ""roofing"", ""ceiling""]",classification,light source,light source,,,,False
5d4be103cf0b3a0f3f33a4af,5d4be103cf0b3a0f3f33a4af.jpg,roof,1295.0,Q3,as,in,India,internvl,"[""roof"", ""roofing"", ""ceiling""]",captioning,A ceiling fan with lights is mounted on a white ceiling with decorative molding.,,,,,True
5d4be02fcf0b3a0f3f338c7c,5d4be02fcf0b3a0f3f338c7c.JPG,roof,1260.0,Q3,eu,nl,Netherlands,internvl,"[""roof"", ""roofing"", ""ceiling""]",classification,light source,light source,,,,False
5d4be02fcf0b3a0f3f338c7c,5d4be02fcf0b3a0f3f338c7c.JPG,roof,1260.0,Q3,eu,nl,Netherlands,internvl,"[""roof"", ""roofing"", ""ceiling""]",captioning,A plain wall with a subtle light source creating a warm glow on the left side.,,,,,False
5ec4f97ef0611d7ddd7417d1,5ec4f97ef0611d7ddd7417d1.jpg,roof,745.0,Q3,af,cm,Cameroon,internvl,"[""roof"", ""roofing"", ""ceiling""]",classification,switch,switch,,,,False
5ec4f97ef0611d7ddd7417d1,5ec4f97ef0611d7ddd7417d1.jpg,roof,745.0,Q3,af,cm,Cameroon,internvl,"[""roof"", ""roofing"", ""ceiling""]",captioning,The image shows a ceiling with tiles and some discoloration.,,,,,True
5d4be09bcf0b3a0f3f3398ab,5d4be09bcf0b3a0f3f3398ab.JPG,roof,1034.0,Q3,am,br,Brazil,internvl,"[""roof"", ""roofing"", ""ceiling""]",classification,light source,light source,,,,False
5d4be09bcf0b3a0f3f3398ab,5d4be09bcf0b3a0f3f3398ab.JPG,roof,1034.0,Q3,am,br,Brazil,internvl,"[""roof"", ""roofing"", ""ceiling""]",captioning,A ceiling light fixture is mounted on a ceiling with a light source illuminating the area.,,,,,True
5ec4f86df0611d7ddd740eb2,5ec4f86df0611d7ddd740eb2.jpg,roof,1706.0,Q3,as,ir,Iran,internvl,"[""roof"", ""roofing"", ""ceiling""]",classification,roof,roof,,,,True
5ec4f86df0611d7ddd740eb2,5ec4f86df0611d7ddd740eb2.jpg,roof,1706.0,Q3,as,ir,Iran,internvl,"[""roof"", ""roofing"", ""ceiling""]",captioning,The main household object in the image is a red-tiled roof.,,,,,True
5d4be61ccf0b3a0f3f343139,5d4be61ccf0b3a0f3f343139.jpg,roof,3755.0,Q4,af,za,South Africa,internvl,"[""roof"", ""roofing"", ""ceiling""]",classification,light source,light source,,,,False
5d4be61ccf0b3a0f3f343139,5d4be61ccf0b3a0f3f343139.jpg,roof,3755.0,Q4,af,za,South Africa,internvl,"[""roof"", ""roofing"", ""ceiling""]",captioning,A plain white wall.,,,,,False
5d4be42ccf0b3a0f3f33fa48,5d4be42ccf0b3a0f3f33fa48.JPG,roof,4446.0,Q4,am,us,United States,internvl,"[""roof"", ""roofing"", ""ceiling""]",classification,light source,light source,,,,False
5d4be42ccf0b3a0f3f33fa48,5d4be42ccf0b3a0f3f33fa48.JPG,roof,4446.0,Q4,am,us,United States,internvl,"[""roof"", ""roofing"", ""ceiling""]",captioning,The image shows a blurred background with no clear household objects visible.,,,,,False
5d4be0abcf0b3a0f3f339a79,5d4be0abcf0b3a0f3f339a79.jpg,roof,5621.0,Q4,as,in,India,internvl,"[""roof"", ""roofing"", ""ceiling""]",classification,light source,light source,,,,False
5d4be0abcf0b3a0f3f339a79,5d4be0abcf0b3a0f3f339a79.jpg,roof,5621.0,Q4,as,in,India,internvl,"[""roof"", ""roofing"", ""ceiling""]",captioning,A ceiling fan with a light fixture and a security camera attached to the ceiling.,,,,,True
5d4be417cf0b3a0f3f33f7d4,5d4be417cf0b3a0f3f33f7d4.JPG,roof,1890.0,Q4,eu,gb,United Kingdom,internvl,"[""roof"", ""roofing"", ""ceiling""]",classification,light source,light source,,,,False
5d4be417cf0b3a0f3f33f7d4,5d4be417cf0b3a0f3f33f7d4.JPG,roof,1890.0,Q4,eu,gb,United Kingdom,internvl,"[""roof"", ""roofing"", ""ceiling""]",captioning,A black ceiling fan is hanging from the ceiling in the room.,,,,,True
5d4bebdccf0b3a0f3f34d03d,5d4bebdccf0b3a0f3f34d03d.jpg,roof,4650.0,Q4,am,us,United States,internvl,"[""roof"", ""roofing"", ""ceiling""]",classification,roof,roof,,,,True
5d4bebdccf0b3a0f3f34d03d,5d4bebdccf0b3a0f3f34d03d.jpg,roof,4650.0,Q4,am,us,United States,internvl,"[""roof"", ""roofing"", ""ceiling""]",captioning,A house with a window on the roof.,,,,,True
5d4be136cf0b3a0f3f33aa95,5d4be136cf0b3a0f3f33aa95.jpg,roof,4621.0,Q4,as,in,India,internvl,"[""roof"", ""roofing"", ""ceiling""]",classification,ceiling fan,,,,,False
5d4be136cf0b3a0f3f33aa95,5d4be136cf0b3a0f3f33aa95.jpg,roof,4621.0,Q4,as,in,India,internvl,"[""roof"", ""roofing"", ""ceiling""]",captioning,The main household object in the image is a ceiling fan with decorative elements.,,,,,True
5d4be404cf0b3a0f3f33f59c,5d4be404cf0b3a0f3f33f59c.JPG,roof,2010.0,Q4,eu,gb,United Kingdom,internvl,"[""roof"", ""roofing"", ""ceiling""]",classification,roof,roof,,,,True
5d4be404cf0b3a0f3f33f59c,5d4be404cf0b3a0f3f33f59c.JPG,roof,2010.0,Q4,eu,gb,United Kingdom,internvl,"[""roof"", ""roofing"", ""ceiling""]",captioning,A two-story brick house with a pitched roof and white-framed windows.,,,,,True
5d4be1cbcf0b3a0f3f33ba21,5d4be1cbcf0b3a0f3f33ba21.JPG,light source,82.0,Q1,af,ke,Kenya,internvl,"[""light"", ""lamp"", ""bulb"", ""lantern"", ""candle""]",classification,trash container,trash container,,,,False
5d4be1cbcf0b3a0f3f33ba21,5d4be1cbcf0b3a0f3f33ba21.JPG,light source,82.0,Q1,af,ke,Kenya,internvl,"[""light"", ""lamp"", ""bulb"", ""lantern"", ""candle""]",captioning,A red battery with a black screw on top is placed on a wooden surface against a brick wall.,,,,,False
5d4be664cf0b3a0f3f343977,5d4be664cf0b3a0f3f343977.JPG,light source,102.0,Q1,am,pe,Peru,internvl,"[""light"", ""lamp"", ""bulb"", ""lantern"", ""candle""]",classification,light source,light source,,,,True
5d4be664cf0b3a0f3f343977,5d4be664cf0b3a0f3f343977.JPG,light source,102.0,Q1,am,pe,Peru,internvl,"[""light"", ""lamp"", ""bulb"", ""lantern"", ""candle""]",captioning,A white light bulb is mounted on a wooden post against a corrugated metal background.,,,,,True
5d4beab0cf0b3a0f3f34ae70,5d4beab0cf0b3a0f3f34ae70.jpg,light source,170.0,Q1,as,in,India,internvl,"[""light"", ""lamp"", ""bulb"", ""lantern"", ""candle""]",classification,light source,light source,,,,True
5d4beab0cf0b3a0f3f34ae70,5d4beab0cf0b3a0f3f34ae70.jpg,light source,170.0,Q1,as,in,India,internvl,"[""light"", ""lamp"", ""bulb"", ""lantern"", ""candle""]",captioning,A fluorescent light fixture is mounted on a wooden structure in a rustic indoor setting.,,,,,True
5d4becefcf0b3a0f3f34eb88,5d4becefcf0b3a0f3f34eb88.jpg,light source,41.85460574,Q1,af,zw,Zimbabwe,internvl,"[""light"", ""lamp"", ""bulb"", ""lantern"", ""candle""]",classification,roof,roof,,,,False
5d4becefcf0b3a0f3f34eb88,5d4becefcf0b3a0f3f34eb88.jpg,light source,41.85460574,Q1,af,zw,Zimbabwe,internvl,"[""light"", ""lamp"", ""bulb"", ""lantern"", ""candle""]",captioning,The main household object in the image is a cloudy sky.,,,,,False
5d4bf271cf0b3a0f3f3583da,5d4bf271cf0b3a0f3f3583da.jpg,light source,144.688254,Q1,am,co,Colombia,internvl,"[""light"", ""lamp"", ""bulb"", ""lantern"", ""candle""]",classification,light source,light source,,,,True
5d4bf271cf0b3a0f3f3583da,5d4bf271cf0b3a0f3f3583da.jpg,light source,144.688254,Q1,am,co,Colombia,internvl,"[""light"", ""lamp"", ""bulb"", ""lantern"", ""candle""]",captioning,A single light bulb hangs from the ceiling in a dimly lit room.,,,,,True
5d4be752cf0b3a0f3f3453ca,5d4be752cf0b3a0f3f3453ca.jpg,light source,63.5080716,Q1,as,mm,Myanmar,internvl,"[""light"", ""lamp"", ""bulb"", ""lantern"", ""candle""]",classification,trash container,trash container,,,,False
5d4be752cf0b3a0f3f3453ca,5d4be752cf0b3a0f3f3453ca.jpg,light source,63.5080716,Q1,as,mm,Myanmar,internvl,"[""light"", ""lamp"", ""bulb"", ""lantern"", ""candle""]",captioning,A large metal bucket is placed on the porch of a rustic house.,,,,,False
5d4bf0b4cf0b3a0f3f3555cc,5d4bf0b4cf0b3a0f3f3555cc.jpg,light source,82.91518231,Q1,af,ci,Cote d'Ivoire,internvl,"[""light"", ""lamp"", ""bulb"", ""lantern"", ""candle""]",classification,light source,light source,,,,True
5d4bf0b4cf0b3a0f3f3555cc,5d4bf0b4cf0b3a0f3f3555cc.jpg,light source,82.91518231,Q1,af,ci,Cote d'Ivoire,internvl,"[""light"", ""lamp"", ""bulb"", ""lantern"", ""candle""]",captioning,"A red lantern with a metal top and handles sits on a rough, textured surface.",,,,,True
5d4bdfa0cf0b3a0f3f337f53,5d4bdfa0cf0b3a0f3f337f53.jpg,light source,398.0,Q2,am,pe,Peru,internvl,"[""light"", ""lamp"", ""bulb"", ""lantern"", ""candle""]",classification,light source,light source,,,,True
5d4bdfa0cf0b3a0f3f337f53,5d4bdfa0cf0b3a0f3f337f53.jpg,light source,398.0,Q2,am,pe,Peru,internvl,"[""light"", ""lamp"", ""bulb"", ""lantern"", ""candle""]",captioning,A fluorescent light bulb is mounted on a wall covered with a tarp.,,,,,True
5f8dfa6069531c2f81fdef7f,5f8dfa6069531c2f81fdef7f.jpg,light source,304.0,Q2,as,pk,Pakistan,internvl,"[""light"", ""lamp"", ""bulb"", ""lantern"", ""candle""]",classification,light source,light source,,,,True
5f8dfa6069531c2f81fdef7f,5f8dfa6069531c2f81fdef7f.jpg,light source,304.0,Q2,as,pk,Pakistan,internvl,"[""light"", ""lamp"", ""bulb"", ""lantern"", ""candle""]",captioning,A bright light bulb is mounted on a wall in a dimly lit room.,,,,,True
5d4be196cf0b3a0f3f33b4c3,5d4be196cf0b3a0f3f33b4c3.jpg,light source,685.0,Q2,am,br,Brazil,internvl,"[""light"", ""lamp"", ""bulb"", ""lantern"", ""candle""]",classification,light source,light source,,,,True
5d4be196cf0b3a0f3f33b4c3,5d4be196cf0b3a0f3f33b4c3.jpg,light source,685.0,Q2,am,br,Brazil,internvl,"[""light"", ""lamp"", ""bulb"", ""lantern"", ""candle""]",captioning,A ceiling light fixture with a metallic finish is mounted on a plain white ceiling.,,,,,True
5d4be631cf0b3a0f3f343397,5d4be631cf0b3a0f3f343397.JPG,light source,526.0,Q2,as,in,India,internvl,"[""light"", ""lamp"", ""bulb"", ""lantern"", ""candle""]",classification,light source,light source,,,,True
5d4be631cf0b3a0f3f343397,5d4be631cf0b3a0f3f343397.JPG,light source,526.0,Q2,as,in,India,internvl,"[""light"", ""lamp"", ""bulb"", ""lantern"", ""candle""]",captioning,A single light bulb is illuminated on a dark surface.,,,,,True
5ec4fb81f0611d7ddd7428b0,5ec4fb81f0611d7ddd7428b0.jpg,light source,261.0,Q2,am,co,Colombia,internvl,"[""light"", ""lamp"", ""bulb"", ""lantern"", ""candle""]",classification,light source,light source,,,,True
5ec4fb81f0611d7ddd7428b0,5ec4fb81f0611d7ddd7428b0.jpg,light source,261.0,Q2,am,co,Colombia,internvl,"[""light"", ""lamp"", ""bulb"", ""lantern"", ""candle""]",captioning,A light bulb is installed in a ceiling hole.,,,,,True
5d4bdf05cf0b3a0f3f336fb3,5d4bdf05cf0b3a0f3f336fb3.JPG,light source,293.0,Q2,as,id,Indonesia,internvl,"[""light"", ""lamp"", ""bulb"", ""lantern"", ""candle""]",classification,light source,light source,,,,True
5d4bdf05cf0b3a0f3f336fb3,5d4bdf05cf0b3a0f3f336fb3.JPG,light source,293.0,Q2,as,id,Indonesia,internvl,"[""light"", ""lamp"", ""bulb"", ""lantern"", ""candle""]",captioning,A light bulb hanging from a ceiling with a wooden floor.,,,,,True
5ec4fa8ff0611d7ddd7420b5,5ec4fa8ff0611d7ddd7420b5.jpg,light source,284.0,Q2,am,br,Brazil,internvl,"[""light"", ""lamp"", ""bulb"", ""lantern"", ""candle""]",classification,light source,light source,,,,True
5ec4fa8ff0611d7ddd7420b5,5ec4fa8ff0611d7ddd7420b5.jpg,light source,284.0,Q2,am,br,Brazil,internvl,"[""light"", ""lamp"", ""bulb"", ""lantern"", ""candle""]",captioning,A light bulb is hanging from the ceiling in a room with a wooden beam and a blue cloth.,,,,,True
5d4be03ccf0b3a0f3f338dde,5d4be03ccf0b3a0f3f338dde.JPG,light source,1643.0,Q3,af,ng,Nigeria,internvl,"[""light"", ""lamp"", ""bulb"", ""lantern"", ""candle""]",classification,light source,light source,,,,True
5d4be03ccf0b3a0f3f338dde,5d4be03ccf0b3a0f3f338dde.JPG,light source,1643.0,Q3,af,ng,Nigeria,internvl,"[""light"", ""lamp"", ""bulb"", ""lantern"", ""candle""]",captioning,A chandelier with clear glass shades and a metallic base.,,,,,False
5ec4fba1f0611d7ddd7429bc,5ec4fba1f0611d7ddd7429bc.jpg,light source,1482.0,Q3,am,co,Colombia,internvl,"[""light"", ""lamp"", ""bulb"", ""lantern"", ""candle""]",classification,light source,light source,,,,True
5ec4fba1f0611d7ddd7429bc,5ec4fba1f0611d7ddd7429bc.jpg,light source,1482.0,Q3,am,co,Colombia,internvl,"[""light"", ""lamp"", ""bulb"", ""lantern"", ""candle""]",captioning,The main household object in this image is a ceiling with a light fixture.,,,,,True
5d4be0b0cf0b3a0f3f339b0b,5d4be0b0cf0b3a0f3f339b0b.jpg,light source,1742.0,Q3,as,in,India,internvl,"[""light"", ""lamp"", ""bulb"", ""lantern"", ""candle""]",classification,stove,stove,,,,False
5d4be0b0cf0b3a0f3f339b0b,5d4be0b0cf0b3a0f3f339b0b.jpg,light source,1742.0,Q3,as,in,India,internvl,"[""light"", ""lamp"", ""bulb"", ""lantern"", ""candle""]",captioning,"A kitchen with a brown door, a stainless steel refrigerator, and an open doorway leading to a kitchen area.",,,,,False
5d4bdfb1cf0b3a0f3f33809d,5d4bdfb1cf0b3a0f3f33809d.jpg,light source,1038.0,Q3,eu,nl,Netherlands,internvl,"[""light"", ""lamp"", ""bulb"", ""lantern"", ""candle""]",classification,light source,light source,,,,True
5d4bdfb1cf0b3a0f3f33809d,5d4bdfb1cf0b3a0f3f33809d.jpg,light source,1038.0,Q3,eu,nl,Netherlands,internvl,"[""light"", ""lamp"", ""bulb"", ""lantern"", ""candle""]",captioning,"A black, ribbed lamp with a metallic base is placed on a surface against a white wall.",,,,,True
5d4be672cf0b3a0f3f343b19,5d4be672cf0b3a0f3f343b19.jpg,light source,1050.70879,Q3,af,tz,Tanzania,internvl,"[""light"", ""lamp"", ""bulb"", ""lantern"", ""candle""]",classification,light source,light source,,,,True
5d4be672cf0b3a0f3f343b19,5d4be672cf0b3a0f3f343b19.jpg,light source,1050.70879,Q3,af,tz,Tanzania,internvl,"[""light"", ""lamp"", ""bulb"", ""lantern"", ""candle""]",captioning,A fluorescent light fixture is mounted on a ceiling.,,,,,True
5d4bde4dcf0b3a0f3f335e25,5d4bde4dcf0b3a0f3f335e25.jpg,light source,898.0,Q3,am,us,United States,internvl,"[""light"", ""lamp"", ""bulb"", ""lantern"", ""candle""]",classification,light source,light source,,,,True
5d4bde4dcf0b3a0f3f335e25,5d4bde4dcf0b3a0f3f335e25.jpg,light source,898.0,Q3,am,us,United States,internvl,"[""light"", ""lamp"", ""bulb"", ""lantern"", ""candle""]",captioning,A ceiling with a smoke detector and a light fixture above a tiled backsplash.,,,,,True
5d4be657cf0b3a0f3f3437e9,5d4be657cf0b3a0f3f3437e9.JPG,light source,1350.0,Q3,as,cn,China,internvl,"[""light"", ""lamp"", ""bulb"", ""lantern"", ""candle""]",classification,light source,light source,,,,True
5d4be657cf0b3a0f3f3437e9,5d4be657cf0b3a0f3f3437e9.JPG,light source,1350.0,Q3,as,cn,China,internvl,"[""light"", ""lamp"", ""bulb"", ""lantern"", ""candle""]",captioning,A round ceiling light with a cracked glass appearance.,,,,,True
5ec4f834f0611d7ddd740cc3,5ec4f834f0611d7ddd740cc3.JPG,light source,3478.0,Q4,am,us,United States,internvl,"[""light"", ""lamp"", ""bulb"", ""lantern"", ""candle""]",classification,light source,light source,,,,True
5ec4f834f0611d7ddd740cc3,5ec4f834f0611d7ddd740cc3.JPG,light source,3478.0,Q4,am,us,United States,internvl,"[""light"", ""lamp"", ""bulb"", ""lantern"", ""candle""]",captioning,A modern lamp with a geometric base and a white shade is placed on a table next to a charging device and a remote control.,,,,,True
5d4be118cf0b3a0f3f33a717,5d4be118cf0b3a0f3f33a717.jpeg,light source,3477.0,Q4,as,in,India,internvl,"[""light"", ""lamp"", ""bulb"", ""lantern"", ""candle""]",classification,light source,light source,,,,True
5d4be118cf0b3a0f3f33a717,5d4be118cf0b3a0f3f33a717.jpeg,light source,3477.0,Q4,as,in,India,internvl,"[""light"", ""lamp"", ""bulb"", ""lantern"", ""candle""]",captioning,"A small, portable lantern with a clear glass enclosure and a black base, illuminated with a bright light.",,,,,True
5ec4f91cf0611d7ddd74148c,5ec4f91cf0611d7ddd74148c.jpg,light source,4256.0,Q4,eu,es,Spain,internvl,"[""light"", ""lamp"", ""bulb"", ""lantern"", ""candle""]",classification,light source,light source,,,,True
5ec4f91cf0611d7ddd74148c,5ec4f91cf0611d7ddd74148c.jpg,light source,4256.0,Q4,eu,es,Spain,internvl,"[""light"", ""lamp"", ""bulb"", ""lantern"", ""candle""]",captioning,A smart lamp is placed on a bedside table next to a photo and a phone.,,,,,True
5d4be53dcf0b3a0f3f341904,5d4be53dcf0b3a0f3f341904.JPG,light source,2001.0,Q4,am,us,United States,internvl,"[""light"", ""lamp"", ""bulb"", ""lantern"", ""candle""]",classification,light source,light source,,,,True
5d4be53dcf0b3a0f3f341904,5d4be53dcf0b3a0f3f341904.JPG,light source,2001.0,Q4,am,us,United States,internvl,"[""light"", ""lamp"", ""bulb"", ""lantern"", ""candle""]",captioning,The main household object in the image is a ceiling light fixture.,,,,,True
5d4bf2a9cf0b3a0f3f358a8e,5d4bf2a9cf0b3a0f3f358a8e.jpg,light source,3704.327276,Q4,as,cn,China,internvl,"[""light"", ""lamp"", ""bulb"", ""lantern"", ""candle""]",classification,light source,light source,,,,True
5d4bf2a9cf0b3a0f3f358a8e,5d4bf2a9cf0b3a0f3f358a8e.jpg,light source,3704.327276,Q4,as,cn,China,internvl,"[""light"", ""lamp"", ""bulb"", ""lantern"", ""candle""]",captioning,"A chandelier with multiple white, frosted glass lampshades.",,,,,False
5ec4f90ef0611d7ddd741415,5ec4f90ef0611d7ddd741415.jpg,light source,3195.0,Q4,eu,es,Spain,internvl,"[""light"", ""lamp"", ""bulb"", ""lantern"", ""candle""]",classification,light source,light source,,,,True
5ec4f90ef0611d7ddd741415,5ec4f90ef0611d7ddd741415.jpg,light source,3195.0,Q4,eu,es,Spain,internvl,"[""light"", ""lamp"", ""bulb"", ""lantern"", ""candle""]",captioning,A vintage-style lamp with a beige lampshade and a decorative base is placed on a bedside table.,,,,,True
5d4bebfdcf0b3a0f3f34d421,5d4bebfdcf0b3a0f3f34d421.jpg,light source,4650.0,Q4,am,us,United States,internvl,"[""light"", ""lamp"", ""bulb"", ""lantern"", ""candle""]",classification,light source,light source,,,,True
5d4bebfdcf0b3a0f3f34d421,5d4bebfdcf0b3a0f3f34d421.jpg,light source,4650.0,Q4,am,us,United States,internvl,"[""light"", ""lamp"", ""bulb"", ""lantern"", ""candle""]",captioning,The main household object in the image is a ceiling with recessed lighting fixtures.,,,,,False
5d4befc5cf0b3a0f3f353ce2,5d4befc5cf0b3a0f3f353ce2.jpg,stove,50.18041676,Q1,af,mw,Malawi,internvl,"[""stove"", ""oven"", ""cooker"", ""cooktop"", ""hob""]",classification,stove,stove,,,,True
5d4befc5cf0b3a0f3f353ce2,5d4befc5cf0b3a0f3f353ce2.jpg,stove,50.18041676,Q1,af,mw,Malawi,internvl,"[""stove"", ""oven"", ""cooker"", ""cooktop"", ""hob""]",captioning,A person is using a knife to cut dry grass or straw.,,,,,False
5d4bf150cf0b3a0f3f356534,5d4bf150cf0b3a0f3f356534.jpg,stove,209.7449238,Q1,as,id,Indonesia,internvl,"[""stove"", ""oven"", ""cooker"", ""cooktop"", ""hob""]",classification,stove,stove,,,,True
5d4bf150cf0b3a0f3f356534,5d4bf150cf0b3a0f3f356534.jpg,stove,209.7449238,Q1,as,id,Indonesia,internvl,"[""stove"", ""oven"", ""cooker"", ""cooktop"", ""hob""]",captioning,A black electric stove with a pot on top is placed on a table with various kitchen items.,,,,,True
5d4bed75cf0b3a0f3f34fa6a,5d4bed75cf0b3a0f3f34fa6a.jpg,stove,113.5375491,Q1,af,tn,Tunisia,internvl,"[""stove"", ""oven"", ""cooker"", ""cooktop"", ""hob""]",classification,stove,stove,,,,True
5d4bed75cf0b3a0f3f34fa6a,5d4bed75cf0b3a0f3f34fa6a.jpg,stove,113.5375491,Q1,af,tn,Tunisia,internvl,"[""stove"", ""oven"", ""cooker"", ""cooktop"", ""hob""]",captioning,A gas cylinder is placed on a platform inside a tent.,,,,,False
5d4be7b3cf0b3a0f3f345ec4,5d4be7b3cf0b3a0f3f345ec4.jpg,stove,72.10457258,Q1,as,bd,Bangladesh,internvl,"[""stove"", ""oven"", ""cooker"", ""cooktop"", ""hob""]",classification,stove,stove,,,,True
5d4be7b3cf0b3a0f3f345ec4,5d4be7b3cf0b3a0f3f345ec4.jpg,stove,72.10457258,Q1,as,bd,Bangladesh,internvl,"[""stove"", ""oven"", ""cooker"", ""cooktop"", ""hob""]",captioning,A traditional stone stove with a black lid is placed on a rough stone surface.,,,,,True
5d4bee22cf0b3a0f3f350e6a,5d4bee22cf0b3a0f3f350e6a.jpg,stove,53.35597015,Q1,af,rw,Rwanda,internvl,"[""stove"", ""oven"", ""cooker"", ""cooktop"", ""hob""]",classification,stove,stove,,,,True
5d4bee22cf0b3a0f3f350e6a,5d4bee22cf0b3a0f3f350e6a.jpg,stove,53.35597015,Q1,af,rw,Rwanda,internvl,"[""stove"", ""oven"", ""cooker"", ""cooktop"", ""hob""]",captioning,A makeshift stone and tarp fireplace in a rural setting.,,,,,False
5d4bef59cf0b3a0f3f353156,5d4bef59cf0b3a0f3f353156.jpg,stove,131.5512222,Q1,as,np,Nepal,internvl,"[""stove"", ""oven"", ""cooker"", ""cooktop"", ""hob""]",classification,stove,stove,,,,True
5d4bef59cf0b3a0f3f353156,5d4bef59cf0b3a0f3f353156.jpg,stove,131.5512222,Q1,as,np,Nepal,internvl,"[""stove"", ""oven"", ""cooker"", ""cooktop"", ""hob""]",captioning,"A black wok sits on a small, worn gas stove with a control knob.",,,,,True
5d4beff5cf0b3a0f3f354210,5d4beff5cf0b3a0f3f354210.jpg,stove,51.88264617,Q1,af,mw,Malawi,internvl,"[""stove"", ""oven"", ""cooker"", ""cooktop"", ""hob""]",classification,stove,stove,,,,True
5d4beff5cf0b3a0f3f354210,5d4beff5cf0b3a0f3f354210.jpg,stove,51.88264617,Q1,af,mw,Malawi,internvl,"[""stove"", ""oven"", ""cooker"", ""cooktop"", ""hob""]",captioning,"A traditional stone fire pit with sticks and rocks, used for cooking or heating.",,,,,False
5ec4fa30f0611d7ddd741dbe,5ec4fa30f0611d7ddd741dbe.JPG,stove,623.0,Q2,af,et,Ethiopia,internvl,"[""stove"", ""oven"", ""cooker"", ""cooktop"", ""hob""]",classification,stove,stove,,,,True
5ec4fa30f0611d7ddd741dbe,5ec4fa30f0611d7ddd741dbe.JPG,stove,623.0,Q2,af,et,Ethiopia,internvl,"[""stove"", ""oven"", ""cooker"", ""cooktop"", ""hob""]",captioning,"An old, worn-out gas stove with two burners, placed on a patterned cloth.",,,,,True
5ec4fa7bf0611d7ddd74200b,5ec4fa7bf0611d7ddd74200b.jpg,stove,311.0,Q2,am,br,Brazil,internvl,"[""stove"", ""oven"", ""cooker"", ""cooktop"", ""hob""]",classification,stove,stove,,,,True
5ec4fa7bf0611d7ddd74200b,5ec4fa7bf0611d7ddd74200b.jpg,stove,311.0,Q2,am,br,Brazil,internvl,"[""stove"", ""oven"", ""cooker"", ""cooktop"", ""hob""]",captioning,A white oven with a glass door is situated in a kitchen with a stove and various kitchen items.,,,,,True
5d4bf2b2cf0b3a0f3f358bb0,5d4bf2b2cf0b3a0f3f358bb0.jpg,stove,240.0,Q2,as,cn,China,internvl,"[""stove"", ""oven"", ""cooker"", ""cooktop"", ""hob""]",classification,stove,stove,,,,True
5d4bf2b2cf0b3a0f3f358bb0,5d4bf2b2cf0b3a0f3f358bb0.jpg,stove,240.0,Q2,as,cn,China,internvl,"[""stove"", ""oven"", ""cooker"", ""cooktop"", ""hob""]",captioning,"A large, traditional brick oven with a lid and a chimney, used for baking bread or other food items.",,,,,True
5d4be176cf0b3a0f3f33b207,5d4be176cf0b3a0f3f33b207.jpg,stove,456.0,Q2,am,br,Brazil,internvl,"[""stove"", ""oven"", ""cooker"", ""cooktop"", ""hob""]",classification,stove,stove,,,,True
5d4be176cf0b3a0f3f33b207,5d4be176cf0b3a0f3f33b207.jpg,stove,456.0,Q2,am,br,Brazil,internvl,"[""stove"", ""oven"", ""cooker"", ""cooktop"", ""hob""]",captioning,A black and white electric oven with pots on top.,,,,,True
5d4be76ecf0b3a0f3f3456e8,5d4be76ecf0b3a0f3f3456e8.jpg,stove,308.0,Q2,as,id,Indonesia,internvl,"[""stove"", ""oven"", ""cooker"", ""cooktop"", ""hob""]",classification,stove,stove,,,,True
5d4be76ecf0b3a0f3f3456e8,5d4be76ecf0b3a0f3f3456e8.jpg,stove,308.0,Q2,as,id,Indonesia,internvl,"[""stove"", ""oven"", ""cooker"", ""cooktop"", ""hob""]",captioning,A vintage Rinnai gas stove with a black frying pan and a red pot on top.,,,,,True
5d4be15bcf0b3a0f3f33aee7,5d4be15bcf0b3a0f3f33aee7.JPG,stove,368.0,Q2,am,br,Brazil,internvl,"[""stove"", ""oven"", ""cooker"", ""cooktop"", ""hob""]",classification,stove,stove,,,,True
5d4be15bcf0b3a0f3f33aee7,5d4be15bcf0b3a0f3f33aee7.JPG,stove,368.0,Q2,am,br,Brazil,internvl,"[""stove"", ""oven"", ""cooker"", ""cooktop"", ""hob""]",captioning,A white gas stove with two pots on it is placed next to a kitchen counter.,,,,,True
5d4bed05cf0b3a0f3f34edce,5d4bed05cf0b3a0f3f34edce.jpg,stove,265.5253567,Q2,as,vn,Vietnam,internvl,"[""stove"", ""oven"", ""cooker"", ""cooktop"", ""hob""]",classification,stove,stove,,,,True
5d4bed05cf0b3a0f3f34edce,5d4bed05cf0b3a0f3f34edce.jpg,stove,265.5253567,Q2,as,vn,Vietnam,internvl,"[""stove"", ""oven"", ""cooker"", ""cooktop"", ""hob""]",captioning,"A gas stove with a burner on a tiled floor, surrounded by various kitchen items.",,,,,True
5d4be672cf0b3a0f3f343b13,5d4be672cf0b3a0f3f343b13.jpg,stove,1050.70879,Q3,af,tz,Tanzania,internvl,"[""stove"", ""oven"", ""cooker"", ""cooktop"", ""hob""]",classification,stove,stove,,,,True
5d4be672cf0b3a0f3f343b13,5d4be672cf0b3a0f3f343b13.jpg,stove,1050.70879,Q3,af,tz,Tanzania,internvl,"[""stove"", ""oven"", ""cooker"", ""cooktop"", ""hob""]",captioning,A white microwave oven with a pot on top is placed on a wooden table.,,,,,True
5ec4fb73f0611d7ddd742836,5ec4fb73f0611d7ddd742836.jpg,stove,1392.0,Q3,am,co,Colombia,internvl,"[""stove"", ""oven"", ""cooker"", ""cooktop"", ""hob""]",classification,microwave,,,,,False
5ec4fb73f0611d7ddd742836,5ec4fb73f0611d7ddd742836.jpg,stove,1392.0,Q3,am,co,Colombia,internvl,"[""stove"", ""oven"", ""cooker"", ""cooktop"", ""hob""]",captioning,A microwave oven is placed on a table covered with a colorful tablecloth featuring vegetables.,,,,,True
5d4bef4dcf0b3a0f3f352fe2,5d4bef4dcf0b3a0f3f352fe2.jpg,stove,1747.0,Q3,as,np,Nepal,internvl,"[""stove"", ""oven"", ""cooker"", ""cooktop"", ""hob""]",classification,stove,stove,,,,True
5d4bef4dcf0b3a0f3f352fe2,5d4bef4dcf0b3a0f3f352fe2.jpg,stove,1747.0,Q3,as,np,Nepal,internvl,"[""stove"", ""oven"", ""cooker"", ""cooktop"", ""hob""]",captioning,A black gas stove with three burners and a decorative backsplash featuring coffee and pastries.,,,,,True
5d4be22ecf0b3a0f3f33c475,5d4be22ecf0b3a0f3f33c475.JPG,stove,1610.0,Q3,af,eg,Egypt,internvl,"[""stove"", ""oven"", ""cooker"", ""cooktop"", ""hob""]",classification,stove,stove,,,,True
5d4be22ecf0b3a0f3f33c475,5d4be22ecf0b3a0f3f33c475.JPG,stove,1610.0,Q3,af,eg,Egypt,internvl,"[""stove"", ""oven"", ""cooker"", ""cooktop"", ""hob""]",captioning,A blue teapot is placed on a gas stove in a kitchen with tiled walls.,,,,,True
5d4bde4dcf0b3a0f3f335e21,5d4bde4dcf0b3a0f3f335e21.jpg,stove,898.0,Q3,am,us,United States,internvl,"[""stove"", ""oven"", ""cooker"", ""cooktop"", ""hob""]",classification,stove,stove,,,,True
5d4bde4dcf0b3a0f3f335e21,5d4bde4dcf0b3a0f3f335e21.jpg,stove,898.0,Q3,am,us,United States,internvl,"[""stove"", ""oven"", ""cooker"", ""cooktop"", ""hob""]",captioning,A pot is placed on a gas stove in a kitchen.,,,,,True
5d4be0fecf0b3a0f3f33a415,5d4be0fecf0b3a0f3f33a415.jpeg,stove,1295.0,Q3,as,in,India,internvl,"[""stove"", ""oven"", ""cooker"", ""cooktop"", ""hob""]",classification,stove,stove,,,,True
5d4be0fecf0b3a0f3f33a415,5d4be0fecf0b3a0f3f33a415.jpeg,stove,1295.0,Q3,as,in,India,internvl,"[""stove"", ""oven"", ""cooker"", ""cooktop"", ""hob""]",captioning,A gas stove with pots and a pot on the burner.,,,,,True
5ec4fb02f0611d7ddd742487,5ec4fb02f0611d7ddd742487.jpg,stove,1482.0,Q3,am,co,Colombia,internvl,"[""stove"", ""oven"", ""cooker"", ""cooktop"", ""hob""]",classification,stove,stove,,,,True
5ec4fb02f0611d7ddd742487,5ec4fb02f0611d7ddd742487.jpg,stove,1482.0,Q3,am,co,Colombia,internvl,"[""stove"", ""oven"", ""cooker"", ""cooktop"", ""hob""]",captioning,The main household object in the image is a gas stove with burners and a control panel.,,,,,True
5d4befa8cf0b3a0f3f353974,5d4befa8cf0b3a0f3f353974.jpg,stove,6342.0,Q4,am,mx,Mexico,internvl,"[""stove"", ""oven"", ""cooker"", ""cooktop"", ""hob""]",classification,stove,stove,,,,True
5d4befa8cf0b3a0f3f353974,5d4befa8cf0b3a0f3f353974.jpg,stove,6342.0,Q4,am,mx,Mexico,internvl,"[""stove"", ""oven"", ""cooker"", ""cooktop"", ""hob""]",captioning,"An old, dirty oven with a black baking tray inside.",,,,,True
5d4be106cf0b3a0f3f33a4fb,5d4be106cf0b3a0f3f33a4fb.JPG,stove,3611.0,Q4,as,in,India,internvl,"[""stove"", ""oven"", ""cooker"", ""cooktop"", ""hob""]",classification,stove,stove,,,,True
5d4be106cf0b3a0f3f33a4fb,5d4be106cf0b3a0f3f33a4fb.JPG,stove,3611.0,Q4,as,in,India,internvl,"[""stove"", ""oven"", ""cooker"", ""cooktop"", ""hob""]",captioning,A gas stove burner with a blue flame and a small green object on it.,,,,,True
5ec4f5caf4a4fb7dc0387a0c,5ec4f5caf4a4fb7dc0387a0c.jpg,stove,2642.0,Q4,eu,ru,Russia,internvl,"[""stove"", ""oven"", ""cooker"", ""cooktop"", ""hob""]",classification,stove,stove,,,,True
5ec4f5caf4a4fb7dc0387a0c,5ec4f5caf4a4fb7dc0387a0c.jpg,stove,2642.0,Q4,eu,ru,Russia,internvl,"[""stove"", ""oven"", ""cooker"", ""cooktop"", ""hob""]",captioning,A black oven with a blue oven mitt hanging on the handle.,,,,,True
5d4be048cf0b3a0f3f338f18,5d4be048cf0b3a0f3f338f18.jpg,stove,4559.0,Q4,am,us,United States,internvl,"[""stove"", ""oven"", ""cooker"", ""cooktop"", ""hob""]",classification,stove,stove,,,,True
5d4be048cf0b3a0f3f338f18,5d4be048cf0b3a0f3f338f18.jpg,stove,4559.0,Q4,am,us,United States,internvl,"[""stove"", ""oven"", ""cooker"", ""cooktop"", ""hob""]",captioning,A white gas stove with a digital clock and a kettle on top.,,,,,True
5ec4f948f0611d7ddd741601,5ec4f948f0611d7ddd741601.JPG,stove,5795.0,Q4,as,in,India,internvl,"[""stove"", ""oven"", ""cooker"", ""cooktop"", ""hob""]",classification,stove,stove,,,,True
5ec4f948f0611d7ddd741601,5ec4f948f0611d7ddd741601.JPG,stove,5795.0,Q4,as,in,India,internvl,"[""stove"", ""oven"", ""cooker"", ""cooktop"", ""hob""]",captioning,A black gas stove with two burners on a countertop.,,,,,True
5d4be0ddcf0b3a0f3f33a03d,5d4be0ddcf0b3a0f3f33a03d.JPG,stove,2370.0,Q4,eu,nl,Netherlands,internvl,"[""stove"", ""oven"", ""cooker"", ""cooktop"", ""hob""]",classification,stove,stove,,,,True
5d4be0ddcf0b3a0f3f33a03d,5d4be0ddcf0b3a0f3f33a03d.JPG,stove,2370.0,Q4,eu,nl,Netherlands,internvl,"[""stove"", ""oven"", ""cooker"", ""cooktop"", ""hob""]",captioning,A stainless steel pot is placed on a black induction stove.,,,,,True
5d4be1bbcf0b3a0f3f33b8c9,5d4be1bbcf0b3a0f3f33b8c9.jpg,stove,3356.0,Q4,am,br,Brazil,internvl,"[""stove"", ""oven"", ""cooker"", ""cooktop"", ""hob""]",classification,stove,stove,,,,True
5d4be1bbcf0b3a0f3f33b8c9,5d4be1bbcf0b3a0f3f33b8c9.jpg,stove,3356.0,Q4,am,br,Brazil,internvl,"[""stove"", ""oven"", ""cooker"", ""cooktop"", ""hob""]",captioning,A white Electrolux oven with a glass door and control knobs on top.,,,,,True
5d4beee5cf0b3a0f3f3523d2,5d4beee5cf0b3a0f3f3523d2.jpg,trash container,67.67970667,Q1,af,ng,Nigeria,internvl,"[""trash can"", ""garbage can"", ""garbage bin"", ""waste bin"", ""dustbin"", ""dumpster""]",classification,trash container,trash container,,,,True
5d4beee5cf0b3a0f3f3523d2,5d4beee5cf0b3a0f3f3523d2.jpg,trash container,67.67970667,Q1,af,ng,Nigeria,internvl,"[""trash can"", ""garbage can"", ""garbage bin"", ""waste bin"", ""dustbin"", ""dumpster""]",captioning,The main household object in this image is a pile of garbage.,,,,,False
5d4bf27dcf0b3a0f3f358554,5d4bf27dcf0b3a0f3f358554.jpg,trash container,144.688254,Q1,am,co,Colombia,internvl,"[""trash can"", ""garbage can"", ""garbage bin"", ""waste bin"", ""dustbin"", ""dumpster""]",classification,trash container,trash container,,,,True
5d4bf27dcf0b3a0f3f358554,5d4bf27dcf0b3a0f3f358554.jpg,trash container,144.688254,Q1,am,co,Colombia,internvl,"[""trash can"", ""garbage can"", ""garbage bin"", ""waste bin"", ""dustbin"", ""dumpster""]",captioning,A wooden crate filled with green vegetables and a large orange barrel.,,,,,False
5d4beeb5cf0b3a0f3f351e3c,5d4beeb5cf0b3a0f3f351e3c.jpg,trash container,195.4533587,Q1,as,ph,Philippines,internvl,"[""trash can"", ""garbage can"", ""garbage bin"", ""waste bin"", ""dustbin"", ""dumpster""]",classification,trash container,trash container,,,,True
5d4beeb5cf0b3a0f3f351e3c,5d4beeb5cf0b3a0f3f351e3c.jpg,trash container,195.4533587,Q1,as,ph,Philippines,internvl,"[""trash can"", ""garbage can"", ""garbage bin"", ""waste bin"", ""dustbin"", ""dumpster""]",captioning,"A green plastic container with a lid, possibly used for storing food or other household items.",,,,,False
5d4bf349cf0b3a0f3f359cee,5d4bf349cf0b3a0f3f359cee.jpg,trash container,40.19755831,Q1,af,bi,Burundi,internvl,"[""trash can"", ""garbage can"", ""garbage bin"", ""waste bin"", ""dustbin"", ""dumpster""]",classification,trash container,trash container,,,,True
5d4bf349cf0b3a0f3f359cee,5d4bf349cf0b3a0f3f359cee.jpg,trash container,40.19755831,Q1,af,bi,Burundi,internvl,"[""trash can"", ""garbage can"", ""garbage bin"", ""waste bin"", ""dustbin"", ""dumpster""]",captioning,A blue plastic container is lying on the ground amidst green plants and dirt.,,,,,False
5d4be7b6cf0b3a0f3f345f1c,5d4be7b6cf0b3a0f3f345f1c.jpg,trash container,65.20651387,Q1,as,bd,Bangladesh,internvl,"[""trash can"", ""garbage can"", ""garbage bin"", ""waste bin"", ""dustbin"", ""dumpster""]",classification,trash container,trash container,,,,True
5d4be7b6cf0b3a0f3f345f1c,5d4be7b6cf0b3a0f3f345f1c.jpg,trash container,65.20651387,Q1,as,bd,Bangladesh,internvl,"[""trash can"", ""garbage can"", ""garbage bin"", ""waste bin"", ""dustbin"", ""dumpster""]",captioning,The main household object in the image is a discarded plastic bottle.,,,,,False
5d4be1c8cf0b3a0f3f33b9cf,5d4be1c8cf0b3a0f3f33b9cf.JPG,trash container,82.0,Q1,af,ke,Kenya,internvl,"[""trash can"", ""garbage can"", ""garbage bin"", ""waste bin"", ""dustbin"", ""dumpster""]",classification,stove,stove,,,,False
5d4be1c8cf0b3a0f3f33b9cf,5d4be1c8cf0b3a0f3f33b9cf.JPG,trash container,82.0,Q1,af,ke,Kenya,internvl,"[""trash can"", ""garbage can"", ""garbage bin"", ""waste bin"", ""dustbin"", ""dumpster""]",captioning,"A pile of trash and debris on the grass, including plastic bags and clothing, with smoke rising in the background.",,,,,False
5d4be7afcf0b3a0f3f345e48,5d4be7afcf0b3a0f3f345e48.jpg,trash container,72.10457258,Q1,as,bd,Bangladesh,internvl,"[""trash can"", ""garbage can"", ""garbage bin"", ""waste bin"", ""dustbin"", ""dumpster""]",classification,trash container,trash container,,,,True
5d4be7afcf0b3a0f3f345e48,5d4be7afcf0b3a0f3f345e48.jpg,trash container,72.10457258,Q1,as,bd,Bangladesh,internvl,"[""trash can"", ""garbage can"", ""garbage bin"", ""waste bin"", ""dustbin"", ""dumpster""]",captioning,"A weathered, red-handled bucket sits on a rocky surface, partially open and showing signs of wear.",,,,,False
5d4bdf69cf0b3a0f3f337997,5d4bdf69cf0b3a0f3f337997.jpg,trash container,228.0,Q2,af,tz,Tanzania,internvl,"[""trash can"", ""garbage can"", ""garbage bin"", ""waste bin"", ""dustbin"", ""dumpster""]",classification,trash container,trash container,,,,True
5d4bdf69cf0b3a0f3f337997,5d4bdf69cf0b3a0f3f337997.jpg,trash container,228.0,Q2,af,tz,Tanzania,internvl,"[""trash can"", ""garbage can"", ""garbage bin"", ""waste bin"", ""dustbin"", ""dumpster""]",captioning,A white plastic basket is placed on top of a red crate filled with bottles.,,,,,False
5ec4fb83f0611d7ddd7428c0,5ec4fb83f0611d7ddd7428c0.jpg,trash container,261.0,Q2,am,co,Colombia,internvl,"[""trash can"", ""garbage can"", ""garbage bin"", ""waste bin"", ""dustbin"", ""dumpster""]",classification,trash container,trash container,,,,True
5ec4fb83f0611d7ddd7428c0,5ec4fb83f0611d7ddd7428c0.jpg,trash container,261.0,Q2,am,co,Colombia,internvl,"[""trash can"", ""garbage can"", ""garbage bin"", ""waste bin"", ""dustbin"", ""dumpster""]",captioning,A black plastic bag is placed against a brick wall.,,,,,False
5d4becffcf0b3a0f3f34ed6c,5d4becffcf0b3a0f3f34ed6c.jpg,trash container,265.5253567,Q2,as,vn,Vietnam,internvl,"[""trash can"", ""garbage can"", ""garbage bin"", ""waste bin"", ""dustbin"", ""dumpster""]",classification,trash container,trash container,,,,True
5d4becffcf0b3a0f3f34ed6c,5d4becffcf0b3a0f3f34ed6c.jpg,trash container,265.5253567,Q2,as,vn,Vietnam,internvl,"[""trash can"", ""garbage can"", ""garbage bin"", ""waste bin"", ""dustbin"", ""dumpster""]",captioning,A green plastic basket filled with plastic waste is placed on a wet floor near a doorway.,,,,,False
5d4bee51cf0b3a0f3f3512b8,5d4bee51cf0b3a0f3f3512b8.jpg,trash container,460.0,Q2,af,rw,Rwanda,internvl,"[""trash can"", ""garbage can"", ""garbage bin"", ""waste bin"", ""dustbin"", ""dumpster""]",classification,trash container,trash container,,,,True
5d4bee51cf0b3a0f3f3512b8,5d4bee51cf0b3a0f3f3512b8.jpg,trash container,460.0,Q2,af,rw,Rwanda,internvl,"[""trash can"", ""garbage can"", ""garbage bin"", ""waste bin"", ""dustbin"", ""dumpster""]",captioning,A muddy hole in the ground surrounded by green plants and debris.,,,,,False
5d4bf3e7cf0b3a0f3f35abe2,5d4bf3e7cf0b3a0f3f35abe2.jpg,trash container,264.9009279,Q2,am,bo,Bolivia,internvl,"[""trash can"", ""garbage can"", ""garbage bin"", ""waste bin"", ""dustbin"", ""dumpster""]",classification,trash container,trash container,,,,True
5d4bf3e7cf0b3a0f3f35abe2,5d4bf3e7cf0b3a0f3f35abe2.jpg,trash container,264.9009279,Q2,am,bo,Bolivia,internvl,"[""trash can"", ""garbage can"", ""garbage bin"", ""waste bin"", ""dustbin"", ""dumpster""]",captioning,The main household object in this image is a pile of dry grass and rocks with scattered litter.,,,,,False
5d4be76ecf0b3a0f3f3456d4,5d4be76ecf0b3a0f3f3456d4.jpg,trash container,308.0,Q2,as,id,Indonesia,internvl,"[""trash can"", ""garbage can"", ""garbage bin"", ""waste bin"", ""dustbin"", ""dumpster""]",classification,trash container,trash container,,,,True
5d4be76ecf0b3a0f3f3456d4,5d4be76ecf0b3a0f3f3456d4.jpg,trash container,308.0,Q2,as,id,Indonesia,internvl,"[""trash can"", ""garbage can"", ""garbage bin"", ""waste bin"", ""dustbin"", ""dumpster""]",captioning,A large plastic bag filled with various items is placed against a wall in a dimly lit room.,,,,,False
5d4bf191cf0b3a0f3f356bb4,5d4bf191cf0b3a0f3f356bb4.jpg,trash container,245.2917235,Q2,as,in,India,internvl,"[""trash can"", ""garbage can"", ""garbage bin"", ""waste bin"", ""dustbin"", ""dumpster""]",classification,trash container,trash container,,,,True
5d4bf191cf0b3a0f3f356bb4,5d4bf191cf0b3a0f3f356bb4.jpg,trash container,245.2917235,Q2,as,in,India,internvl,"[""trash can"", ""garbage can"", ""garbage bin"", ""waste bin"", ""dustbin"", ""dumpster""]",captioning,A dog is eating food from a green leaf spread on the ground.,,,,,False
5ec4f9e1f0611d7ddd741b27,5ec4f9e1f0611d7ddd741b27.JPG,trash container,719.0,Q3,af,et,Ethiopia,internvl,"[""trash can"", ""garbage can"", ""garbage bin"", ""waste bin"", ""dustbin"", ""dumpster""]",classification,trash container,trash container,,,,True
5ec4f9e1f0611d7ddd741b27,5ec4f9e1f0611d7ddd741b27.JPG,trash container,719.0,Q3,af,et,Ethiopia,internvl,"[""trash can"", ""garbage can"", ""garbage bin"", ""waste bin"", ""dustbin"", ""dumpster""]",captioning,A large sack is placed against a weathered green wall next to a woven bamboo structure.,,,,,False
5d4bef87cf0b3a0f3f3536b6,5d4bef87cf0b3a0f3f3536b6.jpg,trash container,1080.0,Q3,am,mx,Mexico,internvl,"[""trash can"", ""garbage can"", ""garbage bin"", ""waste bin"", ""dustbin"", ""dumpster""]",classification,trash container,trash container,,,,True
5d4bef87cf0b3a0f3f3536b6,5d4bef87cf0b3a0f3f3536b6.jpg,trash container,1080.0,Q3,am,mx,Mexico,internvl,"[""trash can"", ""garbage can"", ""garbage bin"", ""waste bin"", ""dustbin"", ""dumpster""]",captioning,"A green plastic bin filled with various items, including a white lid and a red object, is placed on a tiled floor against a white wall.",,,,,False
5d4bdfefcf0b3a0f3f33871e,5d4bdfefcf0b3a0f3f33871e.jpg,trash container,1308.0,Q3,as,pk,Pakistan,internvl,"[""trash can"", ""garbage can"", ""garbage bin"", ""waste bin"", ""dustbin"", ""dumpster""]",classification,trash container,trash container,,,,True
5d4bdfefcf0b3a0f3f33871e,5d4bdfefcf0b3a0f3f33871e.jpg,trash container,1308.0,Q3,as,pk,Pakistan,internvl,"[""trash can"", ""garbage can"", ""garbage bin"", ""waste bin"", ""dustbin"", ""dumpster""]",captioning,A crumpled white plastic bag is placed inside a metal trash can.,,,,,True
5d4bdf79cf0b3a0f3f337b57,5d4bdf79cf0b3a0f3f337b57.jpg,trash container,1193.0,Q3,eu,rs,Serbia,internvl,"[""trash can"", ""garbage can"", ""garbage bin"", ""waste bin"", ""dustbin"", ""dumpster""]",classification,trash container,trash container,,,,True
5d4bdf79cf0b3a0f3f337b57,5d4bdf79cf0b3a0f3f337b57.jpg,trash container,1193.0,Q3,eu,rs,Serbia,internvl,"[""trash can"", ""garbage can"", ""garbage bin"", ""waste bin"", ""dustbin"", ""dumpster""]",captioning,"A trash bin filled with various discarded items, including a green bag of food and plastic bags.",,,,,False
5d4bf40ecf0b3a0f3f35afd2,5d4bf40ecf0b3a0f3f35afd2.jpg,trash container,780.9956673,Q3,as,cn,China,internvl,"[""trash can"", ""garbage can"", ""garbage bin"", ""waste bin"", ""dustbin"", ""dumpster""]",classification,trash container,trash container,,,,True
5d4bf40ecf0b3a0f3f35afd2,5d4bf40ecf0b3a0f3f35afd2.jpg,trash container,780.9956673,Q3,as,cn,China,internvl,"[""trash can"", ""garbage can"", ""garbage bin"", ""waste bin"", ""dustbin"", ""dumpster""]",captioning,A plastic trash bag is placed on a wet floor next to a chair and a tiled wall.,,,,,False
5d4be956cf0b3a0f3f3486e4,5d4be956cf0b3a0f3f3486e4.jpg,trash container,694.0,Q3,eu,ua,Ukraine,internvl,"[""trash can"", ""garbage can"", ""garbage bin"", ""waste bin"", ""dustbin"", ""dumpster""]",classification,trash container,trash container,,,,True
5d4be956cf0b3a0f3f3486e4,5d4be956cf0b3a0f3f3486e4.jpg,trash container,694.0,Q3,eu,ua,Ukraine,internvl,"[""trash can"", ""garbage can"", ""garbage bin"", ""waste bin"", ""dustbin"", ""dumpster""]",captioning,Three garbage bins are lined up on a street.,,,,,False
5d4bf18bcf0b3a0f3f356b06,5d4bf18bcf0b3a0f3f356b06.jpg,trash container,724.0,Q3,as,in,India,internvl,"[""trash can"", ""garbage can"", ""garbage bin"", ""waste bin"", ""dustbin"", ""dumpster""]",classification,trash container,trash container,,,,True
5d4bf18bcf0b3a0f3f356b06,5d4bf18bcf0b3a0f3f356b06.jpg,trash container,724.0,Q3,as,in,India,internvl,"[""trash can"", ""garbage can"", ""garbage bin"", ""waste bin"", ""dustbin"", ""dumpster""]",captioning,"A dirty plastic trash bag with a piece of food inside, placed in a tiled room.",,,,,False
5ec4fa3cf0611d7ddd741e2c,5ec4fa3cf0611d7ddd741e2c.JPG,trash container,6316.0,Q4,af,et,Ethiopia,internvl,"[""trash can"", ""garbage can"", ""garbage bin"", ""waste bin"", ""dustbin"", ""dumpster""]",classification,trash container,trash container,,,,True
5ec4fa3cf0611d7ddd741e2c,5ec4fa3cf0611d7ddd741e2c.JPG,trash container,6316.0,Q4,af,et,Ethiopia,internvl,"[""trash can"", ""garbage can"", ""garbage bin"", ""waste bin"", ""dustbin"", ""dumpster""]",captioning,A blue trash bin with a white and purple lid is placed on a tiled floor against a marble-patterned wall.,,,,,False
5ec4f845f0611d7ddd740d5c,5ec4f845f0611d7ddd740d5c.JPG,trash container,5125.0,Q4,am,us,United States,internvl,"[""trash can"", ""garbage can"", ""garbage bin"", ""waste bin"", ""dustbin"", ""dumpster""]",classification,trash container,trash container,,,,True
5ec4f845f0611d7ddd740d5c,5ec4f845f0611d7ddd740d5c.JPG,trash container,5125.0,Q4,am,us,United States,internvl,"[""trash can"", ""garbage can"", ""garbage bin"", ""waste bin"", ""dustbin"", ""dumpster""]",captioning,A stainless steel refrigerator is placed next to a wooden bed frame on a wooden floor.,,,,,False
5d4be134cf0b3a0f3f33aa59,5d4be134cf0b3a0f3f33aa59.jpg,trash container,4621.0,Q4,as,in,India,internvl,"[""trash can"", ""garbage can"", ""garbage bin"", ""waste bin"", ""dustbin"", ""dumpster""]",classification,trash container,trash container,,,,True
5d4be134cf0b3a0f3f33aa59,5d4be134cf0b3a0f3f33aa59.jpg,trash container,4621.0,Q4,as,in,India,internvl,"[""trash can"", ""garbage can"", ""garbage bin"", ""waste bin"", ""dustbin"", ""dumpster""]",captioning,"A metal trash bin filled with discarded items, including a banana peel, is placed on a tiled floor against a green wall.",,,,,False
5d4be8dccf0b3a0f3f3478b6,5d4be8dccf0b3a0f3f3478b6.jpg,trash container,3363.3971,Q4,eu,ua,Ukraine,internvl,"[""trash can"", ""garbage can"", ""garbage bin"", ""waste bin"", ""dustbin"", ""dumpster""]",classification,trash container,trash container,,,,True
5d4be8dccf0b3a0f3f3478b6,5d4be8dccf0b3a0f3f3478b6.jpg,trash container,3363.3971,Q4,eu,ua,Ukraine,internvl,"[""trash can"", ""garbage can"", ""garbage bin"", ""waste bin"", ""dustbin"", ""dumpster""]",captioning,"A blue plastic trash bin filled with various discarded items, including a box of alphabet letters, a banana peel, and a white container.",,,,,False
5d4befa5cf0b3a0f3f353924,5d4befa5cf0b3a0f3f353924.jpg,trash container,6342.0,Q4,am,mx,Mexico,internvl,"[""trash can"", ""garbage can"", ""garbage bin"", ""waste bin"", ""dustbin"", ""dumpster""]",classification,trash container,trash container,,,,True
5d4befa5cf0b3a0f3f353924,5d4befa5cf0b3a0f3f353924.jpg,trash container,6342.0,Q4,am,mx,Mexico,internvl,"[""trash can"", ""garbage can"", ""garbage bin"", ""waste bin"", ""dustbin"", ""dumpster""]",captioning,"A black trash bin with a white plastic bag inside, placed on a tiled floor next to a door and a wall.",,,,,False
5d4be0becf0b3a0f3f339caf,5d4be0becf0b3a0f3f339caf.jpg,trash container,2340.0,Q4,as,in,India,internvl,"[""trash can"", ""garbage can"", ""garbage bin"", ""waste bin"", ""dustbin"", ""dumpster""]",classification,trash container,trash container,,,,True
5d4be0becf0b3a0f3f339caf,5d4be0becf0b3a0f3f339caf.jpg,trash container,2340.0,Q4,as,in,India,internvl,"[""trash can"", ""garbage can"", ""garbage bin"", ""waste bin"", ""dustbin"", ""dumpster""]",captioning,"A beige plastic trash bin with an open lid, containing various discarded items including a plastic bag and a can.",,,,,False
5ec4f5c4f4a4fb7dc03879d4,5ec4f5c4f4a4fb7dc03879d4.jpg,trash container,2642.0,Q4,eu,ru,Russia,internvl,"[""trash can"", ""garbage can"", ""garbage bin"", ""waste bin"", ""dustbin"", ""dumpster""]",classification,trash container,trash container,,,,True
5ec4f5c4f4a4fb7dc03879d4,5ec4f5c4f4a4fb7dc03879d4.jpg,trash container,2642.0,Q4,eu,ru,Russia,internvl,"[""trash can"", ""garbage can"", ""garbage bin"", ""waste bin"", ""dustbin"", ""dumpster""]",captioning,"A yellow trash bin filled with various items, including a plastic bag with a ""Wing"" label, is placed under a kitchen counter.",,,,,False
5d4bed80cf0b3a0f3f34fbb2,5d4bed80cf0b3a0f3f34fbb2.jpg,switch,116.4314704,Q1,af,tn,Tunisia,internvl,"[""switch"", ""light switch"", ""power switch""]",classification,switch,switch,,,,True
5d4bed80cf0b3a0f3f34fbb2,5d4bed80cf0b3a0f3f34fbb2.jpg,switch,116.4314704,Q1,af,tn,Tunisia,internvl,"[""switch"", ""light switch"", ""power switch""]",captioning,A white electrical outlet with a black cover is mounted on a light-colored wall.,,,,,False
5d4bf260cf0b3a0f3f3582cc,5d4bf260cf0b3a0f3f3582cc.jpg,switch,144.688254,Q1,am,co,Colombia,internvl,"[""switch"", ""light switch"", ""power switch""]",classification,light source,light source,,,,False
5d4bf260cf0b3a0f3f3582cc,5d4bf260cf0b3a0f3f3582cc.jpg,switch,144.688254,Q1,am,co,Colombia,internvl,"[""switch"", ""light switch"", ""power switch""]",captioning,A plastic bottle with a white electrical plug attached to it.,,,,,False
5d4beab2cf0b3a0f3f34aea4,5d4beab2cf0b3a0f3f34aea4.jpg,switch,170.0,Q1,as,in,India,internvl,"[""switch"", ""light switch"", ""power switch""]",classification,switch,switch,,,,True
5d4beab2cf0b3a0f3f34aea4,5d4beab2cf0b3a0f3f34aea4.jpg,switch,170.0,Q1,as,in,India,internvl,"[""switch"", ""light switch"", ""power switch""]",captioning,A light switch panel with a red indicator light.,,,,,True
5d4bec7acf0b3a0f3f34dfca,5d4bec7acf0b3a0f3f34dfca.jpg,switch,124.9655714,Q1,as,bd,Bangladesh,internvl,"[""switch"", ""light switch"", ""power switch""]",classification,switch,switch,,,,True
5d4bec7acf0b3a0f3f34dfca,5d4bec7acf0b3a0f3f34dfca.jpg,switch,124.9655714,Q1,as,bd,Bangladesh,internvl,"[""switch"", ""light switch"", ""power switch""]",captioning,A light switch with multiple switches is mounted on a metal surface.,,,,,True
5d4bf151cf0b3a0f3f356556,5d4bf151cf0b3a0f3f356556.jpg,switch,209.7449238,Q1,as,id,Indonesia,internvl,"[""switch"", ""light switch"", ""power switch""]",classification,switch,switch,,,,True
5d4bf151cf0b3a0f3f356556,5d4bf151cf0b3a0f3f356556.jpg,switch,209.7449238,Q1,as,id,Indonesia,internvl,"[""switch"", ""light switch"", ""power switch""]",captioning,"A weathered light switch mounted on a rough, textured wall.",,,,,True
5d4beecccf0b3a0f3f3520d2,5d4beecccf0b3a0f3f3520d2.jpg,switch,193.8785291,Q1,as,ph,Philippines,internvl,"[""switch"", ""light switch"", ""power switch""]",classification,switch,switch,,,,True
5d4beecccf0b3a0f3f3520d2,5d4beecccf0b3a0f3f3520d2.jpg,switch,193.8785291,Q1,as,ph,Philippines,internvl,"[""switch"", ""light switch"", ""power switch""]",captioning,"A weathered light switch with the brand ""ANAM"" and specifications ""36A 250V"" is mounted on a wooden surface.",,,,,True
5ec4f81af0611d7ddd740be2,5ec4f81af0611d7ddd740be2.jpg,switch,172.0,Q1,as,np,Nepal,internvl,"[""switch"", ""light switch"", ""power switch""]",classification,switch,switch,,,,True
5ec4f81af0611d7ddd740be2,5ec4f81af0611d7ddd740be2.jpg,switch,172.0,Q1,as,np,Nepal,internvl,"[""switch"", ""light switch"", ""power switch""]",captioning,A hand is turning on a light switch attached to a wall.,,,,,True
5ec4f989f0611d7ddd74182b,5ec4f989f0611d7ddd74182b.jpg,switch,391.0,Q2,af,cm,Cameroon,internvl,"[""switch"", ""light switch"", ""power switch""]",classification,switch,switch,,,,True
5ec4f989f0611d7ddd74182b,5ec4f989f0611d7ddd74182b.jpg,switch,391.0,Q2,af,cm,Cameroon,internvl,"[""switch"", ""light switch"", ""power switch""]",captioning,"A weathered, square-shaped light switch plate on a textured wall.",,,,,True
5ec4fb68f0611d7ddd7427d4,5ec4fb68f0611d7ddd7427d4.jpg,switch,409.0,Q2,am,co,Colombia,internvl,"[""switch"", ""light switch"", ""power switch""]",classification,switch,switch,,,,True
5ec4fb68f0611d7ddd7427d4,5ec4fb68f0611d7ddd7427d4.jpg,switch,409.0,Q2,am,co,Colombia,internvl,"[""switch"", ""light switch"", ""power switch""]",captioning,A white light switch mounted on a wall above a marble base.,,,,,True
5d4bf185cf0b3a0f3f356a5e,5d4bf185cf0b3a0f3f356a5e.jpg,switch,465.5026805,Q2,as,in,India,internvl,"[""switch"", ""light switch"", ""power switch""]",classification,switch,switch,,,,True
5d4bf185cf0b3a0f3f356a5e,5d4bf185cf0b3a0f3f356a5e.jpg,switch,465.5026805,Q2,as,in,India,internvl,"[""switch"", ""light switch"", ""power switch""]",captioning,A wall-mounted electrical panel with switches and a digital display.,,,,,False
5d4be3ffcf0b3a0f3f33f4fa,5d4be3ffcf0b3a0f3f33f4fa.jpg,switch,227.0,Q2,af,cm,Cameroon,internvl,"[""switch"", ""light switch"", ""power switch""]",classification,switch,switch,,,,True
5d4be3ffcf0b3a0f3f33f4fa,5d4be3ffcf0b3a0f3f33f4fa.jpg,switch,227.0,Q2,af,cm,Cameroon,internvl,"[""switch"", ""light switch"", ""power switch""]",captioning,A white electrical outlet is mounted on a white wooden surface.,,,,,False
5d4bdf17cf0b3a0f3f337195,5d4bdf17cf0b3a0f3f337195.JPG,switch,234.0,Q2,as,id,Indonesia,internvl,"[""switch"", ""light switch"", ""power switch""]",classification,switch,switch,,,,True
5d4bdf17cf0b3a0f3f337195,5d4bdf17cf0b3a0f3f337195.JPG,switch,234.0,Q2,as,id,Indonesia,internvl,"[""switch"", ""light switch"", ""power switch""]",captioning,A white light switch is mounted on a wall with peeling paint.,,,,,True
5d4bf168cf0b3a0f3f356784,5d4bf168cf0b3a0f3f356784.jpg,switch,399.0,Q2,as,id,Indonesia,internvl,"[""switch"", ""light switch"", ""power switch""]",classification,switch,switch,,,,True
5d4bf168cf0b3a0f3f356784,5d4bf168cf0b3a0f3f356784.jpg,switch,399.0,Q2,as,id,Indonesia,internvl,"[""switch"", ""light switch"", ""power switch""]",captioning,A power adapter with a smiley face is plugged into a wall socket.,,,,,False
5f8c634fe894f07b8477dfbe,5f8c634fe894f07b8477dfbe.jpg,switch,304.0,Q2,as,pk,Pakistan,internvl,"[""switch"", ""light switch"", ""power switch""]",classification,switch,switch,,,,True
5f8c634fe894f07b8477dfbe,5f8c634fe894f07b8477dfbe.jpg,switch,304.0,Q2,as,pk,Pakistan,internvl,"[""switch"", ""light switch"", ""power switch""]",captioning,A light switch panel with a bulb and a hairdryer plugged in.,,,,,True
5d4bef89cf0b3a0f3f3536f2,5d4bef89cf0b3a0f3f3536f2.jpg,switch,1080.0,Q3,am,mx,Mexico,internvl,"[""switch"", ""light switch"", ""power switch""]",classification,switch,switch,,,,True
5d4bef89cf0b3a0f3f3536f2,5d4bef89cf0b3a0f3f3536f2.jpg,switch,1080.0,Q3,am,mx,Mexico,internvl,"[""switch"", ""light switch"", ""power switch""]",captioning,A white light switch with two buttons on a wall.,,,,,True
5d4bf28fcf0b3a0f3f358788,5d4bf28fcf0b3a0f3f358788.jpg,switch,694.218371,Q3,as,cn,China,internvl,"[""switch"", ""light switch"", ""power switch""]",classification,switch,switch,,,,True
5d4bf28fcf0b3a0f3f358788,5d4bf28fcf0b3a0f3f358788.jpg,switch,694.218371,Q3,as,cn,China,internvl,"[""switch"", ""light switch"", ""power switch""]",captioning,A weathered light switch on a white wall with a blue sign below it.,,,,,True
5d4be02ecf0b3a0f3f338c56,5d4be02ecf0b3a0f3f338c56.JPG,switch,1260.0,Q3,eu,nl,Netherlands,internvl,"[""switch"", ""light switch"", ""power switch""]",classification,stove,stove,,,,False
5d4be02ecf0b3a0f3f338c56,5d4be02ecf0b3a0f3f338c56.JPG,switch,1260.0,Q3,eu,nl,Netherlands,internvl,"[""switch"", ""light switch"", ""power switch""]",captioning,A kitchen countertop with two black circular burners.,,,,,False
5fa325b3a4fd6154365dfcd4,5fa325b3a4fd6154365dfcd4.jpeg,switch,1025.0,Q3,am,co,Colombia,internvl,"[""switch"", ""light switch"", ""power switch""]",classification,switch,switch,,,,True
5fa325b3a4fd6154365dfcd4,5fa325b3a4fd6154365dfcd4.jpeg,switch,1025.0,Q3,am,co,Colombia,internvl,"[""switch"", ""light switch"", ""power switch""]",captioning,A light switch and a two-pronged electrical outlet on a tiled wall.,,,,,True
5d4be2ffcf0b3a0f3f33d901,5d4be2ffcf0b3a0f3f33d901.jpg,switch,1125.0,Q3,as,in,India,internvl,"[""switch"", ""light switch"", ""power switch""]",classification,switch,switch,,,,True
5d4be2ffcf0b3a0f3f33d901,5d4be2ffcf0b3a0f3f33d901.jpg,switch,1125.0,Q3,as,in,India,internvl,"[""switch"", ""light switch"", ""power switch""]",captioning,"The image shows an old, worn-out electrical outlet on an orange wall.",,,,,False
5d4be034cf0b3a0f3f338d08,5d4be034cf0b3a0f3f338d08.JPG,switch,1816.0,Q3,eu,nl,Netherlands,internvl,"[""switch"", ""light switch"", ""power switch""]",classification,switch,switch,,,,True
5d4be034cf0b3a0f3f338d08,5d4be034cf0b3a0f3f338d08.JPG,switch,1816.0,Q3,eu,nl,Netherlands,internvl,"[""switch"", ""light switch"", ""power switch""]",captioning,A white light switch mounted on a textured wall.,,,,,True
5ec4f86df0611d7ddd740eb5,5ec4f86df0611d7ddd740eb5.jpg,switch,1706.0,Q3,as,ir,Iran,internvl,"[""switch"", ""light switch"", ""power switch""]",classification,switch,switch,,,,True
5ec4f86df0611d7ddd740eb5,5ec4f86df0611d7ddd740eb5.jpg,switch,1706.0,Q3,as,ir,Iran,internvl,"[""switch"", ""light switch"", ""power switch""]",captioning,The image shows a light switch on a ceiling.,,,,,True
5d4be014cf0b3a0f3f338aa4,5d4be014cf0b3a0f3f338aa4.JPG,switch,3750.0,Q4,af,ng,Nigeria,internvl,"[""switch"", ""light switch"", ""power switch""]",classification,switch,switch,,,,True
5d4be014cf0b3a0f3f338aa4,5d4be014cf0b3a0f3f338aa4.JPG,switch,3750.0,Q4,af,ng,Nigeria,internvl,"[""switch"", ""light switch"", ""power switch""]",captioning,The image shows a wall-mounted water heater with two light switches.,,,,,False
5ec4f831f0611d7ddd740cab,5ec4f831f0611d7ddd740cab.JPG,switch,3478.0,Q4,am,us,United States,internvl,"[""switch"", ""light switch"", ""power switch""]",classification,switch,switch,,,,True
5ec4f831f0611d7ddd740cab,5ec4f831f0611d7ddd740cab.JPG,switch,3478.0,Q4,am,us,United States,internvl,"[""switch"", ""light switch"", ""power switch""]",captioning,A white light switch mounted on a textured wall.,,,,,True
5d4be977cf0b3a0f3f348ac0,5d4be977cf0b3a0f3f348ac0.jpg,switch,7433.155246,Q4,as,jo,Jordan,internvl,"[""switch"", ""light switch"", ""power switch""]",classification,switch,switch,,,,True
5d4be977cf0b3a0f3f348ac0,5d4be977cf0b3a0f3f348ac0.jpg,switch,7433.155246,Q4,as,jo,Jordan,internvl,"[""switch"", ""light switch"", ""power switch""]",captioning,Two white light switches on a wall.,,,,,False
5ec4fa5ff0611d7ddd741f24,5ec4fa5ff0611d7ddd741f24.jpg,switch,2900.0,Q4,eu,cz,Czech Republic,internvl,"[""switch"", ""light switch"", ""power switch""]",classification,switch,switch,,,,True
5ec4fa5ff0611d7ddd741f24,5ec4fa5ff0611d7ddd741f24.jpg,switch,2900.0,Q4,eu,cz,Czech Republic,internvl,"[""switch"", ""light switch"", ""power switch""]",captioning,A white wall with a light switch.,,,,,True
5ec4f60af4a4fb7dc0387c46,5ec4f60af4a4fb7dc0387c46.JPG,switch,6030.0,Q4,am,co,Colombia,internvl,"[""switch"", ""light switch"", ""power switch""]",classification,switch,switch,,,,True
5ec4f60af4a4fb7dc0387c46,5ec4f60af4a4fb7dc0387c46.JPG,switch,6030.0,Q4,am,co,Colombia,internvl,"[""switch"", ""light switch"", ""power switch""]",captioning,A hand is pressing a light switch on a tiled wall.,,,,,True
5d4bef60cf0b3a0f3f353222,5d4bef60cf0b3a0f3f353222.jpg,switch,3829.191091,Q4,as,np,Nepal,internvl,"[""switch"", ""light switch"", ""power switch""]",classification,switch,switch,,,,True
5d4bef60cf0b3a0f3f353222,5d4bef60cf0b3a0f3f353222.jpg,switch,3829.191091,Q4,as,np,Nepal,internvl,"[""switch"", ""light switch"", ""power switch""]",captioning,A light switch with a damaged socket and four indicator lights.,,,,,True
5ec4f919f0611d7ddd741478,5ec4f919f0611d7ddd741478.jpg,switch,4256.0,Q4,eu,es,Spain,internvl,"[""switch"", ""light switch"", ""power switch""]",classification,switch,switch,,,,True
5ec4f919f0611d7ddd741478,5ec4f919f0611d7ddd741478.jpg,switch,4256.0,Q4,eu,es,Spain,internvl,"[""switch"", ""light switch"", ""power switch""]",captioning,A light switch on a tiled wall.,,,,,True
5d4bf08acf0b3a0f3f355178,5d4bf08acf0b3a0f3f355178.jpg,footwear,60.75268981,Q1,af,ci,Cote d'Ivoire,internvl,"[""shoe"", ""shoes"", ""sandal"", ""sandals"", ""slipper"", ""slippers"", ""sneaker"", ""sneakers"", ""boot"", ""boots"", ""footwear""]",classification,footwear,footwear,,,,True
5d4bf08acf0b3a0f3f355178,5d4bf08acf0b3a0f3f355178.jpg,footwear,60.75268981,Q1,af,ci,Cote d'Ivoire,internvl,"[""shoe"", ""shoes"", ""sandal"", ""sandals"", ""slipper"", ""slippers"", ""sneaker"", ""sneakers"", ""boot"", ""boots"", ""footwear""]",captioning,A pair of worn-out black and white sandals placed on a dirt surface.,,,,,True
5d4bf24dcf0b3a0f3f3580a2,5d4bf24dcf0b3a0f3f3580a2.jpg,footwear,143.0,Q1,am,co,Colombia,internvl,"[""shoe"", ""shoes"", ""sandal"", ""sandals"", ""slipper"", ""slippers"", ""sneaker"", ""sneakers"", ""boot"", ""boots"", ""footwear""]",classification,footwear,footwear,,,,True
5d4bf24dcf0b3a0f3f3580a2,5d4bf24dcf0b3a0f3f3580a2.jpg,footwear,143.0,Q1,am,co,Colombia,internvl,"[""shoe"", ""shoes"", ""sandal"", ""sandals"", ""slipper"", ""slippers"", ""sneaker"", ""sneakers"", ""boot"", ""boots"", ""footwear""]",captioning,"A pair of worn-out, black rubber boots lying on a dirt floor.",,,,,True
5d4be78acf0b3a0f3f345a14,5d4be78acf0b3a0f3f345a14.jpg,footwear,131.3989924,Q1,as,id,Indonesia,internvl,"[""shoe"", ""shoes"", ""sandal"", ""sandals"", ""slipper"", ""slippers"", ""sneaker"", ""sneakers"", ""boot"", ""boots"", ""footwear""]",classification,footwear,footwear,,,,True
5d4be78acf0b3a0f3f345a14,5d4be78acf0b3a0f3f345a14.jpg,footwear,131.3989924,Q1,as,id,Indonesia,internvl,"[""shoe"", ""shoes"", ""sandal"", ""sandals"", ""slipper"", ""slippers"", ""sneaker"", ""sneakers"", ""boot"", ""boots"", ""footwear""]",captioning,A pair of worn red flip-flops is placed on a concrete surface.,,,,,False
5d4becb3cf0b3a0f3f34e59a,5d4becb3cf0b3a0f3f34e59a.jpg,footwear,73.16914591,Q1,af,zw,Zimbabwe,internvl,"[""shoe"", ""shoes"", ""sandal"", ""sandals"", ""slipper"", ""slippers"", ""sneaker"", ""sneakers"", ""boot"", ""boots"", ""footwear""]",classification,footwear,footwear,,,,True
5d4becb3cf0b3a0f3f34e59a,5d4becb3cf0b3a0f3f34e59a.jpg,footwear,73.16914591,Q1,af,zw,Zimbabwe,internvl,"[""shoe"", ""shoes"", ""sandal"", ""sandals"", ""slipper"", ""slippers"", ""sneaker"", ""sneakers"", ""boot"", ""boots"", ""footwear""]",captioning,A pair of pink flip-flops is placed on a dirt surface.,,,,,False
5d4bf2c2cf0b3a0f3f358d9c,5d4bf2c2cf0b3a0f3f358d9c.jpg,footwear,195.0,Q1,as,kh,Cambodia,internvl,"[""shoe"", ""shoes"", ""sandal"", ""sandals"", ""slipper"", ""slippers"", ""sneaker"", ""sneakers"", ""boot"", ""boots"", ""footwear""]",classification,footwear,footwear,,,,True
5d4bf2c2cf0b3a0f3f358d9c,5d4bf2c2cf0b3a0f3f358d9c.jpg,footwear,195.0,Q1,as,kh,Cambodia,internvl,"[""shoe"", ""shoes"", ""sandal"", ""sandals"", ""slipper"", ""slippers"", ""sneaker"", ""sneakers"", ""boot"", ""boots"", ""footwear""]",captioning,A pair of red crocs and a pair of white and black sandals are placed on a concrete surface.,,,,,True
5d4beee9cf0b3a0f3f352444,5d4beee9cf0b3a0f3f352444.jpg,footwear,67.67970667,Q1,af,ng,Nigeria,internvl,"[""shoe"", ""shoes"", ""sandal"", ""sandals"", ""slipper"", ""slippers"", ""sneaker"", ""sneakers"", ""boot"", ""boots"", ""footwear""]",classification,footwear,footwear,,,,True
5d4beee9cf0b3a0f3f352444,5d4beee9cf0b3a0f3f352444.jpg,footwear,67.67970667,Q1,af,ng,Nigeria,internvl,"[""shoe"", ""shoes"", ""sandal"", ""sandals"", ""slipper"", ""slippers"", ""sneaker"", ""sneakers"", ""boot"", ""boots"", ""footwear""]",captioning,A pair of colorful flip-flops is placed on a rough stone surface.,,,,,False
5d4beebecf0b3a0f3f351f34,5d4beebecf0b3a0f3f351f34.jpg,footwear,97.63936288,Q1,as,ph,Philippines,internvl,"[""shoe"", ""shoes"", ""sandal"", ""sandals"", ""slipper"", ""slippers"", ""sneaker"", ""sneakers"", ""boot"", ""boots"", ""footwear""]",classification,footwear,footwear,,,,True
5d4beebecf0b3a0f3f351f34,5d4beebecf0b3a0f3f351f34.jpg,footwear,97.63936288,Q1,as,ph,Philippines,internvl,"[""shoe"", ""shoes"", ""sandal"", ""sandals"", ""slipper"", ""slippers"", ""sneaker"", ""sneakers"", ""boot"", ""boots"", ""footwear""]",captioning,A pair of worn-out flip-flops with floral designs and red straps are lying on a rocky surface.,,,,,False
5d4bdf26cf0b3a0f3f337341,5d4bdf26cf0b3a0f3f337341.JPG,footwear,670.0,Q2,af,tg,Togo,internvl,"[""shoe"", ""shoes"", ""sandal"", ""sandals"", ""slipper"", ""slippers"", ""sneaker"", ""sneakers"", ""boot"", ""boots"", ""footwear""]",classification,footwear,footwear,,,,True
5d4bdf26cf0b3a0f3f337341,5d4bdf26cf0b3a0f3f337341.JPG,footwear,670.0,Q2,af,tg,Togo,internvl,"[""shoe"", ""shoes"", ""sandal"", ""sandals"", ""slipper"", ""slippers"", ""sneaker"", ""sneakers"", ""boot"", ""boots"", ""footwear""]",captioning,A pair of black sandals worn by someone standing on a concrete step.,,,,,True
5ec4fb80f0611d7ddd7428aa,5ec4fb80f0611d7ddd7428aa.jpg,footwear,261.0,Q2,am,co,Colombia,internvl,"[""shoe"", ""shoes"", ""sandal"", ""sandals"", ""slipper"", ""slippers"", ""sneaker"", ""sneakers"", ""boot"", ""boots"", ""footwear""]",classification,footwear,footwear,,,,True
5ec4fb80f0611d7ddd7428aa,5ec4fb80f0611d7ddd7428aa.jpg,footwear,261.0,Q2,am,co,Colombia,internvl,"[""shoe"", ""shoes"", ""sandal"", ""sandals"", ""slipper"", ""slippers"", ""sneaker"", ""sneakers"", ""boot"", ""boots"", ""footwear""]",captioning,A pair of white Converse slides is placed on a tiled floor.,,,,,False
5d4bf2d6cf0b3a0f3f358fea,5d4bf2d6cf0b3a0f3f358fea.jpg,footwear,463.1308192,Q2,as,kh,Cambodia,internvl,"[""shoe"", ""shoes"", ""sandal"", ""sandals"", ""slipper"", ""slippers"", ""sneaker"", ""sneakers"", ""boot"", ""boots"", ""footwear""]",classification,footwear,footwear,,,,True
5d4bf2d6cf0b3a0f3f358fea,5d4bf2d6cf0b3a0f3f358fea.jpg,footwear,463.1308192,Q2,as,kh,Cambodia,internvl,"[""shoe"", ""shoes"", ""sandal"", ""sandals"", ""slipper"", ""slippers"", ""sneaker"", ""sneakers"", ""boot"", ""boots"", ""footwear""]",captioning,"A pair of worn-out, dark-colored slip-on shoes lying on sandy ground.",,,,,True
5d4bee44cf0b3a0f3f351150,5d4bee44cf0b3a0f3f351150.jpg,footwear,250.7905551,Q2,af,rw,Rwanda,internvl,"[""shoe"", ""shoes"", ""sandal"", ""sandals"", ""slipper"", ""slippers"", ""sneaker"", ""sneakers"", ""boot"", ""boots"", ""footwear""]",classification,footwear,footwear,,,,True
5d4bee44cf0b3a0f3f351150,5d4bee44cf0b3a0f3f351150.jpg,footwear,250.7905551,Q2,af,rw,Rwanda,internvl,"[""shoe"", ""shoes"", ""sandal"", ""sandals"", ""slipper"", ""slippers"", ""sneaker"", ""sneakers"", ""boot"", ""boots"", ""footwear""]",captioning,A pair of blue rubber boots and a pair of black and green sandals are placed on a concrete surface.,,,,,True
5ec4fb67f0611d7ddd7427d0,5ec4fb67f0611d7ddd7427d0.jpg,footwear,409.0,Q2,am,co,Colombia,internvl,"[""shoe"", ""shoes"", ""sandal"", ""sandals"", ""slipper"", ""slippers"", ""sneaker"", ""sneakers"", ""boot"", ""boots"", ""footwear""]",classification,footwear,footwear,,,,True
5ec4fb67f0611d7ddd7427d0,5ec4fb67f0611d7ddd7427d0.jpg,footwear,409.0,Q2,am,co,Colombia,internvl,"[""shoe"", ""shoes"", ""sandal"", ""sandals"", ""slipper"", ""slippers"", ""sneaker"", ""sneakers"", ""boot"", ""boots"", ""footwear""]",captioning,A metal shoe rack filled with various pairs of shoes.,,,,,True
5d4bed15cf0b3a0f3f34ef8a,5d4bed15cf0b3a0f3f34ef8a.jpg,footwear,245.9813854,Q2,as,vn,Vietnam,internvl,"[""shoe"", ""shoes"", ""sandal"", ""sandals"", ""slipper"", ""slippers"", ""sneaker"", ""sneakers"", ""boot"", ""boots"", ""footwear""]",classification,footwear,footwear,,,,True
5d4bed15cf0b3a0f3f34ef8a,5d4bed15cf0b3a0f3f34ef8a.jpg,footwear,245.9813854,Q2,as,vn,Vietnam,internvl,"[""shoe"", ""shoes"", ""sandal"", ""sandals"", ""slipper"", ""slippers"", ""sneaker"", ""sneakers"", ""boot"", ""boots"", ""footwear""]",captioning,A pair of yellow woven sandals is placed on a cracked concrete surface.,,,,,True
5ec4fad3f0611d7ddd7422fa,5ec4fad3f0611d7ddd7422fa.jpg,footwear,375.0,Q2,af,gh,Ghana,internvl,"[""shoe"", ""shoes"", ""sandal"", ""sandals"", ""slipper"", ""slippers"", ""sneaker"", ""sneakers"", ""boot"", ""boots"", ""footwear""]",classification,footwear,footwear,,,,True
5ec4fad3f0611d7ddd7422fa,5ec4fad3f0611d7ddd7422fa.jpg,footwear,375.0,Q2,af,gh,Ghana,internvl,"[""shoe"", ""shoes"", ""sandal"", ""sandals"", ""slipper"", ""slippers"", ""sneaker"", ""sneakers"", ""boot"", ""boots"", ""footwear""]",captioning,A pair of flip-flops worn by someone standing on a sandy surface.,,,,,False
5d4be672cf0b3a0f3f343b09,5d4be672cf0b3a0f3f343b09.jpg,footwear,1050.70879,Q3,af,tz,Tanzania,internvl,"[""shoe"", ""shoes"", ""sandal"", ""sandals"", ""slipper"", ""slippers"", ""sneaker"", ""sneakers"", ""boot"", ""boots"", ""footwear""]",classification,footwear,footwear,,,,True
5d4be672cf0b3a0f3f343b09,5d4be672cf0b3a0f3f343b09.jpg,footwear,1050.70879,Q3,af,tz,Tanzania,internvl,"[""shoe"", ""shoes"", ""sandal"", ""sandals"", ""slipper"", ""slippers"", ""sneaker"", ""sneakers"", ""boot"", ""boots"", ""footwear""]",captioning,A pair of worn white sneakers is placed on a tiled floor.,,,,,True
5d4be09ccf0b3a0f3f3398bb,5d4be09ccf0b3a0f3f3398bb.JPG,footwear,1034.0,Q3,am,br,Brazil,internvl,"[""shoe"", ""shoes"", ""sandal"", ""sandals"", ""slipper"", ""slippers"", ""sneaker"", ""sneakers"", ""boot"", ""boots"", ""footwear""]",classification,footwear,footwear,,,,True
5d4be09ccf0b3a0f3f3398bb,5d4be09ccf0b3a0f3f3398bb.JPG,footwear,1034.0,Q3,am,br,Brazil,internvl,"[""shoe"", ""shoes"", ""sandal"", ""sandals"", ""slipper"", ""slippers"", ""sneaker"", ""sneakers"", ""boot"", ""boots"", ""footwear""]",captioning,A set of black flip-flops is placed on a green and white striped towel.,,,,,False
5edfe79012a022abbc87ea5a,5edfe79012a022abbc87ea5a.jpg,footwear,1091.0,Q3,as,np,Nepal,internvl,"[""shoe"", ""shoes"", ""sandal"", ""sandals"", ""slipper"", ""slippers"", ""sneaker"", ""sneakers"", ""boot"", ""boots"", ""footwear""]",classification,footwear,footwear,,,,True
5edfe79012a022abbc87ea5a,5edfe79012a022abbc87ea5a.jpg,footwear,1091.0,Q3,as,np,Nepal,internvl,"[""shoe"", ""shoes"", ""sandal"", ""sandals"", ""slipper"", ""slippers"", ""sneaker"", ""sneakers"", ""boot"", ""boots"", ""footwear""]",captioning,A person is holding a broom made of straw.,,,,,False
5d4be092cf0b3a0f3f3397a5,5d4be092cf0b3a0f3f3397a5.JPG,footwear,1728.0,Q3,eu,nl,Netherlands,internvl,"[""shoe"", ""shoes"", ""sandal"", ""sandals"", ""slipper"", ""slippers"", ""sneaker"", ""sneakers"", ""boot"", ""boots"", ""footwear""]",classification,footwear,footwear,,,,True
5d4be092cf0b3a0f3f3397a5,5d4be092cf0b3a0f3f3397a5.JPG,footwear,1728.0,Q3,eu,nl,Netherlands,internvl,"[""shoe"", ""shoes"", ""sandal"", ""sandals"", ""slipper"", ""slippers"", ""sneaker"", ""sneakers"", ""boot"", ""boots"", ""footwear""]",captioning,A pair of light gray sneakers with white laces and three stripes on the side.,,,,,True
5ec4fb75f0611d7ddd74284a,5ec4fb75f0611d7ddd74284a.jpg,footwear,1394.0,Q3,am,co,Colombia,internvl,"[""shoe"", ""shoes"", ""sandal"", ""sandals"", ""slipper"", ""slippers"", ""sneaker"", ""sneakers"", ""boot"", ""boots"", ""footwear""]",classification,footwear,footwear,,,,True
5ec4fb75f0611d7ddd74284a,5ec4fb75f0611d7ddd74284a.jpg,footwear,1394.0,Q3,am,co,Colombia,internvl,"[""shoe"", ""shoes"", ""sandal"", ""sandals"", ""slipper"", ""slippers"", ""sneaker"", ""sneakers"", ""boot"", ""boots"", ""footwear""]",captioning,A pair of blue Crocs adorned with various colorful cartoon and character pins.,,,,,False
5d4bf296cf0b3a0f3f35885a,5d4bf296cf0b3a0f3f35885a.jpg,footwear,730.281663,Q3,as,cn,China,internvl,"[""shoe"", ""shoes"", ""sandal"", ""sandals"", ""slipper"", ""slippers"", ""sneaker"", ""sneakers"", ""boot"", ""boots"", ""footwear""]",classification,footwear,footwear,,,,True
5d4bf296cf0b3a0f3f35885a,5d4bf296cf0b3a0f3f35885a.jpg,footwear,730.281663,Q3,as,cn,China,internvl,"[""shoe"", ""shoes"", ""sandal"", ""sandals"", ""slipper"", ""slippers"", ""sneaker"", ""sneakers"", ""boot"", ""boots"", ""footwear""]",captioning,A metal shoe rack is filled with various pairs of shoes.,,,,,True
5d4bef4dcf0b3a0f3f352ff2,5d4bef4dcf0b3a0f3f352ff2.jpg,footwear,1747.0,Q3,as,np,Nepal,internvl,"[""shoe"", ""shoes"", ""sandal"", ""sandals"", ""slipper"", ""slippers"", ""sneaker"", ""sneakers"", ""boot"", ""boots"", ""footwear""]",classification,footwear,footwear,,,,True
5d4bef4dcf0b3a0f3f352ff2,5d4bef4dcf0b3a0f3f352ff2.jpg,footwear,1747.0,Q3,as,np,Nepal,internvl,"[""shoe"", ""shoes"", ""sandal"", ""sandals"", ""slipper"", ""slippers"", ""sneaker"", ""sneakers"", ""boot"", ""boots"", ""footwear""]",captioning,A wooden shoe rack filled with various pairs of shoes and slippers.,,,,,True
5d4bdfc3cf0b3a0f3f33824f,5d4bdfc3cf0b3a0f3f33824f.jpg,footwear,2044.0,Q4,am,co,Colombia,internvl,"[""shoe"", ""shoes"", ""sandal"", ""sandals"", ""slipper"", ""slippers"", ""sneaker"", ""sneakers"", ""boot"", ""boots"", ""footwear""]",classification,footwear,footwear,,,,True
5d4bdfc3cf0b3a0f3f33824f,5d4bdfc3cf0b3a0f3f33824f.jpg,footwear,2044.0,Q4,am,co,Colombia,internvl,"[""shoe"", ""shoes"", ""sandal"", ""sandals"", ""slipper"", ""slippers"", ""sneaker"", ""sneakers"", ""boot"", ""boots"", ""footwear""]",captioning,A pair of dark blue brogue shoes.,,,,,True
5d4be6b3cf0b3a0f3f344270,5d4be6b3cf0b3a0f3f344270.JPG,footwear,2235.172785,Q4,as,cn,China,internvl,"[""shoe"", ""shoes"", ""sandal"", ""sandals"", ""slipper"", ""slippers"", ""sneaker"", ""sneakers"", ""boot"", ""boots"", ""footwear""]",classification,footwear,footwear,,,,True
5d4be6b3cf0b3a0f3f344270,5d4be6b3cf0b3a0f3f344270.JPG,footwear,2235.172785,Q4,as,cn,China,internvl,"[""shoe"", ""shoes"", ""sandal"", ""sandals"", ""slipper"", ""slippers"", ""sneaker"", ""sneakers"", ""boot"", ""boots"", ""footwear""]",captioning,A wooden shoe rack is filled with various pairs of shoes and slippers.,,,,,True
5d4bdf81cf0b3a0f3f337c37,5d4bdf81cf0b3a0f3f337c37.jpg,footwear,2379.0,Q4,eu,ro,Romania,internvl,"[""shoe"", ""shoes"", ""sandal"", ""sandals"", ""slipper"", ""slippers"", ""sneaker"", ""sneakers"", ""boot"", ""boots"", ""footwear""]",classification,footwear,footwear,,,,True
5d4bdf81cf0b3a0f3f337c37,5d4bdf81cf0b3a0f3f337c37.jpg,footwear,2379.0,Q4,eu,ro,Romania,internvl,"[""shoe"", ""shoes"", ""sandal"", ""sandals"", ""slipper"", ""slippers"", ""sneaker"", ""sneakers"", ""boot"", ""boots"", ""footwear""]",captioning,A pair of black sneakers with bright yellow laces is placed on a colorful striped rug.,,,,,True
5d4bef5fcf0b3a0f3f353214,5d4bef5fcf0b3a0f3f353214.jpg,footwear,3829.191091,Q4,as,np,Nepal,internvl,"[""shoe"", ""shoes"", ""sandal"", ""sandals"", ""slipper"", ""slippers"", ""sneaker"", ""sneakers"", ""boot"", ""boots"", ""footwear""]",classification,footwear,footwear,,,,True
5d4bef5fcf0b3a0f3f353214,5d4bef5fcf0b3a0f3f353214.jpg,footwear,3829.191091,Q4,as,np,Nepal,internvl,"[""shoe"", ""shoes"", ""sandal"", ""sandals"", ""slipper"", ""slippers"", ""sneaker"", ""sneakers"", ""boot"", ""boots"", ""footwear""]",captioning,A pair of black and teal flip-flops.,,,,,False
5d4bdf9ecf0b3a0f3f337f0b,5d4bdf9ecf0b3a0f3f337f0b.JPG,footwear,2602.0,Q4,eu,ch,Switzerland,internvl,"[""shoe"", ""shoes"", ""sandal"", ""sandals"", ""slipper"", ""slippers"", ""sneaker"", ""sneakers"", ""boot"", ""boots"", ""footwear""]",classification,footwear,footwear,,,,True
5d4bdf9ecf0b3a0f3f337f0b,5d4bdf9ecf0b3a0f3f337f0b.JPG,footwear,2602.0,Q4,eu,ch,Switzerland,internvl,"[""shoe"", ""shoes"", ""sandal"", ""sandals"", ""slipper"", ""slippers"", ""sneaker"", ""sneakers"", ""boot"", ""boots"", ""footwear""]",captioning,A pair of worn black sneakers with red laces and accents is placed on a patterned carpet.,,,,,True
5d4be0e9cf0b3a0f3f33a1a1,5d4be0e9cf0b3a0f3f33a1a1.jpg,footwear,4732.0,Q4,as,in,India,internvl,"[""shoe"", ""shoes"", ""sandal"", ""sandals"", ""slipper"", ""slippers"", ""sneaker"", ""sneakers"", ""boot"", ""boots"", ""footwear""]",classification,footwear,footwear,,,,True
5d4be0e9cf0b3a0f3f33a1a1,5d4be0e9cf0b3a0f3f33a1a1.jpg,footwear,4732.0,Q4,as,in,India,internvl,"[""shoe"", ""shoes"", ""sandal"", ""sandals"", ""slipper"", ""slippers"", ""sneaker"", ""sneakers"", ""boot"", ""boots"", ""footwear""]",captioning,The main household object in the image is a pair of blue and black flip-flops.,,,,,False
5d4be0dccf0b3a0f3f33a033,5d4be0dccf0b3a0f3f33a033.JPG,footwear,2370.0,Q4,eu,nl,Netherlands,internvl,"[""shoe"", ""shoes"", ""sandal"", ""sandals"", ""slipper"", ""slippers"", ""sneaker"", ""sneakers"", ""boot"", ""boots"", ""footwear""]",classification,footwear,footwear,,,,True
5d4be0dccf0b3a0f3f33a033,5d4be0dccf0b3a0f3f33a033.JPG,footwear,2370.0,Q4,eu,nl,Netherlands,internvl,"[""shoe"", ""shoes"", ""sandal"", ""sandals"", ""slipper"", ""slippers"", ""sneaker"", ""sneakers"", ""boot"", ""boots"", ""footwear""]",captioning,A pair of brown leather shoes and a pair of black dress shoes are placed on a tiled floor.,,,,,True
