image_id,image_name,study_label,income,income_quartile,region,country_id,country_name,model,accepted_caption_terms,task,raw_output,predicted_label,confidence,correct_rank,boxes,metric_value
5d4bf05ccf0b3a0f3f354caa,5d4bf05ccf0b3a0f3f354caa.jpg,roof,116.0,Q1,af,lr,Liberia,clip,"[""roof"", ""roofing"", ""ceiling""]",classification,roof,roof,0.9795087575912476,1.0,,True
5d4bf05ccf0b3a0f3f354caa,5d4bf05ccf0b3a0f3f354caa.jpg,roof,116.0,Q1,af,lr,Liberia,blip_baseline,"[""roof"", ""roofing"", ""ceiling""]",captioning,a wooden ceiling with a metal pole and a string,,,,,True
5d4bf05ccf0b3a0f3f354caa,5d4bf05ccf0b3a0f3f354caa.jpg,roof,116.0,Q1,af,lr,Liberia,blip_prompted,"[""roof"", ""roofing"", ""ceiling""]",captioning,the main household object in this image is a wooden ceiling,,,,,True
5d4be798cf0b3a0f3f345bb4,5d4be798cf0b3a0f3f345bb4.jpg,roof,78.0,Q1,as,bd,Bangladesh,clip,"[""roof"", ""roofing"", ""ceiling""]",classification,roof,roof,0.6630187034606934,1.0,,True
5d4be798cf0b3a0f3f345bb4,5d4be798cf0b3a0f3f345bb4.jpg,roof,78.0,Q1,as,bd,Bangladesh,blip_baseline,"[""roof"", ""roofing"", ""ceiling""]",captioning,a pile of wood,,,,,False
5d4be798cf0b3a0f3f345bb4,5d4be798cf0b3a0f3f345bb4.jpg,roof,78.0,Q1,as,bd,Bangladesh,blip_prompted,"[""roof"", ""roofing"", ""ceiling""]",captioning,the main household object in this image is a wooden box,,,,,False
5d4bf377cf0b3a0f3f35a144,5d4bf377cf0b3a0f3f35a144.jpg,roof,53.64520422,Q1,af,bf,Burkina Faso,clip,"[""roof"", ""roofing"", ""ceiling""]",classification,stove,stove,0.5192756056785583,2.0,,False
5d4bf377cf0b3a0f3f35a144,5d4bf377cf0b3a0f3f35a144.jpg,roof,53.64520422,Q1,af,bf,Burkina Faso,blip_baseline,"[""roof"", ""roofing"", ""ceiling""]",captioning,a close up of a metal curtain with rust,,,,,False
5d4bf377cf0b3a0f3f35a144,5d4bf377cf0b3a0f3f35a144.jpg,roof,53.64520422,Q1,af,bf,Burkina Faso,blip_prompted,"[""roof"", ""roofing"", ""ceiling""]",captioning,the main household object in this image is a metal curtain,,,,,False
5d4beacdcf0b3a0f3f34b1d8,5d4beacdcf0b3a0f3f34b1d8.jpg,roof,30.68690172,Q1,as,in,India,clip,"[""roof"", ""roofing"", ""ceiling""]",classification,roof,roof,0.9504436254501343,1.0,,True
5d4beacdcf0b3a0f3f34b1d8,5d4beacdcf0b3a0f3f34b1d8.jpg,roof,30.68690172,Q1,as,in,India,blip_baseline,"[""roof"", ""roofing"", ""ceiling""]",captioning,a room with clothes hanging on a line,,,,,False
5d4beacdcf0b3a0f3f34b1d8,5d4beacdcf0b3a0f3f34b1d8.jpg,roof,30.68690172,Q1,as,in,India,blip_prompted,"[""roof"", ""roofing"", ""ceiling""]",captioning,the main household object in this image is a dirty room,,,,,False
5d4bf0bfcf0b3a0f3f355712,5d4bf0bfcf0b3a0f3f355712.jpg,roof,80.72770904,Q1,af,ci,Cote d'Ivoire,clip,"[""roof"", ""roofing"", ""ceiling""]",classification,roof,roof,0.9978002905845642,1.0,,True
5d4bf0bfcf0b3a0f3f355712,5d4bf0bfcf0b3a0f3f355712.jpg,roof,80.72770904,Q1,af,ci,Cote d'Ivoire,blip_baseline,"[""roof"", ""roofing"", ""ceiling""]",captioning,a house with a tar tar covering it,,,,,False
5d4bf0bfcf0b3a0f3f355712,5d4bf0bfcf0b3a0f3f355712.jpg,roof,80.72770904,Q1,af,ci,Cote d'Ivoire,blip_prompted,"[""roof"", ""roofing"", ""ceiling""]",captioning,the main household object in this image is a house,,,,,False
5d4bef5dcf0b3a0f3f3531c6,5d4bef5dcf0b3a0f3f3531c6.jpg,roof,131.5512222,Q1,as,np,Nepal,clip,"[""roof"", ""roofing"", ""ceiling""]",classification,stove,stove,0.6387984752655029,2.0,,False
5d4bef5dcf0b3a0f3f3531c6,5d4bef5dcf0b3a0f3f3531c6.jpg,roof,131.5512222,Q1,as,np,Nepal,blip_baseline,"[""roof"", ""roofing"", ""ceiling""]",captioning,a cross on a wooden cross,,,,,False
5d4bef5dcf0b3a0f3f3531c6,5d4bef5dcf0b3a0f3f3531c6.jpg,roof,131.5512222,Q1,as,np,Nepal,blip_prompted,"[""roof"", ""roofing"", ""ceiling""]",captioning,the main household object in this image is a cross,,,,,False
5d4bf3a8cf0b3a0f3f35a67c,5d4bf3a8cf0b3a0f3f35a67c.jpg,roof,55.93351031,Q1,af,bf,Burkina Faso,clip,"[""roof"", ""roofing"", ""ceiling""]",classification,roof,roof,0.9817249774932861,1.0,,True
5d4bf3a8cf0b3a0f3f35a67c,5d4bf3a8cf0b3a0f3f35a67c.jpg,roof,55.93351031,Q1,af,bf,Burkina Faso,blip_baseline,"[""roof"", ""roofing"", ""ceiling""]",captioning,a close up of a table with a bunch of bamboo sticks,,,,,False
5d4bf3a8cf0b3a0f3f35a67c,5d4bf3a8cf0b3a0f3f35a67c.jpg,roof,55.93351031,Q1,af,bf,Burkina Faso,blip_prompted,"[""roof"", ""roofing"", ""ceiling""]",captioning,the main household object in this image is a large piece of wood,,,,,False
5ec4f9f2f0611d7ddd741bae,5ec4f9f2f0611d7ddd741bae.JPG,roof,306.0,Q2,af,et,Ethiopia,clip,"[""roof"", ""roofing"", ""ceiling""]",classification,roof,roof,0.9735089540481567,1.0,,True
5ec4f9f2f0611d7ddd741bae,5ec4f9f2f0611d7ddd741bae.JPG,roof,306.0,Q2,af,et,Ethiopia,blip_baseline,"[""roof"", ""roofing"", ""ceiling""]",captioning,a large tunnel with a long metal tube,,,,,False
5ec4f9f2f0611d7ddd741bae,5ec4f9f2f0611d7ddd741bae.JPG,roof,306.0,Q2,af,et,Ethiopia,blip_prompted,"[""roof"", ""roofing"", ""ceiling""]",captioning,the main household object in this image is a large tube,,,,,False
5ec4fa89f0611d7ddd742087,5ec4fa89f0611d7ddd742087.jpg,roof,284.0,Q2,am,br,Brazil,clip,"[""roof"", ""roofing"", ""ceiling""]",classification,light source,light source,0.6592857241630554,2.0,,False
5ec4fa89f0611d7ddd742087,5ec4fa89f0611d7ddd742087.jpg,roof,284.0,Q2,am,br,Brazil,blip_baseline,"[""roof"", ""roofing"", ""ceiling""]",captioning,a room with a ladder and a television,,,,,False
5ec4fa89f0611d7ddd742087,5ec4fa89f0611d7ddd742087.jpg,roof,284.0,Q2,am,br,Brazil,blip_prompted,"[""roof"", ""roofing"", ""ceiling""]",captioning,the main household object in this image is a television,,,,,False
5d4bea54cf0b3a0f3f34a3ac,5d4bea54cf0b3a0f3f34a3ac.jpg,roof,221.3244168,Q2,as,in,India,clip,"[""roof"", ""roofing"", ""ceiling""]",classification,roof,roof,0.7156453132629395,1.0,,True
5d4bea54cf0b3a0f3f34a3ac,5d4bea54cf0b3a0f3f34a3ac.jpg,roof,221.3244168,Q2,as,in,India,blip_baseline,"[""roof"", ""roofing"", ""ceiling""]",captioning,a wall with a wooden beam in it,,,,,False
5d4bea54cf0b3a0f3f34a3ac,5d4bea54cf0b3a0f3f34a3ac.jpg,roof,221.3244168,Q2,as,in,India,blip_prompted,"[""roof"", ""roofing"", ""ceiling""]",captioning,the main household object in this image is a wooden pole,,,,,False
5d4bdefccf0b3a0f3f336ec5,5d4bdefccf0b3a0f3f336ec5.jpg,roof,430.0,Q2,eu,rs,Serbia,clip,"[""roof"", ""roofing"", ""ceiling""]",classification,roof,roof,0.9987874627113342,1.0,,True
5d4bdefccf0b3a0f3f336ec5,5d4bdefccf0b3a0f3f336ec5.jpg,roof,430.0,Q2,eu,rs,Serbia,blip_baseline,"[""roof"", ""roofing"", ""ceiling""]",captioning,a roof with a roof venter,,,,,True
5d4bdefccf0b3a0f3f336ec5,5d4bdefccf0b3a0f3f336ec5.jpg,roof,430.0,Q2,eu,rs,Serbia,blip_prompted,"[""roof"", ""roofing"", ""ceiling""]",captioning,the main household object in this image is a roof,,,,,True
5d4be3ffcf0b3a0f3f33f500,5d4be3ffcf0b3a0f3f33f500.jpg,roof,227.0,Q2,af,cm,Cameroon,clip,"[""roof"", ""roofing"", ""ceiling""]",classification,roof,roof,0.9930450320243835,1.0,,True
5d4be3ffcf0b3a0f3f33f500,5d4be3ffcf0b3a0f3f33f500.jpg,roof,227.0,Q2,af,cm,Cameroon,blip_baseline,"[""roof"", ""roofing"", ""ceiling""]",captioning,a room with a ceiling that has been stripped off,,,,,True
5d4be3ffcf0b3a0f3f33f500,5d4be3ffcf0b3a0f3f33f500.jpg,roof,227.0,Q2,af,cm,Cameroon,blip_prompted,"[""roof"", ""roofing"", ""ceiling""]",captioning,the main household object in this image is a ceiling,,,,,True
5d4bf2fbcf0b3a0f3f359462,5d4bf2fbcf0b3a0f3f359462.jpg,roof,254.0,Q2,am,bo,Bolivia,clip,"[""roof"", ""roofing"", ""ceiling""]",classification,trash container,trash container,0.47297826409339905,3.0,,False
5d4bf2fbcf0b3a0f3f359462,5d4bf2fbcf0b3a0f3f359462.jpg,roof,254.0,Q2,am,bo,Bolivia,blip_baseline,"[""roof"", ""roofing"", ""ceiling""]",captioning,a cat is sitting on a red floor,,,,,False
5d4bf2fbcf0b3a0f3f359462,5d4bf2fbcf0b3a0f3f359462.jpg,roof,254.0,Q2,am,bo,Bolivia,blip_prompted,"[""roof"", ""roofing"", ""ceiling""]",captioning,the main household object in this image is a red wall,,,,,False
5d4bf131cf0b3a0f3f356206,5d4bf131cf0b3a0f3f356206.jpg,roof,564.997748,Q2,as,id,Indonesia,clip,"[""roof"", ""roofing"", ""ceiling""]",classification,roof,roof,0.999777615070343,1.0,,True
5d4bf131cf0b3a0f3f356206,5d4bf131cf0b3a0f3f356206.jpg,roof,564.997748,Q2,as,id,Indonesia,blip_baseline,"[""roof"", ""roofing"", ""ceiling""]",captioning,a roof with a broken tile on it,,,,,True
5d4bf131cf0b3a0f3f356206,5d4bf131cf0b3a0f3f356206.jpg,roof,564.997748,Q2,as,id,Indonesia,blip_prompted,"[""roof"", ""roofing"", ""ceiling""]",captioning,the main household object in this image is a roof,,,,,True
5ec4f9e2f0611d7ddd741b33,5ec4f9e2f0611d7ddd741b33.JPG,roof,719.0,Q3,af,et,Ethiopia,clip,"[""roof"", ""roofing"", ""ceiling""]",classification,roof,roof,0.7928030490875244,1.0,,True
5ec4f9e2f0611d7ddd741b33,5ec4f9e2f0611d7ddd741b33.JPG,roof,719.0,Q3,af,et,Ethiopia,blip_baseline,"[""roof"", ""roofing"", ""ceiling""]",captioning,a light that is on the ceiling,,,,,True
5ec4f9e2f0611d7ddd741b33,5ec4f9e2f0611d7ddd741b33.JPG,roof,719.0,Q3,af,et,Ethiopia,blip_prompted,"[""roof"", ""roofing"", ""ceiling""]",captioning,the main household object in this image is a light bulb,,,,,False
5fa329ada4fd6103df5dff73,5fa329ada4fd6103df5dff73.jpeg,roof,1025.0,Q3,am,co,Colombia,clip,"[""roof"", ""roofing"", ""ceiling""]",classification,roof,roof,0.6560713052749634,1.0,,True
5fa329ada4fd6103df5dff73,5fa329ada4fd6103df5dff73.jpeg,roof,1025.0,Q3,am,co,Colombia,blip_baseline,"[""roof"", ""roofing"", ""ceiling""]",captioning,a ceiling with a hole in it,,,,,True
5fa329ada4fd6103df5dff73,5fa329ada4fd6103df5dff73.jpeg,roof,1025.0,Q3,am,co,Colombia,blip_prompted,"[""roof"", ""roofing"", ""ceiling""]",captioning,the main household object in this image is a broken ceiling,,,,,True
5d4be103cf0b3a0f3f33a4af,5d4be103cf0b3a0f3f33a4af.jpg,roof,1295.0,Q3,as,in,India,clip,"[""roof"", ""roofing"", ""ceiling""]",classification,light source,light source,0.5314828753471375,2.0,,False
5d4be103cf0b3a0f3f33a4af,5d4be103cf0b3a0f3f33a4af.jpg,roof,1295.0,Q3,as,in,India,blip_baseline,"[""roof"", ""roofing"", ""ceiling""]",captioning,a ceiling with a clock on it,,,,,True
5d4be103cf0b3a0f3f33a4af,5d4be103cf0b3a0f3f33a4af.jpg,roof,1295.0,Q3,as,in,India,blip_prompted,"[""roof"", ""roofing"", ""ceiling""]",captioning,the main household object in this image is a dont,,,,,False
5d4be02fcf0b3a0f3f338c7c,5d4be02fcf0b3a0f3f338c7c.JPG,roof,1260.0,Q3,eu,nl,Netherlands,clip,"[""roof"", ""roofing"", ""ceiling""]",classification,roof,roof,0.49540847539901733,1.0,,True
5d4be02fcf0b3a0f3f338c7c,5d4be02fcf0b3a0f3f338c7c.JPG,roof,1260.0,Q3,eu,nl,Netherlands,blip_baseline,"[""roof"", ""roofing"", ""ceiling""]",captioning,a white wall with a light on it,,,,,False
5d4be02fcf0b3a0f3f338c7c,5d4be02fcf0b3a0f3f338c7c.JPG,roof,1260.0,Q3,eu,nl,Netherlands,blip_prompted,"[""roof"", ""roofing"", ""ceiling""]",captioning,the main household object in this image is a white wall,,,,,False
5ec4f97ef0611d7ddd7417d1,5ec4f97ef0611d7ddd7417d1.jpg,roof,745.0,Q3,af,cm,Cameroon,clip,"[""roof"", ""roofing"", ""ceiling""]",classification,roof,roof,0.4859292805194855,1.0,,True
5ec4f97ef0611d7ddd7417d1,5ec4f97ef0611d7ddd7417d1.jpg,roof,745.0,Q3,af,cm,Cameroon,blip_baseline,"[""roof"", ""roofing"", ""ceiling""]",captioning,a pink wall with a small hole in it,,,,,False
5ec4f97ef0611d7ddd7417d1,5ec4f97ef0611d7ddd7417d1.jpg,roof,745.0,Q3,af,cm,Cameroon,blip_prompted,"[""roof"", ""roofing"", ""ceiling""]",captioning,the main household object in this image is a door handle,,,,,False
5d4be09bcf0b3a0f3f3398ab,5d4be09bcf0b3a0f3f3398ab.JPG,roof,1034.0,Q3,am,br,Brazil,clip,"[""roof"", ""roofing"", ""ceiling""]",classification,roof,roof,0.625566303730011,1.0,,True
5d4be09bcf0b3a0f3f3398ab,5d4be09bcf0b3a0f3f3398ab.JPG,roof,1034.0,Q3,am,br,Brazil,blip_baseline,"[""roof"", ""roofing"", ""ceiling""]",captioning,a light that is on the ceiling in a room,,,,,True
5d4be09bcf0b3a0f3f3398ab,5d4be09bcf0b3a0f3f3398ab.JPG,roof,1034.0,Q3,am,br,Brazil,blip_prompted,"[""roof"", ""roofing"", ""ceiling""]",captioning,the main household object in this image is a light,,,,,False
5ec4f86df0611d7ddd740eb2,5ec4f86df0611d7ddd740eb2.jpg,roof,1706.0,Q3,as,ir,Iran,clip,"[""roof"", ""roofing"", ""ceiling""]",classification,roof,roof,0.9992153644561768,1.0,,True
5ec4f86df0611d7ddd740eb2,5ec4f86df0611d7ddd740eb2.jpg,roof,1706.0,Q3,as,ir,Iran,blip_baseline,"[""roof"", ""roofing"", ""ceiling""]",captioning,a roof with a broken roof and a broken roof,,,,,True
5ec4f86df0611d7ddd740eb2,5ec4f86df0611d7ddd740eb2.jpg,roof,1706.0,Q3,as,ir,Iran,blip_prompted,"[""roof"", ""roofing"", ""ceiling""]",captioning,the main household object in this image is a roof,,,,,True
5d4be61ccf0b3a0f3f343139,5d4be61ccf0b3a0f3f343139.jpg,roof,3755.0,Q4,af,za,South Africa,clip,"[""roof"", ""roofing"", ""ceiling""]",classification,roof,roof,0.8038868308067322,1.0,,True
5d4be61ccf0b3a0f3f343139,5d4be61ccf0b3a0f3f343139.jpg,roof,3755.0,Q4,af,za,South Africa,blip_baseline,"[""roof"", ""roofing"", ""ceiling""]",captioning,a white wall with a black and white cat,,,,,False
5d4be61ccf0b3a0f3f343139,5d4be61ccf0b3a0f3f343139.jpg,roof,3755.0,Q4,af,za,South Africa,blip_prompted,"[""roof"", ""roofing"", ""ceiling""]",captioning,the main household object in this image is a toilet,,,,,False
5d4be42ccf0b3a0f3f33fa48,5d4be42ccf0b3a0f3f33fa48.JPG,roof,4446.0,Q4,am,us,United States,clip,"[""roof"", ""roofing"", ""ceiling""]",classification,light source,light source,0.3871196210384369,4.0,,False
5d4be42ccf0b3a0f3f33fa48,5d4be42ccf0b3a0f3f33fa48.JPG,roof,4446.0,Q4,am,us,United States,blip_baseline,"[""roof"", ""roofing"", ""ceiling""]",captioning,a person holding a cell phone in their hand,,,,,False
5d4be42ccf0b3a0f3f33fa48,5d4be42ccf0b3a0f3f33fa48.JPG,roof,4446.0,Q4,am,us,United States,blip_prompted,"[""roof"", ""roofing"", ""ceiling""]",captioning,the main household object in this image is a toothbrush,,,,,False
5d4be0abcf0b3a0f3f339a79,5d4be0abcf0b3a0f3f339a79.jpg,roof,5621.0,Q4,as,in,India,clip,"[""roof"", ""roofing"", ""ceiling""]",classification,roof,roof,0.5765995383262634,1.0,,True
5d4be0abcf0b3a0f3f339a79,5d4be0abcf0b3a0f3f339a79.jpg,roof,5621.0,Q4,as,in,India,blip_baseline,"[""roof"", ""roofing"", ""ceiling""]",captioning,a ceiling fan in a room with a yellow wall,,,,,True
5d4be0abcf0b3a0f3f339a79,5d4be0abcf0b3a0f3f339a79.jpg,roof,5621.0,Q4,as,in,India,blip_prompted,"[""roof"", ""roofing"", ""ceiling""]",captioning,the main household object in this image is a ceiling fan,,,,,True
5d4be417cf0b3a0f3f33f7d4,5d4be417cf0b3a0f3f33f7d4.JPG,roof,1890.0,Q4,eu,gb,United Kingdom,clip,"[""roof"", ""roofing"", ""ceiling""]",classification,light source,light source,0.6046003103256226,2.0,,False
5d4be417cf0b3a0f3f33f7d4,5d4be417cf0b3a0f3f33f7d4.JPG,roof,1890.0,Q4,eu,gb,United Kingdom,blip_baseline,"[""roof"", ""roofing"", ""ceiling""]",captioning,a ceiling with a light on it,,,,,True
5d4be417cf0b3a0f3f33f7d4,5d4be417cf0b3a0f3f33f7d4.JPG,roof,1890.0,Q4,eu,gb,United Kingdom,blip_prompted,"[""roof"", ""roofing"", ""ceiling""]",captioning,the main household object in this image is a ceiling light,,,,,True
5d4bebdccf0b3a0f3f34d03d,5d4bebdccf0b3a0f3f34d03d.jpg,roof,4650.0,Q4,am,us,United States,clip,"[""roof"", ""roofing"", ""ceiling""]",classification,roof,roof,0.9976061582565308,1.0,,True
5d4bebdccf0b3a0f3f34d03d,5d4bebdccf0b3a0f3f34d03d.jpg,roof,4650.0,Q4,am,us,United States,blip_baseline,"[""roof"", ""roofing"", ""ceiling""]",captioning,a roof with a window,,,,,True
5d4bebdccf0b3a0f3f34d03d,5d4bebdccf0b3a0f3f34d03d.jpg,roof,4650.0,Q4,am,us,United States,blip_prompted,"[""roof"", ""roofing"", ""ceiling""]",captioning,the main household object in this image is a window,,,,,False
5d4be136cf0b3a0f3f33aa95,5d4be136cf0b3a0f3f33aa95.jpg,roof,4621.0,Q4,as,in,India,clip,"[""roof"", ""roofing"", ""ceiling""]",classification,roof,roof,0.5841954946517944,1.0,,True
5d4be136cf0b3a0f3f33aa95,5d4be136cf0b3a0f3f33aa95.jpg,roof,4621.0,Q4,as,in,India,blip_baseline,"[""roof"", ""roofing"", ""ceiling""]",captioning,a ceiling fan and a ceiling fan in a room,,,,,True
5d4be136cf0b3a0f3f33aa95,5d4be136cf0b3a0f3f33aa95.jpg,roof,4621.0,Q4,as,in,India,blip_prompted,"[""roof"", ""roofing"", ""ceiling""]",captioning,the main household object in this image is a ceiling fan,,,,,True
5d4be404cf0b3a0f3f33f59c,5d4be404cf0b3a0f3f33f59c.JPG,roof,2010.0,Q4,eu,gb,United Kingdom,clip,"[""roof"", ""roofing"", ""ceiling""]",classification,roof,roof,0.9901906251907349,1.0,,True
5d4be404cf0b3a0f3f33f59c,5d4be404cf0b3a0f3f33f59c.JPG,roof,2010.0,Q4,eu,gb,United Kingdom,blip_baseline,"[""roof"", ""roofing"", ""ceiling""]",captioning,a clear blue sky,,,,,False
5d4be404cf0b3a0f3f33f59c,5d4be404cf0b3a0f3f33f59c.JPG,roof,2010.0,Q4,eu,gb,United Kingdom,blip_prompted,"[""roof"", ""roofing"", ""ceiling""]",captioning,the main household object in this image is a house,,,,,False
5d4be1cbcf0b3a0f3f33ba21,5d4be1cbcf0b3a0f3f33ba21.JPG,light source,82.0,Q1,af,ke,Kenya,clip,"[""light"", ""lamp"", ""bulb"", ""lantern"", ""candle""]",classification,stove,stove,0.8613048791885376,3.0,,False
5d4be1cbcf0b3a0f3f33ba21,5d4be1cbcf0b3a0f3f33ba21.JPG,light source,82.0,Q1,af,ke,Kenya,blip_baseline,"[""light"", ""lamp"", ""bulb"", ""lantern"", ""candle""]",captioning,a small red can sitting on a ledge,,,,,False
5d4be1cbcf0b3a0f3f33ba21,5d4be1cbcf0b3a0f3f33ba21.JPG,light source,82.0,Q1,af,ke,Kenya,blip_prompted,"[""light"", ""lamp"", ""bulb"", ""lantern"", ""candle""]",captioning,the main household object in this image is a can of coke,,,,,False
5d4be664cf0b3a0f3f343977,5d4be664cf0b3a0f3f343977.JPG,light source,102.0,Q1,am,pe,Peru,clip,"[""light"", ""lamp"", ""bulb"", ""lantern"", ""candle""]",classification,light source,light source,0.9353341460227966,1.0,,True
5d4be664cf0b3a0f3f343977,5d4be664cf0b3a0f3f343977.JPG,light source,102.0,Q1,am,pe,Peru,blip_baseline,"[""light"", ""lamp"", ""bulb"", ""lantern"", ""candle""]",captioning,a close up of a white plastic pipe,,,,,False
5d4be664cf0b3a0f3f343977,5d4be664cf0b3a0f3f343977.JPG,light source,102.0,Q1,am,pe,Peru,blip_prompted,"[""light"", ""lamp"", ""bulb"", ""lantern"", ""candle""]",captioning,the main household object in this image is a white plastic pipe,,,,,False
5d4beab0cf0b3a0f3f34ae70,5d4beab0cf0b3a0f3f34ae70.jpg,light source,170.0,Q1,as,in,India,clip,"[""light"", ""lamp"", ""bulb"", ""lantern"", ""candle""]",classification,roof,roof,0.818576455116272,3.0,,False
5d4beab0cf0b3a0f3f34ae70,5d4beab0cf0b3a0f3f34ae70.jpg,light source,170.0,Q1,as,in,India,blip_baseline,"[""light"", ""lamp"", ""bulb"", ""lantern"", ""candle""]",captioning,a room with a ceiling and a ceiling fan,,,,,False
5d4beab0cf0b3a0f3f34ae70,5d4beab0cf0b3a0f3f34ae70.jpg,light source,170.0,Q1,as,in,India,blip_prompted,"[""light"", ""lamp"", ""bulb"", ""lantern"", ""candle""]",captioning,the main household object in this image is a ceiling,,,,,False
5d4becefcf0b3a0f3f34eb88,5d4becefcf0b3a0f3f34eb88.jpg,light source,41.85460574,Q1,af,zw,Zimbabwe,clip,"[""light"", ""lamp"", ""bulb"", ""lantern"", ""candle""]",classification,roof,roof,0.7593085765838623,2.0,,False
5d4becefcf0b3a0f3f34eb88,5d4becefcf0b3a0f3f34eb88.jpg,light source,41.85460574,Q1,af,zw,Zimbabwe,blip_baseline,"[""light"", ""lamp"", ""bulb"", ""lantern"", ""candle""]",captioning,a plane flying through a cloudy sky,,,,,False
5d4becefcf0b3a0f3f34eb88,5d4becefcf0b3a0f3f34eb88.jpg,light source,41.85460574,Q1,af,zw,Zimbabwe,blip_prompted,"[""light"", ""lamp"", ""bulb"", ""lantern"", ""candle""]",captioning,the main household object in this image is a plane flying through the clouds,,,,,False
5d4bf271cf0b3a0f3f3583da,5d4bf271cf0b3a0f3f3583da.jpg,light source,144.688254,Q1,am,co,Colombia,clip,"[""light"", ""lamp"", ""bulb"", ""lantern"", ""candle""]",classification,light source,light source,0.6294495463371277,1.0,,True
5d4bf271cf0b3a0f3f3583da,5d4bf271cf0b3a0f3f3583da.jpg,light source,144.688254,Q1,am,co,Colombia,blip_baseline,"[""light"", ""lamp"", ""bulb"", ""lantern"", ""candle""]",captioning,a room with a ceiling and a light,,,,,True
5d4bf271cf0b3a0f3f3583da,5d4bf271cf0b3a0f3f3583da.jpg,light source,144.688254,Q1,am,co,Colombia,blip_prompted,"[""light"", ""lamp"", ""bulb"", ""lantern"", ""candle""]",captioning,the main household object in this image is a ceiling,,,,,False
5d4be752cf0b3a0f3f3453ca,5d4be752cf0b3a0f3f3453ca.jpg,light source,63.5080716,Q1,as,mm,Myanmar,clip,"[""light"", ""lamp"", ""bulb"", ""lantern"", ""candle""]",classification,roof,roof,0.5788508653640747,6.0,,False
5d4be752cf0b3a0f3f3453ca,5d4be752cf0b3a0f3f3453ca.jpg,light source,63.5080716,Q1,as,mm,Myanmar,blip_baseline,"[""light"", ""lamp"", ""bulb"", ""lantern"", ""candle""]",captioning,a view of a river from a hut,,,,,False
5d4be752cf0b3a0f3f3453ca,5d4be752cf0b3a0f3f3453ca.jpg,light source,63.5080716,Q1,as,mm,Myanmar,blip_prompted,"[""light"", ""lamp"", ""bulb"", ""lantern"", ""candle""]",captioning,the main household object in this image is a water well,,,,,False
5d4bf0b4cf0b3a0f3f3555cc,5d4bf0b4cf0b3a0f3f3555cc.jpg,light source,82.91518231,Q1,af,ci,Cote d'Ivoire,clip,"[""light"", ""lamp"", ""bulb"", ""lantern"", ""candle""]",classification,stove,stove,0.8826082348823547,2.0,,False
5d4bf0b4cf0b3a0f3f3555cc,5d4bf0b4cf0b3a0f3f3555cc.jpg,light source,82.91518231,Q1,af,ci,Cote d'Ivoire,blip_baseline,"[""light"", ""lamp"", ""bulb"", ""lantern"", ""candle""]",captioning,a red stove on the ground,,,,,False
5d4bf0b4cf0b3a0f3f3555cc,5d4bf0b4cf0b3a0f3f3555cc.jpg,light source,82.91518231,Q1,af,ci,Cote d'Ivoire,blip_prompted,"[""light"", ""lamp"", ""bulb"", ""lantern"", ""candle""]",captioning,the main household object in this image is a red gas stove,,,,,False
5d4bdfa0cf0b3a0f3f337f53,5d4bdfa0cf0b3a0f3f337f53.jpg,light source,398.0,Q2,am,pe,Peru,clip,"[""light"", ""lamp"", ""bulb"", ""lantern"", ""candle""]",classification,light source,light source,0.8919970393180847,1.0,,True
5d4bdfa0cf0b3a0f3f337f53,5d4bdfa0cf0b3a0f3f337f53.jpg,light source,398.0,Q2,am,pe,Peru,blip_baseline,"[""light"", ""lamp"", ""bulb"", ""lantern"", ""candle""]",captioning,a person is standing in a room with a light,,,,,True
5d4bdfa0cf0b3a0f3f337f53,5d4bdfa0cf0b3a0f3f337f53.jpg,light source,398.0,Q2,am,pe,Peru,blip_prompted,"[""light"", ""lamp"", ""bulb"", ""lantern"", ""candle""]",captioning,the main household object in this image is a lamp,,,,,True
5f8dfa6069531c2f81fdef7f,5f8dfa6069531c2f81fdef7f.jpg,light source,304.0,Q2,as,pk,Pakistan,clip,"[""light"", ""lamp"", ""bulb"", ""lantern"", ""candle""]",classification,light source,light source,0.642642617225647,1.0,,True
5f8dfa6069531c2f81fdef7f,5f8dfa6069531c2f81fdef7f.jpg,light source,304.0,Q2,as,pk,Pakistan,blip_baseline,"[""light"", ""lamp"", ""bulb"", ""lantern"", ""candle""]",captioning,a white toilet sitting in a dark room,,,,,False
5f8dfa6069531c2f81fdef7f,5f8dfa6069531c2f81fdef7f.jpg,light source,304.0,Q2,as,pk,Pakistan,blip_prompted,"[""light"", ""lamp"", ""bulb"", ""lantern"", ""candle""]",captioning,the main household object in this image is a white refrigerator,,,,,False
5d4be196cf0b3a0f3f33b4c3,5d4be196cf0b3a0f3f33b4c3.jpg,light source,685.0,Q2,am,br,Brazil,clip,"[""light"", ""lamp"", ""bulb"", ""lantern"", ""candle""]",classification,light source,light source,0.4579094350337982,1.0,,True
5d4be196cf0b3a0f3f33b4c3,5d4be196cf0b3a0f3f33b4c3.jpg,light source,685.0,Q2,am,br,Brazil,blip_baseline,"[""light"", ""lamp"", ""bulb"", ""lantern"", ""candle""]",captioning,a bathroom with a shower head and a shower curtain,,,,,False
5d4be196cf0b3a0f3f33b4c3,5d4be196cf0b3a0f3f33b4c3.jpg,light source,685.0,Q2,am,br,Brazil,blip_prompted,"[""light"", ""lamp"", ""bulb"", ""lantern"", ""candle""]",captioning,the main household object in this image is a shower head,,,,,False
5d4be631cf0b3a0f3f343397,5d4be631cf0b3a0f3f343397.JPG,light source,526.0,Q2,as,in,India,clip,"[""light"", ""lamp"", ""bulb"", ""lantern"", ""candle""]",classification,light source,light source,0.9849521517753601,1.0,,True
5d4be631cf0b3a0f3f343397,5d4be631cf0b3a0f3f343397.JPG,light source,526.0,Q2,as,in,India,blip_baseline,"[""light"", ""lamp"", ""bulb"", ""lantern"", ""candle""]",captioning,a light that is on a wall,,,,,True
5d4be631cf0b3a0f3f343397,5d4be631cf0b3a0f3f343397.JPG,light source,526.0,Q2,as,in,India,blip_prompted,"[""light"", ""lamp"", ""bulb"", ""lantern"", ""candle""]",captioning,the main household object in this image is a light bulb,,,,,True
5ec4fb81f0611d7ddd7428b0,5ec4fb81f0611d7ddd7428b0.jpg,light source,261.0,Q2,am,co,Colombia,clip,"[""light"", ""lamp"", ""bulb"", ""lantern"", ""candle""]",classification,switch,switch,0.5743182897567749,3.0,,False
5ec4fb81f0611d7ddd7428b0,5ec4fb81f0611d7ddd7428b0.jpg,light source,261.0,Q2,am,co,Colombia,blip_baseline,"[""light"", ""lamp"", ""bulb"", ""lantern"", ""candle""]",captioning,a white ceiling with a light on it,,,,,True
5ec4fb81f0611d7ddd7428b0,5ec4fb81f0611d7ddd7428b0.jpg,light source,261.0,Q2,am,co,Colombia,blip_prompted,"[""light"", ""lamp"", ""bulb"", ""lantern"", ""candle""]",captioning,the main household object in this image is a toilet,,,,,False
5d4bdf05cf0b3a0f3f336fb3,5d4bdf05cf0b3a0f3f336fb3.JPG,light source,293.0,Q2,as,id,Indonesia,clip,"[""light"", ""lamp"", ""bulb"", ""lantern"", ""candle""]",classification,light source,light source,0.7352702021598816,1.0,,True
5d4bdf05cf0b3a0f3f336fb3,5d4bdf05cf0b3a0f3f336fb3.JPG,light source,293.0,Q2,as,id,Indonesia,blip_baseline,"[""light"", ""lamp"", ""bulb"", ""lantern"", ""candle""]",captioning,a light that is on a wooden floor,,,,,True
5d4bdf05cf0b3a0f3f336fb3,5d4bdf05cf0b3a0f3f336fb3.JPG,light source,293.0,Q2,as,id,Indonesia,blip_prompted,"[""light"", ""lamp"", ""bulb"", ""lantern"", ""candle""]",captioning,the main household object in this image is a light bulb,,,,,True
5ec4fa8ff0611d7ddd7420b5,5ec4fa8ff0611d7ddd7420b5.jpg,light source,284.0,Q2,am,br,Brazil,clip,"[""light"", ""lamp"", ""bulb"", ""lantern"", ""candle""]",classification,roof,roof,0.6785345673561096,2.0,,False
5ec4fa8ff0611d7ddd7420b5,5ec4fa8ff0611d7ddd7420b5.jpg,light source,284.0,Q2,am,br,Brazil,blip_baseline,"[""light"", ""lamp"", ""bulb"", ""lantern"", ""candle""]",captioning,a bird cage hanging from the ceiling of a room,,,,,False
5ec4fa8ff0611d7ddd7420b5,5ec4fa8ff0611d7ddd7420b5.jpg,light source,284.0,Q2,am,br,Brazil,blip_prompted,"[""light"", ""lamp"", ""bulb"", ""lantern"", ""candle""]",captioning,the main household object in this image is a bird cage,,,,,False
5d4be03ccf0b3a0f3f338dde,5d4be03ccf0b3a0f3f338dde.JPG,light source,1643.0,Q3,af,ng,Nigeria,clip,"[""light"", ""lamp"", ""bulb"", ""lantern"", ""candle""]",classification,light source,light source,0.9956846237182617,1.0,,True
5d4be03ccf0b3a0f3f338dde,5d4be03ccf0b3a0f3f338dde.JPG,light source,1643.0,Q3,af,ng,Nigeria,blip_baseline,"[""light"", ""lamp"", ""bulb"", ""lantern"", ""candle""]",captioning,a chandel with three lights on a ceiling,,,,,False
5d4be03ccf0b3a0f3f338dde,5d4be03ccf0b3a0f3f338dde.JPG,light source,1643.0,Q3,af,ng,Nigeria,blip_prompted,"[""light"", ""lamp"", ""bulb"", ""lantern"", ""candle""]",captioning,the main household object in this image is a chandel,,,,,False
5ec4fba1f0611d7ddd7429bc,5ec4fba1f0611d7ddd7429bc.jpg,light source,1482.0,Q3,am,co,Colombia,clip,"[""light"", ""lamp"", ""bulb"", ""lantern"", ""candle""]",classification,roof,roof,0.5079983472824097,2.0,,False
5ec4fba1f0611d7ddd7429bc,5ec4fba1f0611d7ddd7429bc.jpg,light source,1482.0,Q3,am,co,Colombia,blip_baseline,"[""light"", ""lamp"", ""bulb"", ""lantern"", ""candle""]",captioning,a kitchen with a ceiling that has been painted,,,,,False
5ec4fba1f0611d7ddd7429bc,5ec4fba1f0611d7ddd7429bc.jpg,light source,1482.0,Q3,am,co,Colombia,blip_prompted,"[""light"", ""lamp"", ""bulb"", ""lantern"", ""candle""]",captioning,the main household object in this image is a ceiling,,,,,False
5d4be0b0cf0b3a0f3f339b0b,5d4be0b0cf0b3a0f3f339b0b.jpg,light source,1742.0,Q3,as,in,India,clip,"[""light"", ""lamp"", ""bulb"", ""lantern"", ""candle""]",classification,light source,light source,0.7133727073669434,1.0,,True
5d4be0b0cf0b3a0f3f339b0b,5d4be0b0cf0b3a0f3f339b0b.jpg,light source,1742.0,Q3,as,in,India,blip_baseline,"[""light"", ""lamp"", ""bulb"", ""lantern"", ""candle""]",captioning,a room with a refrigerator and a sink,,,,,False
5d4be0b0cf0b3a0f3f339b0b,5d4be0b0cf0b3a0f3f339b0b.jpg,light source,1742.0,Q3,as,in,India,blip_prompted,"[""light"", ""lamp"", ""bulb"", ""lantern"", ""candle""]",captioning,the main household object in this image is a refrigerator,,,,,False
5d4bdfb1cf0b3a0f3f33809d,5d4bdfb1cf0b3a0f3f33809d.jpg,light source,1038.0,Q3,eu,nl,Netherlands,clip,"[""light"", ""lamp"", ""bulb"", ""lantern"", ""candle""]",classification,light source,light source,0.7721725106239319,1.0,,True
5d4bdfb1cf0b3a0f3f33809d,5d4bdfb1cf0b3a0f3f33809d.jpg,light source,1038.0,Q3,eu,nl,Netherlands,blip_baseline,"[""light"", ""lamp"", ""bulb"", ""lantern"", ""candle""]",captioning,a lamp on a table next to a bottle,,,,,True
5d4bdfb1cf0b3a0f3f33809d,5d4bdfb1cf0b3a0f3f33809d.jpg,light source,1038.0,Q3,eu,nl,Netherlands,blip_prompted,"[""light"", ""lamp"", ""bulb"", ""lantern"", ""candle""]",captioning,the main household object in this image is a lamp,,,,,True
5d4be672cf0b3a0f3f343b19,5d4be672cf0b3a0f3f343b19.jpg,light source,1050.70879,Q3,af,tz,Tanzania,clip,"[""light"", ""lamp"", ""bulb"", ""lantern"", ""candle""]",classification,light source,light source,0.9595493674278259,1.0,,True
5d4be672cf0b3a0f3f343b19,5d4be672cf0b3a0f3f343b19.jpg,light source,1050.70879,Q3,af,tz,Tanzania,blip_baseline,"[""light"", ""lamp"", ""bulb"", ""lantern"", ""candle""]",captioning,a light that is on the ceiling,,,,,True
5d4be672cf0b3a0f3f343b19,5d4be672cf0b3a0f3f343b19.jpg,light source,1050.70879,Q3,af,tz,Tanzania,blip_prompted,"[""light"", ""lamp"", ""bulb"", ""lantern"", ""candle""]",captioning,the main household object in this image is a light fixture,,,,,True
5d4bde4dcf0b3a0f3f335e25,5d4bde4dcf0b3a0f3f335e25.jpg,light source,898.0,Q3,am,us,United States,clip,"[""light"", ""lamp"", ""bulb"", ""lantern"", ""candle""]",classification,light source,light source,0.7799504399299622,1.0,,True
5d4bde4dcf0b3a0f3f335e25,5d4bde4dcf0b3a0f3f335e25.jpg,light source,898.0,Q3,am,us,United States,blip_baseline,"[""light"", ""lamp"", ""bulb"", ""lantern"", ""candle""]",captioning,a light that is on above a sink,,,,,True
5d4bde4dcf0b3a0f3f335e25,5d4bde4dcf0b3a0f3f335e25.jpg,light source,898.0,Q3,am,us,United States,blip_prompted,"[""light"", ""lamp"", ""bulb"", ""lantern"", ""candle""]",captioning,the main household object in this image is a light,,,,,True
5d4be657cf0b3a0f3f3437e9,5d4be657cf0b3a0f3f3437e9.JPG,light source,1350.0,Q3,as,cn,China,clip,"[""light"", ""lamp"", ""bulb"", ""lantern"", ""candle""]",classification,light source,light source,0.9831835031509399,1.0,,True
5d4be657cf0b3a0f3f3437e9,5d4be657cf0b3a0f3f3437e9.JPG,light source,1350.0,Q3,as,cn,China,blip_baseline,"[""light"", ""lamp"", ""bulb"", ""lantern"", ""candle""]",captioning,a light that is on the ceiling in a room,,,,,True
5d4be657cf0b3a0f3f3437e9,5d4be657cf0b3a0f3f3437e9.JPG,light source,1350.0,Q3,as,cn,China,blip_prompted,"[""light"", ""lamp"", ""bulb"", ""lantern"", ""candle""]",captioning,the main household object in this image is a light,,,,,True
5ec4f834f0611d7ddd740cc3,5ec4f834f0611d7ddd740cc3.JPG,light source,3478.0,Q4,am,us,United States,clip,"[""light"", ""lamp"", ""bulb"", ""lantern"", ""candle""]",classification,light source,light source,0.9759356379508972,1.0,,True
5ec4f834f0611d7ddd740cc3,5ec4f834f0611d7ddd740cc3.JPG,light source,3478.0,Q4,am,us,United States,blip_baseline,"[""light"", ""lamp"", ""bulb"", ""lantern"", ""candle""]",captioning,a lamp on a table next to a computer,,,,,True
5ec4f834f0611d7ddd740cc3,5ec4f834f0611d7ddd740cc3.JPG,light source,3478.0,Q4,am,us,United States,blip_prompted,"[""light"", ""lamp"", ""bulb"", ""lantern"", ""candle""]",captioning,the main household object in this image is a lamp,,,,,True
5d4be118cf0b3a0f3f33a717,5d4be118cf0b3a0f3f33a717.jpeg,light source,3477.0,Q4,as,in,India,clip,"[""light"", ""lamp"", ""bulb"", ""lantern"", ""candle""]",classification,light source,light source,0.9987859129905701,1.0,,True
5d4be118cf0b3a0f3f33a717,5d4be118cf0b3a0f3f33a717.jpeg,light source,3477.0,Q4,as,in,India,blip_baseline,"[""light"", ""lamp"", ""bulb"", ""lantern"", ""candle""]",captioning,a black light on a table,,,,,True
5d4be118cf0b3a0f3f33a717,5d4be118cf0b3a0f3f33a717.jpeg,light source,3477.0,Q4,as,in,India,blip_prompted,"[""light"", ""lamp"", ""bulb"", ""lantern"", ""candle""]",captioning,the main household object in this image is a lantern,,,,,True
5ec4f91cf0611d7ddd74148c,5ec4f91cf0611d7ddd74148c.jpg,light source,4256.0,Q4,eu,es,Spain,clip,"[""light"", ""lamp"", ""bulb"", ""lantern"", ""candle""]",classification,light source,light source,0.9771736860275269,1.0,,True
5ec4f91cf0611d7ddd74148c,5ec4f91cf0611d7ddd74148c.jpg,light source,4256.0,Q4,eu,es,Spain,blip_baseline,"[""light"", ""lamp"", ""bulb"", ""lantern"", ""candle""]",captioning,a lamp on a table next to a cell,,,,,True
5ec4f91cf0611d7ddd74148c,5ec4f91cf0611d7ddd74148c.jpg,light source,4256.0,Q4,eu,es,Spain,blip_prompted,"[""light"", ""lamp"", ""bulb"", ""lantern"", ""candle""]",captioning,the main household object in this image is a lamp,,,,,True
5d4be53dcf0b3a0f3f341904,5d4be53dcf0b3a0f3f341904.JPG,light source,2001.0,Q4,am,us,United States,clip,"[""light"", ""lamp"", ""bulb"", ""lantern"", ""candle""]",classification,roof,roof,0.9095870852470398,2.0,,False
5d4be53dcf0b3a0f3f341904,5d4be53dcf0b3a0f3f341904.JPG,light source,2001.0,Q4,am,us,United States,blip_baseline,"[""light"", ""lamp"", ""bulb"", ""lantern"", ""candle""]",captioning,a kitchen with a white ceiling and a window,,,,,False
5d4be53dcf0b3a0f3f341904,5d4be53dcf0b3a0f3f341904.JPG,light source,2001.0,Q4,am,us,United States,blip_prompted,"[""light"", ""lamp"", ""bulb"", ""lantern"", ""candle""]",captioning,the main household object in this image is a ceiling,,,,,False
5d4bf2a9cf0b3a0f3f358a8e,5d4bf2a9cf0b3a0f3f358a8e.jpg,light source,3704.327276,Q4,as,cn,China,clip,"[""light"", ""lamp"", ""bulb"", ""lantern"", ""candle""]",classification,light source,light source,0.9880471229553223,1.0,,True
5d4bf2a9cf0b3a0f3f358a8e,5d4bf2a9cf0b3a0f3f358a8e.jpg,light source,3704.327276,Q4,as,cn,China,blip_baseline,"[""light"", ""lamp"", ""bulb"", ""lantern"", ""candle""]",captioning,a ceiling with a bunch of lights on it,,,,,False
5d4bf2a9cf0b3a0f3f358a8e,5d4bf2a9cf0b3a0f3f358a8e.jpg,light source,3704.327276,Q4,as,cn,China,blip_prompted,"[""light"", ""lamp"", ""bulb"", ""lantern"", ""candle""]",captioning,the main household object in this image is a ceiling light,,,,,True
5ec4f90ef0611d7ddd741415,5ec4f90ef0611d7ddd741415.jpg,light source,3195.0,Q4,eu,es,Spain,clip,"[""light"", ""lamp"", ""bulb"", ""lantern"", ""candle""]",classification,light source,light source,0.7868842482566833,1.0,,True
5ec4f90ef0611d7ddd741415,5ec4f90ef0611d7ddd741415.jpg,light source,3195.0,Q4,eu,es,Spain,blip_baseline,"[""light"", ""lamp"", ""bulb"", ""lantern"", ""candle""]",captioning,a lamp on a nightstand next to a bed,,,,,True
5ec4f90ef0611d7ddd741415,5ec4f90ef0611d7ddd741415.jpg,light source,3195.0,Q4,eu,es,Spain,blip_prompted,"[""light"", ""lamp"", ""bulb"", ""lantern"", ""candle""]",captioning,the main household object in this image is a lamp,,,,,True
5d4bebfdcf0b3a0f3f34d421,5d4bebfdcf0b3a0f3f34d421.jpg,light source,4650.0,Q4,am,us,United States,clip,"[""light"", ""lamp"", ""bulb"", ""lantern"", ""candle""]",classification,light source,light source,0.8619888424873352,1.0,,True
5d4bebfdcf0b3a0f3f34d421,5d4bebfdcf0b3a0f3f34d421.jpg,light source,4650.0,Q4,am,us,United States,blip_baseline,"[""light"", ""lamp"", ""bulb"", ""lantern"", ""candle""]",captioning,a kitchen with two lights on the ceiling,,,,,False
5d4bebfdcf0b3a0f3f34d421,5d4bebfdcf0b3a0f3f34d421.jpg,light source,4650.0,Q4,am,us,United States,blip_prompted,"[""light"", ""lamp"", ""bulb"", ""lantern"", ""candle""]",captioning,the main household object in this image is a ceiling light,,,,,True
5d4befc5cf0b3a0f3f353ce2,5d4befc5cf0b3a0f3f353ce2.jpg,stove,50.18041676,Q1,af,mw,Malawi,clip,"[""stove"", ""oven"", ""cooker"", ""cooktop"", ""hob""]",classification,footwear,footwear,0.5268768668174744,2.0,,False
5d4befc5cf0b3a0f3f353ce2,5d4befc5cf0b3a0f3f353ce2.jpg,stove,50.18041676,Q1,af,mw,Malawi,blip_baseline,"[""stove"", ""oven"", ""cooker"", ""cooktop"", ""hob""]",captioning,a person is using a knife to cut a piece of wood,,,,,False
5d4befc5cf0b3a0f3f353ce2,5d4befc5cf0b3a0f3f353ce2.jpg,stove,50.18041676,Q1,af,mw,Malawi,blip_prompted,"[""stove"", ""oven"", ""cooker"", ""cooktop"", ""hob""]",captioning,"the main household object in this image is a knife, a knife, and a knife in the fore",,,,,False
5d4bf150cf0b3a0f3f356534,5d4bf150cf0b3a0f3f356534.jpg,stove,209.7449238,Q1,as,id,Indonesia,clip,"[""stove"", ""oven"", ""cooker"", ""cooktop"", ""hob""]",classification,stove,stove,0.9867509007453918,1.0,,True
5d4bf150cf0b3a0f3f356534,5d4bf150cf0b3a0f3f356534.jpg,stove,209.7449238,Q1,as,id,Indonesia,blip_baseline,"[""stove"", ""oven"", ""cooker"", ""cooktop"", ""hob""]",captioning,a table with a stove and a pot on it,,,,,True
5d4bf150cf0b3a0f3f356534,5d4bf150cf0b3a0f3f356534.jpg,stove,209.7449238,Q1,as,id,Indonesia,blip_prompted,"[""stove"", ""oven"", ""cooker"", ""cooktop"", ""hob""]",captioning,"the main household object in this image is a stove, a pot, a pan, a bowl, a bowl, a bowl, a bowl",,,,,True
5d4bed75cf0b3a0f3f34fa6a,5d4bed75cf0b3a0f3f34fa6a.jpg,stove,113.5375491,Q1,af,tn,Tunisia,clip,"[""stove"", ""oven"", ""cooker"", ""cooktop"", ""hob""]",classification,stove,stove,0.5840592980384827,1.0,,True
5d4bed75cf0b3a0f3f34fa6a,5d4bed75cf0b3a0f3f34fa6a.jpg,stove,113.5375491,Q1,af,tn,Tunisia,blip_baseline,"[""stove"", ""oven"", ""cooker"", ""cooktop"", ""hob""]",captioning,a large metal jug sitting on top of a table,,,,,False
5d4bed75cf0b3a0f3f34fa6a,5d4bed75cf0b3a0f3f34fa6a.jpg,stove,113.5375491,Q1,af,tn,Tunisia,blip_prompted,"[""stove"", ""oven"", ""cooker"", ""cooktop"", ""hob""]",captioning,the main household object in this image is a gas can,,,,,False
5d4be7b3cf0b3a0f3f345ec4,5d4be7b3cf0b3a0f3f345ec4.jpg,stove,72.10457258,Q1,as,bd,Bangladesh,clip,"[""stove"", ""oven"", ""cooker"", ""cooktop"", ""hob""]",classification,stove,stove,0.9715383648872375,1.0,,True
5d4be7b3cf0b3a0f3f345ec4,5d4be7b3cf0b3a0f3f345ec4.jpg,stove,72.10457258,Q1,as,bd,Bangladesh,blip_baseline,"[""stove"", ""oven"", ""cooker"", ""cooktop"", ""hob""]",captioning,a black pot sitting on top of a cement,,,,,False
5d4be7b3cf0b3a0f3f345ec4,5d4be7b3cf0b3a0f3f345ec4.jpg,stove,72.10457258,Q1,as,bd,Bangladesh,blip_prompted,"[""stove"", ""oven"", ""cooker"", ""cooktop"", ""hob""]",captioning,the main household object in this image is a pot,,,,,False
5d4bee22cf0b3a0f3f350e6a,5d4bee22cf0b3a0f3f350e6a.jpg,stove,53.35597015,Q1,af,rw,Rwanda,clip,"[""stove"", ""oven"", ""cooker"", ""cooktop"", ""hob""]",classification,stove,stove,0.6842895150184631,1.0,,True
5d4bee22cf0b3a0f3f350e6a,5d4bee22cf0b3a0f3f350e6a.jpg,stove,53.35597015,Q1,af,rw,Rwanda,blip_baseline,"[""stove"", ""oven"", ""cooker"", ""cooktop"", ""hob""]",captioning,a pile of trash on a dirt road,,,,,False
5d4bee22cf0b3a0f3f350e6a,5d4bee22cf0b3a0f3f350e6a.jpg,stove,53.35597015,Q1,af,rw,Rwanda,blip_prompted,"[""stove"", ""oven"", ""cooker"", ""cooktop"", ""hob""]",captioning,the main household object in this image is a broken oven,,,,,True
5d4bef59cf0b3a0f3f353156,5d4bef59cf0b3a0f3f353156.jpg,stove,131.5512222,Q1,as,np,Nepal,clip,"[""stove"", ""oven"", ""cooker"", ""cooktop"", ""hob""]",classification,stove,stove,0.9935652613639832,1.0,,True
5d4bef59cf0b3a0f3f353156,5d4bef59cf0b3a0f3f353156.jpg,stove,131.5512222,Q1,as,np,Nepal,blip_baseline,"[""stove"", ""oven"", ""cooker"", ""cooktop"", ""hob""]",captioning,a frying pan on a stove in a kitchen,,,,,True
5d4bef59cf0b3a0f3f353156,5d4bef59cf0b3a0f3f353156.jpg,stove,131.5512222,Q1,as,np,Nepal,blip_prompted,"[""stove"", ""oven"", ""cooker"", ""cooktop"", ""hob""]",captioning,the main household object in this image is a frying pan,,,,,False
5d4beff5cf0b3a0f3f354210,5d4beff5cf0b3a0f3f354210.jpg,stove,51.88264617,Q1,af,mw,Malawi,clip,"[""stove"", ""oven"", ""cooker"", ""cooktop"", ""hob""]",classification,footwear,footwear,0.521278440952301,2.0,,False
5d4beff5cf0b3a0f3f354210,5d4beff5cf0b3a0f3f354210.jpg,stove,51.88264617,Q1,af,mw,Malawi,blip_baseline,"[""stove"", ""oven"", ""cooker"", ""cooktop"", ""hob""]",captioning,a pile of rocks and sticks on the ground,,,,,False
5d4beff5cf0b3a0f3f354210,5d4beff5cf0b3a0f3f354210.jpg,stove,51.88264617,Q1,af,mw,Malawi,blip_prompted,"[""stove"", ""oven"", ""cooker"", ""cooktop"", ""hob""]",captioning,the main household object in this image is a fire pit,,,,,False
5ec4fa30f0611d7ddd741dbe,5ec4fa30f0611d7ddd741dbe.JPG,stove,623.0,Q2,af,et,Ethiopia,clip,"[""stove"", ""oven"", ""cooker"", ""cooktop"", ""hob""]",classification,stove,stove,0.9565719366073608,1.0,,True
5ec4fa30f0611d7ddd741dbe,5ec4fa30f0611d7ddd741dbe.JPG,stove,623.0,Q2,af,et,Ethiopia,blip_baseline,"[""stove"", ""oven"", ""cooker"", ""cooktop"", ""hob""]",captioning,a stove with two burners on a table,,,,,True
5ec4fa30f0611d7ddd741dbe,5ec4fa30f0611d7ddd741dbe.JPG,stove,623.0,Q2,af,et,Ethiopia,blip_prompted,"[""stove"", ""oven"", ""cooker"", ""cooktop"", ""hob""]",captioning,the main household object in this image is a gas stove,,,,,True
5ec4fa7bf0611d7ddd74200b,5ec4fa7bf0611d7ddd74200b.jpg,stove,311.0,Q2,am,br,Brazil,clip,"[""stove"", ""oven"", ""cooker"", ""cooktop"", ""hob""]",classification,stove,stove,0.9939193725585938,1.0,,True
5ec4fa7bf0611d7ddd74200b,5ec4fa7bf0611d7ddd74200b.jpg,stove,311.0,Q2,am,br,Brazil,blip_baseline,"[""stove"", ""oven"", ""cooker"", ""cooktop"", ""hob""]",captioning,a stove and oven in a kitchen with a lot of dirty stuff,,,,,True
5ec4fa7bf0611d7ddd74200b,5ec4fa7bf0611d7ddd74200b.jpg,stove,311.0,Q2,am,br,Brazil,blip_prompted,"[""stove"", ""oven"", ""cooker"", ""cooktop"", ""hob""]",captioning,the main household object in this image is a stove,,,,,True
5d4bf2b2cf0b3a0f3f358bb0,5d4bf2b2cf0b3a0f3f358bb0.jpg,stove,240.0,Q2,as,cn,China,clip,"[""stove"", ""oven"", ""cooker"", ""cooktop"", ""hob""]",classification,stove,stove,0.9950729012489319,1.0,,True
5d4bf2b2cf0b3a0f3f358bb0,5d4bf2b2cf0b3a0f3f358bb0.jpg,stove,240.0,Q2,as,cn,China,blip_baseline,"[""stove"", ""oven"", ""cooker"", ""cooktop"", ""hob""]",captioning,a brick oven with a large pan on top,,,,,True
5d4bf2b2cf0b3a0f3f358bb0,5d4bf2b2cf0b3a0f3f358bb0.jpg,stove,240.0,Q2,as,cn,China,blip_prompted,"[""stove"", ""oven"", ""cooker"", ""cooktop"", ""hob""]",captioning,the main household object in this image is a large pan,,,,,False
5d4be176cf0b3a0f3f33b207,5d4be176cf0b3a0f3f33b207.jpg,stove,456.0,Q2,am,br,Brazil,clip,"[""stove"", ""oven"", ""cooker"", ""cooktop"", ""hob""]",classification,stove,stove,0.9986635446548462,1.0,,True
5d4be176cf0b3a0f3f33b207,5d4be176cf0b3a0f3f33b207.jpg,stove,456.0,Q2,am,br,Brazil,blip_baseline,"[""stove"", ""oven"", ""cooker"", ""cooktop"", ""hob""]",captioning,a stove with a pot on top of it,,,,,True
5d4be176cf0b3a0f3f33b207,5d4be176cf0b3a0f3f33b207.jpg,stove,456.0,Q2,am,br,Brazil,blip_prompted,"[""stove"", ""oven"", ""cooker"", ""cooktop"", ""hob""]",captioning,the main household object in this image is a stove,,,,,True
5d4be76ecf0b3a0f3f3456e8,5d4be76ecf0b3a0f3f3456e8.jpg,stove,308.0,Q2,as,id,Indonesia,clip,"[""stove"", ""oven"", ""cooker"", ""cooktop"", ""hob""]",classification,stove,stove,0.9501285552978516,1.0,,True
5d4be76ecf0b3a0f3f3456e8,5d4be76ecf0b3a0f3f3456e8.jpg,stove,308.0,Q2,as,id,Indonesia,blip_baseline,"[""stove"", ""oven"", ""cooker"", ""cooktop"", ""hob""]",captioning,a kitchen with a stove and a pan on the stove,,,,,True
5d4be76ecf0b3a0f3f3456e8,5d4be76ecf0b3a0f3f3456e8.jpg,stove,308.0,Q2,as,id,Indonesia,blip_prompted,"[""stove"", ""oven"", ""cooker"", ""cooktop"", ""hob""]",captioning,the main household object in this image is a pan and a bowl,,,,,False
5d4be15bcf0b3a0f3f33aee7,5d4be15bcf0b3a0f3f33aee7.JPG,stove,368.0,Q2,am,br,Brazil,clip,"[""stove"", ""oven"", ""cooker"", ""cooktop"", ""hob""]",classification,stove,stove,0.9989284873008728,1.0,,True
5d4be15bcf0b3a0f3f33aee7,5d4be15bcf0b3a0f3f33aee7.JPG,stove,368.0,Q2,am,br,Brazil,blip_baseline,"[""stove"", ""oven"", ""cooker"", ""cooktop"", ""hob""]",captioning,a stove and a stove top in a kitchen,,,,,True
5d4be15bcf0b3a0f3f33aee7,5d4be15bcf0b3a0f3f33aee7.JPG,stove,368.0,Q2,am,br,Brazil,blip_prompted,"[""stove"", ""oven"", ""cooker"", ""cooktop"", ""hob""]",captioning,the main household object in this image is a stove,,,,,True
5d4bed05cf0b3a0f3f34edce,5d4bed05cf0b3a0f3f34edce.jpg,stove,265.5253567,Q2,as,vn,Vietnam,clip,"[""stove"", ""oven"", ""cooker"", ""cooktop"", ""hob""]",classification,stove,stove,0.9117411971092224,1.0,,True
5d4bed05cf0b3a0f3f34edce,5d4bed05cf0b3a0f3f34edce.jpg,stove,265.5253567,Q2,as,vn,Vietnam,blip_baseline,"[""stove"", ""oven"", ""cooker"", ""cooktop"", ""hob""]",captioning,a stove sitting on a table with a pot on it,,,,,True
5d4bed05cf0b3a0f3f34edce,5d4bed05cf0b3a0f3f34edce.jpg,stove,265.5253567,Q2,as,vn,Vietnam,blip_prompted,"[""stove"", ""oven"", ""cooker"", ""cooktop"", ""hob""]",captioning,the main household object in this image is a stove,,,,,True
5d4be672cf0b3a0f3f343b13,5d4be672cf0b3a0f3f343b13.jpg,stove,1050.70879,Q3,af,tz,Tanzania,clip,"[""stove"", ""oven"", ""cooker"", ""cooktop"", ""hob""]",classification,stove,stove,0.9985254406929016,1.0,,True
5d4be672cf0b3a0f3f343b13,5d4be672cf0b3a0f3f343b13.jpg,stove,1050.70879,Q3,af,tz,Tanzania,blip_baseline,"[""stove"", ""oven"", ""cooker"", ""cooktop"", ""hob""]",captioning,a woman is standing in front of a microwave,,,,,False
5d4be672cf0b3a0f3f343b13,5d4be672cf0b3a0f3f343b13.jpg,stove,1050.70879,Q3,af,tz,Tanzania,blip_prompted,"[""stove"", ""oven"", ""cooker"", ""cooktop"", ""hob""]",captioning,the main household object in this image is a microwave,,,,,False
5ec4fb73f0611d7ddd742836,5ec4fb73f0611d7ddd742836.jpg,stove,1392.0,Q3,am,co,Colombia,clip,"[""stove"", ""oven"", ""cooker"", ""cooktop"", ""hob""]",classification,trash container,trash container,0.40487179160118103,2.0,,False
5ec4fb73f0611d7ddd742836,5ec4fb73f0611d7ddd742836.jpg,stove,1392.0,Q3,am,co,Colombia,blip_baseline,"[""stove"", ""oven"", ""cooker"", ""cooktop"", ""hob""]",captioning,a microwave sitting on a table with a green and white cover,,,,,False
5ec4fb73f0611d7ddd742836,5ec4fb73f0611d7ddd742836.jpg,stove,1392.0,Q3,am,co,Colombia,blip_prompted,"[""stove"", ""oven"", ""cooker"", ""cooktop"", ""hob""]",captioning,the main household object in this image is a microwave,,,,,False
5d4bef4dcf0b3a0f3f352fe2,5d4bef4dcf0b3a0f3f352fe2.jpg,stove,1747.0,Q3,as,np,Nepal,clip,"[""stove"", ""oven"", ""cooker"", ""cooktop"", ""hob""]",classification,stove,stove,0.9750999212265015,1.0,,True
5d4bef4dcf0b3a0f3f352fe2,5d4bef4dcf0b3a0f3f352fe2.jpg,stove,1747.0,Q3,as,np,Nepal,blip_baseline,"[""stove"", ""oven"", ""cooker"", ""cooktop"", ""hob""]",captioning,a black stove top,,,,,True
5d4bef4dcf0b3a0f3f352fe2,5d4bef4dcf0b3a0f3f352fe2.jpg,stove,1747.0,Q3,as,np,Nepal,blip_prompted,"[""stove"", ""oven"", ""cooker"", ""cooktop"", ""hob""]",captioning,the main household object in this image is a gas stove,,,,,True
5d4be22ecf0b3a0f3f33c475,5d4be22ecf0b3a0f3f33c475.JPG,stove,1610.0,Q3,af,eg,Egypt,clip,"[""stove"", ""oven"", ""cooker"", ""cooktop"", ""hob""]",classification,stove,stove,0.9914780259132385,1.0,,True
5d4be22ecf0b3a0f3f33c475,5d4be22ecf0b3a0f3f33c475.JPG,stove,1610.0,Q3,af,eg,Egypt,blip_baseline,"[""stove"", ""oven"", ""cooker"", ""cooktop"", ""hob""]",captioning,a stove with a blue kettle on top of it,,,,,True
5d4be22ecf0b3a0f3f33c475,5d4be22ecf0b3a0f3f33c475.JPG,stove,1610.0,Q3,af,eg,Egypt,blip_prompted,"[""stove"", ""oven"", ""cooker"", ""cooktop"", ""hob""]",captioning,the main household object in this image is a stove,,,,,True
5d4bde4dcf0b3a0f3f335e21,5d4bde4dcf0b3a0f3f335e21.jpg,stove,898.0,Q3,am,us,United States,clip,"[""stove"", ""oven"", ""cooker"", ""cooktop"", ""hob""]",classification,stove,stove,0.9957299828529358,1.0,,True
5d4bde4dcf0b3a0f3f335e21,5d4bde4dcf0b3a0f3f335e21.jpg,stove,898.0,Q3,am,us,United States,blip_baseline,"[""stove"", ""oven"", ""cooker"", ""cooktop"", ""hob""]",captioning,a pot of water is on the stove,,,,,True
5d4bde4dcf0b3a0f3f335e21,5d4bde4dcf0b3a0f3f335e21.jpg,stove,898.0,Q3,am,us,United States,blip_prompted,"[""stove"", ""oven"", ""cooker"", ""cooktop"", ""hob""]",captioning,the main household object in this image is a pot on the stove,,,,,True
5d4be0fecf0b3a0f3f33a415,5d4be0fecf0b3a0f3f33a415.jpeg,stove,1295.0,Q3,as,in,India,clip,"[""stove"", ""oven"", ""cooker"", ""cooktop"", ""hob""]",classification,stove,stove,0.9779200553894043,1.0,,True
5d4be0fecf0b3a0f3f33a415,5d4be0fecf0b3a0f3f33a415.jpeg,stove,1295.0,Q3,as,in,India,blip_baseline,"[""stove"", ""oven"", ""cooker"", ""cooktop"", ""hob""]",captioning,a stove with three pots on top of it,,,,,True
5d4be0fecf0b3a0f3f33a415,5d4be0fecf0b3a0f3f33a415.jpeg,stove,1295.0,Q3,as,in,India,blip_prompted,"[""stove"", ""oven"", ""cooker"", ""cooktop"", ""hob""]",captioning,the main household object in this image is the gas stove,,,,,True
5ec4fb02f0611d7ddd742487,5ec4fb02f0611d7ddd742487.jpg,stove,1482.0,Q3,am,co,Colombia,clip,"[""stove"", ""oven"", ""cooker"", ""cooktop"", ""hob""]",classification,stove,stove,0.985928475856781,1.0,,True
5ec4fb02f0611d7ddd742487,5ec4fb02f0611d7ddd742487.jpg,stove,1482.0,Q3,am,co,Colombia,blip_baseline,"[""stove"", ""oven"", ""cooker"", ""cooktop"", ""hob""]",captioning,a stove with a pot on top of it,,,,,True
5ec4fb02f0611d7ddd742487,5ec4fb02f0611d7ddd742487.jpg,stove,1482.0,Q3,am,co,Colombia,blip_prompted,"[""stove"", ""oven"", ""cooker"", ""cooktop"", ""hob""]",captioning,the main household object in this image is a gas stove,,,,,True
5d4befa8cf0b3a0f3f353974,5d4befa8cf0b3a0f3f353974.jpg,stove,6342.0,Q4,am,mx,Mexico,clip,"[""stove"", ""oven"", ""cooker"", ""cooktop"", ""hob""]",classification,stove,stove,0.9949677586555481,1.0,,True
5d4befa8cf0b3a0f3f353974,5d4befa8cf0b3a0f3f353974.jpg,stove,6342.0,Q4,am,mx,Mexico,blip_baseline,"[""stove"", ""oven"", ""cooker"", ""cooktop"", ""hob""]",captioning,a stove with a rack of cooking uts in it,,,,,True
5d4befa8cf0b3a0f3f353974,5d4befa8cf0b3a0f3f353974.jpg,stove,6342.0,Q4,am,mx,Mexico,blip_prompted,"[""stove"", ""oven"", ""cooker"", ""cooktop"", ""hob""]",captioning,the main household object in this image is a stove,,,,,True
5d4be106cf0b3a0f3f33a4fb,5d4be106cf0b3a0f3f33a4fb.JPG,stove,3611.0,Q4,as,in,India,clip,"[""stove"", ""oven"", ""cooker"", ""cooktop"", ""hob""]",classification,stove,stove,0.9774503707885742,1.0,,True
5d4be106cf0b3a0f3f33a4fb,5d4be106cf0b3a0f3f33a4fb.JPG,stove,3611.0,Q4,as,in,India,blip_baseline,"[""stove"", ""oven"", ""cooker"", ""cooktop"", ""hob""]",captioning,a stove with blue flames on it,,,,,True
5d4be106cf0b3a0f3f33a4fb,5d4be106cf0b3a0f3f33a4fb.JPG,stove,3611.0,Q4,as,in,India,blip_prompted,"[""stove"", ""oven"", ""cooker"", ""cooktop"", ""hob""]",captioning,the main household object in this image is a gas stove,,,,,True
5ec4f5caf4a4fb7dc0387a0c,5ec4f5caf4a4fb7dc0387a0c.jpg,stove,2642.0,Q4,eu,ru,Russia,clip,"[""stove"", ""oven"", ""cooker"", ""cooktop"", ""hob""]",classification,stove,stove,0.9536125063896179,1.0,,True
5ec4f5caf4a4fb7dc0387a0c,5ec4f5caf4a4fb7dc0387a0c.jpg,stove,2642.0,Q4,eu,ru,Russia,blip_baseline,"[""stove"", ""oven"", ""cooker"", ""cooktop"", ""hob""]",captioning,a black oven with a blue handle,,,,,True
5ec4f5caf4a4fb7dc0387a0c,5ec4f5caf4a4fb7dc0387a0c.jpg,stove,2642.0,Q4,eu,ru,Russia,blip_prompted,"[""stove"", ""oven"", ""cooker"", ""cooktop"", ""hob""]",captioning,the main household object in this image is a stove,,,,,True
5d4be048cf0b3a0f3f338f18,5d4be048cf0b3a0f3f338f18.jpg,stove,4559.0,Q4,am,us,United States,clip,"[""stove"", ""oven"", ""cooker"", ""cooktop"", ""hob""]",classification,stove,stove,0.9871050119400024,1.0,,True
5d4be048cf0b3a0f3f338f18,5d4be048cf0b3a0f3f338f18.jpg,stove,4559.0,Q4,am,us,United States,blip_baseline,"[""stove"", ""oven"", ""cooker"", ""cooktop"", ""hob""]",captioning,a white stove with a kettle on top,,,,,True
5d4be048cf0b3a0f3f338f18,5d4be048cf0b3a0f3f338f18.jpg,stove,4559.0,Q4,am,us,United States,blip_prompted,"[""stove"", ""oven"", ""cooker"", ""cooktop"", ""hob""]",captioning,the main household object in this image is a kettle and a kettle on the stove,,,,,True
5ec4f948f0611d7ddd741601,5ec4f948f0611d7ddd741601.JPG,stove,5795.0,Q4,as,in,India,clip,"[""stove"", ""oven"", ""cooker"", ""cooktop"", ""hob""]",classification,stove,stove,0.9722708463668823,1.0,,True
5ec4f948f0611d7ddd741601,5ec4f948f0611d7ddd741601.JPG,stove,5795.0,Q4,as,in,India,blip_baseline,"[""stove"", ""oven"", ""cooker"", ""cooktop"", ""hob""]",captioning,a black stove,,,,,True
5ec4f948f0611d7ddd741601,5ec4f948f0611d7ddd741601.JPG,stove,5795.0,Q4,as,in,India,blip_prompted,"[""stove"", ""oven"", ""cooker"", ""cooktop"", ""hob""]",captioning,the main household object in this image is a gas stove,,,,,True
5d4be0ddcf0b3a0f3f33a03d,5d4be0ddcf0b3a0f3f33a03d.JPG,stove,2370.0,Q4,eu,nl,Netherlands,clip,"[""stove"", ""oven"", ""cooker"", ""cooktop"", ""hob""]",classification,stove,stove,0.8772523403167725,1.0,,True
5d4be0ddcf0b3a0f3f33a03d,5d4be0ddcf0b3a0f3f33a03d.JPG,stove,2370.0,Q4,eu,nl,Netherlands,blip_baseline,"[""stove"", ""oven"", ""cooker"", ""cooktop"", ""hob""]",captioning,a stove with a pot on top of it,,,,,True
5d4be0ddcf0b3a0f3f33a03d,5d4be0ddcf0b3a0f3f33a03d.JPG,stove,2370.0,Q4,eu,nl,Netherlands,blip_prompted,"[""stove"", ""oven"", ""cooker"", ""cooktop"", ""hob""]",captioning,the main household object in this image is a stove,,,,,True
5d4be1bbcf0b3a0f3f33b8c9,5d4be1bbcf0b3a0f3f33b8c9.jpg,stove,3356.0,Q4,am,br,Brazil,clip,"[""stove"", ""oven"", ""cooker"", ""cooktop"", ""hob""]",classification,stove,stove,0.944667637348175,1.0,,True
5d4be1bbcf0b3a0f3f33b8c9,5d4be1bbcf0b3a0f3f33b8c9.jpg,stove,3356.0,Q4,am,br,Brazil,blip_baseline,"[""stove"", ""oven"", ""cooker"", ""cooktop"", ""hob""]",captioning,a woman is standing in front of a stove,,,,,True
5d4be1bbcf0b3a0f3f33b8c9,5d4be1bbcf0b3a0f3f33b8c9.jpg,stove,3356.0,Q4,am,br,Brazil,blip_prompted,"[""stove"", ""oven"", ""cooker"", ""cooktop"", ""hob""]",captioning,the main household object in this image is a stove,,,,,True
5d4beee5cf0b3a0f3f3523d2,5d4beee5cf0b3a0f3f3523d2.jpg,trash container,67.67970667,Q1,af,ng,Nigeria,clip,"[""trash can"", ""garbage can"", ""garbage bin"", ""waste bin"", ""dustbin"", ""dumpster""]",classification,trash container,trash container,0.8811230063438416,1.0,,True
5d4beee5cf0b3a0f3f3523d2,5d4beee5cf0b3a0f3f3523d2.jpg,trash container,67.67970667,Q1,af,ng,Nigeria,blip_baseline,"[""trash can"", ""garbage can"", ""garbage bin"", ""waste bin"", ""dustbin"", ""dumpster""]",captioning,a dirt road with trash and trash on it,,,,,False
5d4beee5cf0b3a0f3f3523d2,5d4beee5cf0b3a0f3f3523d2.jpg,trash container,67.67970667,Q1,af,ng,Nigeria,blip_prompted,"[""trash can"", ""garbage can"", ""garbage bin"", ""waste bin"", ""dustbin"", ""dumpster""]",captioning,the main household object in this image is garbage,,,,,False
5d4bf27dcf0b3a0f3f358554,5d4bf27dcf0b3a0f3f358554.jpg,trash container,144.688254,Q1,am,co,Colombia,clip,"[""trash can"", ""garbage can"", ""garbage bin"", ""waste bin"", ""dustbin"", ""dumpster""]",classification,stove,stove,0.6444879174232483,2.0,,False
5d4bf27dcf0b3a0f3f358554,5d4bf27dcf0b3a0f3f358554.jpg,trash container,144.688254,Q1,am,co,Colombia,blip_baseline,"[""trash can"", ""garbage can"", ""garbage bin"", ""waste bin"", ""dustbin"", ""dumpster""]",captioning,a pile of garbage in a wooden box,,,,,False
5d4bf27dcf0b3a0f3f358554,5d4bf27dcf0b3a0f3f358554.jpg,trash container,144.688254,Q1,am,co,Colombia,blip_prompted,"[""trash can"", ""garbage can"", ""garbage bin"", ""waste bin"", ""dustbin"", ""dumpster""]",captioning,the main household object in this image is a wooden box with a bunch of flowers inside,,,,,False
5d4beeb5cf0b3a0f3f351e3c,5d4beeb5cf0b3a0f3f351e3c.jpg,trash container,195.4533587,Q1,as,ph,Philippines,clip,"[""trash can"", ""garbage can"", ""garbage bin"", ""waste bin"", ""dustbin"", ""dumpster""]",classification,trash container,trash container,0.870446503162384,1.0,,True
5d4beeb5cf0b3a0f3f351e3c,5d4beeb5cf0b3a0f3f351e3c.jpg,trash container,195.4533587,Q1,as,ph,Philippines,blip_baseline,"[""trash can"", ""garbage can"", ""garbage bin"", ""waste bin"", ""dustbin"", ""dumpster""]",captioning,a green trash can sitting next to a blue trash can,,,,,True
5d4beeb5cf0b3a0f3f351e3c,5d4beeb5cf0b3a0f3f351e3c.jpg,trash container,195.4533587,Q1,as,ph,Philippines,blip_prompted,"[""trash can"", ""garbage can"", ""garbage bin"", ""waste bin"", ""dustbin"", ""dumpster""]",captioning,the main household object in this image is a green plastic container,,,,,False
5d4bf349cf0b3a0f3f359cee,5d4bf349cf0b3a0f3f359cee.jpg,trash container,40.19755831,Q1,af,bi,Burundi,clip,"[""trash can"", ""garbage can"", ""garbage bin"", ""waste bin"", ""dustbin"", ""dumpster""]",classification,footwear,footwear,0.7222606539726257,5.0,,False
5d4bf349cf0b3a0f3f359cee,5d4bf349cf0b3a0f3f359cee.jpg,trash container,40.19755831,Q1,af,bi,Burundi,blip_baseline,"[""trash can"", ""garbage can"", ""garbage bin"", ""waste bin"", ""dustbin"", ""dumpster""]",captioning,a small blue toy is in the dirt,,,,,False
5d4bf349cf0b3a0f3f359cee,5d4bf349cf0b3a0f3f359cee.jpg,trash container,40.19755831,Q1,af,bi,Burundi,blip_prompted,"[""trash can"", ""garbage can"", ""garbage bin"", ""waste bin"", ""dustbin"", ""dumpster""]",captioning,the main household object in this image is a blue plastic cup,,,,,False
5d4be7b6cf0b3a0f3f345f1c,5d4be7b6cf0b3a0f3f345f1c.jpg,trash container,65.20651387,Q1,as,bd,Bangladesh,clip,"[""trash can"", ""garbage can"", ""garbage bin"", ""waste bin"", ""dustbin"", ""dumpster""]",classification,trash container,trash container,0.7069120407104492,1.0,,True
5d4be7b6cf0b3a0f3f345f1c,5d4be7b6cf0b3a0f3f345f1c.jpg,trash container,65.20651387,Q1,as,bd,Bangladesh,blip_baseline,"[""trash can"", ""garbage can"", ""garbage bin"", ""waste bin"", ""dustbin"", ""dumpster""]",captioning,a pile of trash on the ground,,,,,False
5d4be7b6cf0b3a0f3f345f1c,5d4be7b6cf0b3a0f3f345f1c.jpg,trash container,65.20651387,Q1,as,bd,Bangladesh,blip_prompted,"[""trash can"", ""garbage can"", ""garbage bin"", ""waste bin"", ""dustbin"", ""dumpster""]",captioning,the main household object in this image is a pile of garbage,,,,,False
5d4be1c8cf0b3a0f3f33b9cf,5d4be1c8cf0b3a0f3f33b9cf.JPG,trash container,82.0,Q1,af,ke,Kenya,clip,"[""trash can"", ""garbage can"", ""garbage bin"", ""waste bin"", ""dustbin"", ""dumpster""]",classification,footwear,footwear,0.7202039361000061,2.0,,False
5d4be1c8cf0b3a0f3f33b9cf,5d4be1c8cf0b3a0f3f33b9cf.JPG,trash container,82.0,Q1,af,ke,Kenya,blip_baseline,"[""trash can"", ""garbage can"", ""garbage bin"", ""waste bin"", ""dustbin"", ""dumpster""]",captioning,a pile of trash sitting in the grass,,,,,False
5d4be1c8cf0b3a0f3f33b9cf,5d4be1c8cf0b3a0f3f33b9cf.JPG,trash container,82.0,Q1,af,ke,Kenya,blip_prompted,"[""trash can"", ""garbage can"", ""garbage bin"", ""waste bin"", ""dustbin"", ""dumpster""]",captioning,the main household object in this image is a pile of garbage,,,,,False
5d4be7afcf0b3a0f3f345e48,5d4be7afcf0b3a0f3f345e48.jpg,trash container,72.10457258,Q1,as,bd,Bangladesh,clip,"[""trash can"", ""garbage can"", ""garbage bin"", ""waste bin"", ""dustbin"", ""dumpster""]",classification,trash container,trash container,0.43903809785842896,1.0,,True
5d4be7afcf0b3a0f3f345e48,5d4be7afcf0b3a0f3f345e48.jpg,trash container,72.10457258,Q1,as,bd,Bangladesh,blip_baseline,"[""trash can"", ""garbage can"", ""garbage bin"", ""waste bin"", ""dustbin"", ""dumpster""]",captioning,a bucket is sitting on the ground,,,,,False
5d4be7afcf0b3a0f3f345e48,5d4be7afcf0b3a0f3f345e48.jpg,trash container,72.10457258,Q1,as,bd,Bangladesh,blip_prompted,"[""trash can"", ""garbage can"", ""garbage bin"", ""waste bin"", ""dustbin"", ""dumpster""]",captioning,the main household object in this image is a bucket,,,,,False
5d4bdf69cf0b3a0f3f337997,5d4bdf69cf0b3a0f3f337997.jpg,trash container,228.0,Q2,af,tz,Tanzania,clip,"[""trash can"", ""garbage can"", ""garbage bin"", ""waste bin"", ""dustbin"", ""dumpster""]",classification,trash container,trash container,0.7758539319038391,1.0,,True
5d4bdf69cf0b3a0f3f337997,5d4bdf69cf0b3a0f3f337997.jpg,trash container,228.0,Q2,af,tz,Tanzania,blip_baseline,"[""trash can"", ""garbage can"", ""garbage bin"", ""waste bin"", ""dustbin"", ""dumpster""]",captioning,a white basket with a bunch of beer bottles,,,,,False
5d4bdf69cf0b3a0f3f337997,5d4bdf69cf0b3a0f3f337997.jpg,trash container,228.0,Q2,af,tz,Tanzania,blip_prompted,"[""trash can"", ""garbage can"", ""garbage bin"", ""waste bin"", ""dustbin"", ""dumpster""]",captioning,the main household object in this image is a basket of beer bottles,,,,,False
5ec4fb83f0611d7ddd7428c0,5ec4fb83f0611d7ddd7428c0.jpg,trash container,261.0,Q2,am,co,Colombia,clip,"[""trash can"", ""garbage can"", ""garbage bin"", ""waste bin"", ""dustbin"", ""dumpster""]",classification,trash container,trash container,0.9887456297874451,1.0,,True
5ec4fb83f0611d7ddd7428c0,5ec4fb83f0611d7ddd7428c0.jpg,trash container,261.0,Q2,am,co,Colombia,blip_baseline,"[""trash can"", ""garbage can"", ""garbage bin"", ""waste bin"", ""dustbin"", ""dumpster""]",captioning,a black trash bag sitting on the floor,,,,,False
5ec4fb83f0611d7ddd7428c0,5ec4fb83f0611d7ddd7428c0.jpg,trash container,261.0,Q2,am,co,Colombia,blip_prompted,"[""trash can"", ""garbage can"", ""garbage bin"", ""waste bin"", ""dustbin"", ""dumpster""]",captioning,the main household object in this image is a trash bag,,,,,False
5d4becffcf0b3a0f3f34ed6c,5d4becffcf0b3a0f3f34ed6c.jpg,trash container,265.5253567,Q2,as,vn,Vietnam,clip,"[""trash can"", ""garbage can"", ""garbage bin"", ""waste bin"", ""dustbin"", ""dumpster""]",classification,trash container,trash container,0.6535497307777405,1.0,,True
5d4becffcf0b3a0f3f34ed6c,5d4becffcf0b3a0f3f34ed6c.jpg,trash container,265.5253567,Q2,as,vn,Vietnam,blip_baseline,"[""trash can"", ""garbage can"", ""garbage bin"", ""waste bin"", ""dustbin"", ""dumpster""]",captioning,a green basket filled with ice and a bottle of water,,,,,False
5d4becffcf0b3a0f3f34ed6c,5d4becffcf0b3a0f3f34ed6c.jpg,trash container,265.5253567,Q2,as,vn,Vietnam,blip_prompted,"[""trash can"", ""garbage can"", ""garbage bin"", ""waste bin"", ""dustbin"", ""dumpster""]",captioning,the main household object in this image is a basket of ice,,,,,False
5d4bee51cf0b3a0f3f3512b8,5d4bee51cf0b3a0f3f3512b8.jpg,trash container,460.0,Q2,af,rw,Rwanda,clip,"[""trash can"", ""garbage can"", ""garbage bin"", ""waste bin"", ""dustbin"", ""dumpster""]",classification,footwear,footwear,0.7655875086784363,3.0,,False
5d4bee51cf0b3a0f3f3512b8,5d4bee51cf0b3a0f3f3512b8.jpg,trash container,460.0,Q2,af,rw,Rwanda,blip_baseline,"[""trash can"", ""garbage can"", ""garbage bin"", ""waste bin"", ""dustbin"", ""dumpster""]",captioning,a pile of dirt with a blue cloth on it,,,,,False
5d4bee51cf0b3a0f3f3512b8,5d4bee51cf0b3a0f3f3512b8.jpg,trash container,460.0,Q2,af,rw,Rwanda,blip_prompted,"[""trash can"", ""garbage can"", ""garbage bin"", ""waste bin"", ""dustbin"", ""dumpster""]",captioning,the main household object in this image is a pile of dirt,,,,,False
5d4bf3e7cf0b3a0f3f35abe2,5d4bf3e7cf0b3a0f3f35abe2.jpg,trash container,264.9009279,Q2,am,bo,Bolivia,clip,"[""trash can"", ""garbage can"", ""garbage bin"", ""waste bin"", ""dustbin"", ""dumpster""]",classification,trash container,trash container,0.9140405654907227,1.0,,True
5d4bf3e7cf0b3a0f3f35abe2,5d4bf3e7cf0b3a0f3f35abe2.jpg,trash container,264.9009279,Q2,am,bo,Bolivia,blip_baseline,"[""trash can"", ""garbage can"", ""garbage bin"", ""waste bin"", ""dustbin"", ""dumpster""]",captioning,a pile of trash on the side of a road,,,,,False
5d4bf3e7cf0b3a0f3f35abe2,5d4bf3e7cf0b3a0f3f35abe2.jpg,trash container,264.9009279,Q2,am,bo,Bolivia,blip_prompted,"[""trash can"", ""garbage can"", ""garbage bin"", ""waste bin"", ""dustbin"", ""dumpster""]",captioning,the main household object in this image is a pile of garbage,,,,,False
5d4be76ecf0b3a0f3f3456d4,5d4be76ecf0b3a0f3f3456d4.jpg,trash container,308.0,Q2,as,id,Indonesia,clip,"[""trash can"", ""garbage can"", ""garbage bin"", ""waste bin"", ""dustbin"", ""dumpster""]",classification,trash container,trash container,0.577763020992279,1.0,,True
5d4be76ecf0b3a0f3f3456d4,5d4be76ecf0b3a0f3f3456d4.jpg,trash container,308.0,Q2,as,id,Indonesia,blip_baseline,"[""trash can"", ""garbage can"", ""garbage bin"", ""waste bin"", ""dustbin"", ""dumpster""]",captioning,a bag of garbage sitting on the ground,,,,,False
5d4be76ecf0b3a0f3f3456d4,5d4be76ecf0b3a0f3f3456d4.jpg,trash container,308.0,Q2,as,id,Indonesia,blip_prompted,"[""trash can"", ""garbage can"", ""garbage bin"", ""waste bin"", ""dustbin"", ""dumpster""]",captioning,the main household object in this image is a bag of garbage,,,,,False
5d4bf191cf0b3a0f3f356bb4,5d4bf191cf0b3a0f3f356bb4.jpg,trash container,245.2917235,Q2,as,in,India,clip,"[""trash can"", ""garbage can"", ""garbage bin"", ""waste bin"", ""dustbin"", ""dumpster""]",classification,roof,roof,0.29469260573387146,4.0,,False
5d4bf191cf0b3a0f3f356bb4,5d4bf191cf0b3a0f3f356bb4.jpg,trash container,245.2917235,Q2,as,in,India,blip_baseline,"[""trash can"", ""garbage can"", ""garbage bin"", ""waste bin"", ""dustbin"", ""dumpster""]",captioning,a dog standing on a dirt road next to a pile of garbage,,,,,False
5d4bf191cf0b3a0f3f356bb4,5d4bf191cf0b3a0f3f356bb4.jpg,trash container,245.2917235,Q2,as,in,India,blip_prompted,"[""trash can"", ""garbage can"", ""garbage bin"", ""waste bin"", ""dustbin"", ""dumpster""]",captioning,the main household object in this image is a dog,,,,,False
5ec4f9e1f0611d7ddd741b27,5ec4f9e1f0611d7ddd741b27.JPG,trash container,719.0,Q3,af,et,Ethiopia,clip,"[""trash can"", ""garbage can"", ""garbage bin"", ""waste bin"", ""dustbin"", ""dumpster""]",classification,trash container,trash container,0.43260258436203003,1.0,,True
5ec4f9e1f0611d7ddd741b27,5ec4f9e1f0611d7ddd741b27.JPG,trash container,719.0,Q3,af,et,Ethiopia,blip_baseline,"[""trash can"", ""garbage can"", ""garbage bin"", ""waste bin"", ""dustbin"", ""dumpster""]",captioning,a bag of garbage sitting in front of a green wall,,,,,False
5ec4f9e1f0611d7ddd741b27,5ec4f9e1f0611d7ddd741b27.JPG,trash container,719.0,Q3,af,et,Ethiopia,blip_prompted,"[""trash can"", ""garbage can"", ""garbage bin"", ""waste bin"", ""dustbin"", ""dumpster""]",captioning,the main household object in this image is a basket,,,,,False
5d4bef87cf0b3a0f3f3536b6,5d4bef87cf0b3a0f3f3536b6.jpg,trash container,1080.0,Q3,am,mx,Mexico,clip,"[""trash can"", ""garbage can"", ""garbage bin"", ""waste bin"", ""dustbin"", ""dumpster""]",classification,trash container,trash container,0.9728267192840576,1.0,,True
5d4bef87cf0b3a0f3f3536b6,5d4bef87cf0b3a0f3f3536b6.jpg,trash container,1080.0,Q3,am,mx,Mexico,blip_baseline,"[""trash can"", ""garbage can"", ""garbage bin"", ""waste bin"", ""dustbin"", ""dumpster""]",captioning,a green trash can with a plastic container,,,,,True
5d4bef87cf0b3a0f3f3536b6,5d4bef87cf0b3a0f3f3536b6.jpg,trash container,1080.0,Q3,am,mx,Mexico,blip_prompted,"[""trash can"", ""garbage can"", ""garbage bin"", ""waste bin"", ""dustbin"", ""dumpster""]",captioning,the main household object in this image is a plastic container with a plastic ball inside,,,,,False
5d4bdfefcf0b3a0f3f33871e,5d4bdfefcf0b3a0f3f33871e.jpg,trash container,1308.0,Q3,as,pk,Pakistan,clip,"[""trash can"", ""garbage can"", ""garbage bin"", ""waste bin"", ""dustbin"", ""dumpster""]",classification,trash container,trash container,0.9887384176254272,1.0,,True
5d4bdfefcf0b3a0f3f33871e,5d4bdfefcf0b3a0f3f33871e.jpg,trash container,1308.0,Q3,as,pk,Pakistan,blip_baseline,"[""trash can"", ""garbage can"", ""garbage bin"", ""waste bin"", ""dustbin"", ""dumpster""]",captioning,a white bag with a black handle,,,,,False
5d4bdfefcf0b3a0f3f33871e,5d4bdfefcf0b3a0f3f33871e.jpg,trash container,1308.0,Q3,as,pk,Pakistan,blip_prompted,"[""trash can"", ""garbage can"", ""garbage bin"", ""waste bin"", ""dustbin"", ""dumpster""]",captioning,the main household object in this image is a trash bag,,,,,False
5d4bdf79cf0b3a0f3f337b57,5d4bdf79cf0b3a0f3f337b57.jpg,trash container,1193.0,Q3,eu,rs,Serbia,clip,"[""trash can"", ""garbage can"", ""garbage bin"", ""waste bin"", ""dustbin"", ""dumpster""]",classification,trash container,trash container,0.9775915145874023,1.0,,True
5d4bdf79cf0b3a0f3f337b57,5d4bdf79cf0b3a0f3f337b57.jpg,trash container,1193.0,Q3,eu,rs,Serbia,blip_baseline,"[""trash can"", ""garbage can"", ""garbage bin"", ""waste bin"", ""dustbin"", ""dumpster""]",captioning,a plastic bag filled with food and a bag of chips,,,,,False
5d4bdf79cf0b3a0f3f337b57,5d4bdf79cf0b3a0f3f337b57.jpg,trash container,1193.0,Q3,eu,rs,Serbia,blip_prompted,"[""trash can"", ""garbage can"", ""garbage bin"", ""waste bin"", ""dustbin"", ""dumpster""]",captioning,the main household object in this image is a plastic bag,,,,,False
5d4bf40ecf0b3a0f3f35afd2,5d4bf40ecf0b3a0f3f35afd2.jpg,trash container,780.9956673,Q3,as,cn,China,clip,"[""trash can"", ""garbage can"", ""garbage bin"", ""waste bin"", ""dustbin"", ""dumpster""]",classification,trash container,trash container,0.7645844221115112,1.0,,True
5d4bf40ecf0b3a0f3f35afd2,5d4bf40ecf0b3a0f3f35afd2.jpg,trash container,780.9956673,Q3,as,cn,China,blip_baseline,"[""trash can"", ""garbage can"", ""garbage bin"", ""waste bin"", ""dustbin"", ""dumpster""]",captioning,a dirty toilet with a plastic bag on the floor,,,,,False
5d4bf40ecf0b3a0f3f35afd2,5d4bf40ecf0b3a0f3f35afd2.jpg,trash container,780.9956673,Q3,as,cn,China,blip_prompted,"[""trash can"", ""garbage can"", ""garbage bin"", ""waste bin"", ""dustbin"", ""dumpster""]",captioning,the main household object in this image is a toilet,,,,,False
5d4be956cf0b3a0f3f3486e4,5d4be956cf0b3a0f3f3486e4.jpg,trash container,694.0,Q3,eu,ua,Ukraine,clip,"[""trash can"", ""garbage can"", ""garbage bin"", ""waste bin"", ""dustbin"", ""dumpster""]",classification,trash container,trash container,0.9608423113822937,1.0,,True
5d4be956cf0b3a0f3f3486e4,5d4be956cf0b3a0f3f3486e4.jpg,trash container,694.0,Q3,eu,ua,Ukraine,blip_baseline,"[""trash can"", ""garbage can"", ""garbage bin"", ""waste bin"", ""dustbin"", ""dumpster""]",captioning,a pile of garbage on the side of a road,,,,,False
5d4be956cf0b3a0f3f3486e4,5d4be956cf0b3a0f3f3486e4.jpg,trash container,694.0,Q3,eu,ua,Ukraine,blip_prompted,"[""trash can"", ""garbage can"", ""garbage bin"", ""waste bin"", ""dustbin"", ""dumpster""]",captioning,the main household object in this image is a dump,,,,,False
5d4bf18bcf0b3a0f3f356b06,5d4bf18bcf0b3a0f3f356b06.jpg,trash container,724.0,Q3,as,in,India,clip,"[""trash can"", ""garbage can"", ""garbage bin"", ""waste bin"", ""dustbin"", ""dumpster""]",classification,trash container,trash container,0.9911598563194275,1.0,,True
5d4bf18bcf0b3a0f3f356b06,5d4bf18bcf0b3a0f3f356b06.jpg,trash container,724.0,Q3,as,in,India,blip_baseline,"[""trash can"", ""garbage can"", ""garbage bin"", ""waste bin"", ""dustbin"", ""dumpster""]",captioning,a toilet with a paper bag on the floor,,,,,False
5d4bf18bcf0b3a0f3f356b06,5d4bf18bcf0b3a0f3f356b06.jpg,trash container,724.0,Q3,as,in,India,blip_prompted,"[""trash can"", ""garbage can"", ""garbage bin"", ""waste bin"", ""dustbin"", ""dumpster""]",captioning,the main household object in this image is a paper bag,,,,,False
5ec4fa3cf0611d7ddd741e2c,5ec4fa3cf0611d7ddd741e2c.JPG,trash container,6316.0,Q4,af,et,Ethiopia,clip,"[""trash can"", ""garbage can"", ""garbage bin"", ""waste bin"", ""dustbin"", ""dumpster""]",classification,trash container,trash container,0.9914557337760925,1.0,,True
5ec4fa3cf0611d7ddd741e2c,5ec4fa3cf0611d7ddd741e2c.JPG,trash container,6316.0,Q4,af,et,Ethiopia,blip_baseline,"[""trash can"", ""garbage can"", ""garbage bin"", ""waste bin"", ""dustbin"", ""dumpster""]",captioning,a purple trash can sitting on a tiled floor,,,,,True
5ec4fa3cf0611d7ddd741e2c,5ec4fa3cf0611d7ddd741e2c.JPG,trash container,6316.0,Q4,af,et,Ethiopia,blip_prompted,"[""trash can"", ""garbage can"", ""garbage bin"", ""waste bin"", ""dustbin"", ""dumpster""]",captioning,the main household object in this image is a purple trash can,,,,,True
5ec4f845f0611d7ddd740d5c,5ec4f845f0611d7ddd740d5c.JPG,trash container,5125.0,Q4,am,us,United States,clip,"[""trash can"", ""garbage can"", ""garbage bin"", ""waste bin"", ""dustbin"", ""dumpster""]",classification,trash container,trash container,0.737223207950592,1.0,,True
5ec4f845f0611d7ddd740d5c,5ec4f845f0611d7ddd740d5c.JPG,trash container,5125.0,Q4,am,us,United States,blip_baseline,"[""trash can"", ""garbage can"", ""garbage bin"", ""waste bin"", ""dustbin"", ""dumpster""]",captioning,a stainless refrigerator sitting on a wooden floor,,,,,False
5ec4f845f0611d7ddd740d5c,5ec4f845f0611d7ddd740d5c.JPG,trash container,5125.0,Q4,am,us,United States,blip_prompted,"[""trash can"", ""garbage can"", ""garbage bin"", ""waste bin"", ""dustbin"", ""dumpster""]",captioning,the main household object in this image is a refrigerator,,,,,False
5d4be134cf0b3a0f3f33aa59,5d4be134cf0b3a0f3f33aa59.jpg,trash container,4621.0,Q4,as,in,India,clip,"[""trash can"", ""garbage can"", ""garbage bin"", ""waste bin"", ""dustbin"", ""dumpster""]",classification,trash container,trash container,0.9597086310386658,1.0,,True
5d4be134cf0b3a0f3f33aa59,5d4be134cf0b3a0f3f33aa59.jpg,trash container,4621.0,Q4,as,in,India,blip_baseline,"[""trash can"", ""garbage can"", ""garbage bin"", ""waste bin"", ""dustbin"", ""dumpster""]",captioning,a metal basket with a piece of fruit inside,,,,,False
5d4be134cf0b3a0f3f33aa59,5d4be134cf0b3a0f3f33aa59.jpg,trash container,4621.0,Q4,as,in,India,blip_prompted,"[""trash can"", ""garbage can"", ""garbage bin"", ""waste bin"", ""dustbin"", ""dumpster""]",captioning,the main household object in this image is a basket of food,,,,,False
5d4be8dccf0b3a0f3f3478b6,5d4be8dccf0b3a0f3f3478b6.jpg,trash container,3363.3971,Q4,eu,ua,Ukraine,clip,"[""trash can"", ""garbage can"", ""garbage bin"", ""waste bin"", ""dustbin"", ""dumpster""]",classification,trash container,trash container,0.9860347509384155,1.0,,True
5d4be8dccf0b3a0f3f3478b6,5d4be8dccf0b3a0f3f3478b6.jpg,trash container,3363.3971,Q4,eu,ua,Ukraine,blip_baseline,"[""trash can"", ""garbage can"", ""garbage bin"", ""waste bin"", ""dustbin"", ""dumpster""]",captioning,a blue trash bag,,,,,False
5d4be8dccf0b3a0f3f3478b6,5d4be8dccf0b3a0f3f3478b6.jpg,trash container,3363.3971,Q4,eu,ua,Ukraine,blip_prompted,"[""trash can"", ""garbage can"", ""garbage bin"", ""waste bin"", ""dustbin"", ""dumpster""]",captioning,the main household object in this image is a blue bag,,,,,False
5d4befa5cf0b3a0f3f353924,5d4befa5cf0b3a0f3f353924.jpg,trash container,6342.0,Q4,am,mx,Mexico,clip,"[""trash can"", ""garbage can"", ""garbage bin"", ""waste bin"", ""dustbin"", ""dumpster""]",classification,trash container,trash container,0.9943307638168335,1.0,,True
5d4befa5cf0b3a0f3f353924,5d4befa5cf0b3a0f3f353924.jpg,trash container,6342.0,Q4,am,mx,Mexico,blip_baseline,"[""trash can"", ""garbage can"", ""garbage bin"", ""waste bin"", ""dustbin"", ""dumpster""]",captioning,a trash can be seen in the corner of a door,,,,,True
5d4befa5cf0b3a0f3f353924,5d4befa5cf0b3a0f3f353924.jpg,trash container,6342.0,Q4,am,mx,Mexico,blip_prompted,"[""trash can"", ""garbage can"", ""garbage bin"", ""waste bin"", ""dustbin"", ""dumpster""]",captioning,the main household object in this image is a trash can,,,,,True
5d4be0becf0b3a0f3f339caf,5d4be0becf0b3a0f3f339caf.jpg,trash container,2340.0,Q4,as,in,India,clip,"[""trash can"", ""garbage can"", ""garbage bin"", ""waste bin"", ""dustbin"", ""dumpster""]",classification,trash container,trash container,0.9954144954681396,1.0,,True
5d4be0becf0b3a0f3f339caf,5d4be0becf0b3a0f3f339caf.jpg,trash container,2340.0,Q4,as,in,India,blip_baseline,"[""trash can"", ""garbage can"", ""garbage bin"", ""waste bin"", ""dustbin"", ""dumpster""]",captioning,a trash can be seen in the picture,,,,,True
5d4be0becf0b3a0f3f339caf,5d4be0becf0b3a0f3f339caf.jpg,trash container,2340.0,Q4,as,in,India,blip_prompted,"[""trash can"", ""garbage can"", ""garbage bin"", ""waste bin"", ""dustbin"", ""dumpster""]",captioning,the main household object in this image is a trash bin,,,,,False
5ec4f5c4f4a4fb7dc03879d4,5ec4f5c4f4a4fb7dc03879d4.jpg,trash container,2642.0,Q4,eu,ru,Russia,clip,"[""trash can"", ""garbage can"", ""garbage bin"", ""waste bin"", ""dustbin"", ""dumpster""]",classification,trash container,trash container,0.9936750531196594,1.0,,True
5ec4f5c4f4a4fb7dc03879d4,5ec4f5c4f4a4fb7dc03879d4.jpg,trash container,2642.0,Q4,eu,ru,Russia,blip_baseline,"[""trash can"", ""garbage can"", ""garbage bin"", ""waste bin"", ""dustbin"", ""dumpster""]",captioning,a trash can be found in a kitchen,,,,,True
5ec4f5c4f4a4fb7dc03879d4,5ec4f5c4f4a4fb7dc03879d4.jpg,trash container,2642.0,Q4,eu,ru,Russia,blip_prompted,"[""trash can"", ""garbage can"", ""garbage bin"", ""waste bin"", ""dustbin"", ""dumpster""]",captioning,the main household object in this image is a yellow trash can,,,,,True
5d4bed80cf0b3a0f3f34fbb2,5d4bed80cf0b3a0f3f34fbb2.jpg,switch,116.4314704,Q1,af,tn,Tunisia,clip,"[""switch"", ""light switch"", ""power switch""]",classification,switch,switch,0.9910359382629395,1.0,,True
5d4bed80cf0b3a0f3f34fbb2,5d4bed80cf0b3a0f3f34fbb2.jpg,switch,116.4314704,Q1,af,tn,Tunisia,blip_baseline,"[""switch"", ""light switch"", ""power switch""]",captioning,a light switch in a white wall,,,,,True
5d4bed80cf0b3a0f3f34fbb2,5d4bed80cf0b3a0f3f34fbb2.jpg,switch,116.4314704,Q1,af,tn,Tunisia,blip_prompted,"[""switch"", ""light switch"", ""power switch""]",captioning,the main household object in this image is a white light switch,,,,,True
5d4bf260cf0b3a0f3f3582cc,5d4bf260cf0b3a0f3f3582cc.jpg,switch,144.688254,Q1,am,co,Colombia,clip,"[""switch"", ""light switch"", ""power switch""]",classification,switch,switch,0.4525269567966461,1.0,,True
5d4bf260cf0b3a0f3f3582cc,5d4bf260cf0b3a0f3f3582cc.jpg,switch,144.688254,Q1,am,co,Colombia,blip_baseline,"[""switch"", ""light switch"", ""power switch""]",captioning,a bottle of beer is being held up,,,,,False
5d4bf260cf0b3a0f3f3582cc,5d4bf260cf0b3a0f3f3582cc.jpg,switch,144.688254,Q1,am,co,Colombia,blip_prompted,"[""switch"", ""light switch"", ""power switch""]",captioning,the main household object in this image is a bottle of water,,,,,False
5d4beab2cf0b3a0f3f34aea4,5d4beab2cf0b3a0f3f34aea4.jpg,switch,170.0,Q1,as,in,India,clip,"[""switch"", ""light switch"", ""power switch""]",classification,switch,switch,0.9088994264602661,1.0,,True
5d4beab2cf0b3a0f3f34aea4,5d4beab2cf0b3a0f3f34aea4.jpg,switch,170.0,Q1,as,in,India,blip_baseline,"[""switch"", ""light switch"", ""power switch""]",captioning,a green electrical panel,,,,,False
5d4beab2cf0b3a0f3f34aea4,5d4beab2cf0b3a0f3f34aea4.jpg,switch,170.0,Q1,as,in,India,blip_prompted,"[""switch"", ""light switch"", ""power switch""]",captioning,the main household object in this image is a switch box,,,,,True
5d4bec7acf0b3a0f3f34dfca,5d4bec7acf0b3a0f3f34dfca.jpg,switch,124.9655714,Q1,as,bd,Bangladesh,clip,"[""switch"", ""light switch"", ""power switch""]",classification,switch,switch,0.8088013529777527,1.0,,True
5d4bec7acf0b3a0f3f34dfca,5d4bec7acf0b3a0f3f34dfca.jpg,switch,124.9655714,Q1,as,bd,Bangladesh,blip_baseline,"[""switch"", ""light switch"", ""power switch""]",captioning,a white electrical outlet on a metal surface,,,,,False
5d4bec7acf0b3a0f3f34dfca,5d4bec7acf0b3a0f3f34dfca.jpg,switch,124.9655714,Q1,as,bd,Bangladesh,blip_prompted,"[""switch"", ""light switch"", ""power switch""]",captioning,the main household object in this image is a switch box,,,,,True
5d4bf151cf0b3a0f3f356556,5d4bf151cf0b3a0f3f356556.jpg,switch,209.7449238,Q1,as,id,Indonesia,clip,"[""switch"", ""light switch"", ""power switch""]",classification,switch,switch,0.9767000079154968,1.0,,True
5d4bf151cf0b3a0f3f356556,5d4bf151cf0b3a0f3f356556.jpg,switch,209.7449238,Q1,as,id,Indonesia,blip_baseline,"[""switch"", ""light switch"", ""power switch""]",captioning,a white light switch on a brick wall,,,,,True
5d4bf151cf0b3a0f3f356556,5d4bf151cf0b3a0f3f356556.jpg,switch,209.7449238,Q1,as,id,Indonesia,blip_prompted,"[""switch"", ""light switch"", ""power switch""]",captioning,the main household object in this image is a light switch,,,,,True
5d4beecccf0b3a0f3f3520d2,5d4beecccf0b3a0f3f3520d2.jpg,switch,193.8785291,Q1,as,ph,Philippines,clip,"[""switch"", ""light switch"", ""power switch""]",classification,switch,switch,0.9062778949737549,1.0,,True
5d4beecccf0b3a0f3f3520d2,5d4beecccf0b3a0f3f3520d2.jpg,switch,193.8785291,Q1,as,ph,Philippines,blip_baseline,"[""switch"", ""light switch"", ""power switch""]",captioning,a white light switch on a wooden wall,,,,,True
5d4beecccf0b3a0f3f3520d2,5d4beecccf0b3a0f3f3520d2.jpg,switch,193.8785291,Q1,as,ph,Philippines,blip_prompted,"[""switch"", ""light switch"", ""power switch""]",captioning,the main household object in this image is a light switch,,,,,True
5ec4f81af0611d7ddd740be2,5ec4f81af0611d7ddd740be2.jpg,switch,172.0,Q1,as,np,Nepal,clip,"[""switch"", ""light switch"", ""power switch""]",classification,switch,switch,0.9282682538032532,1.0,,True
5ec4f81af0611d7ddd740be2,5ec4f81af0611d7ddd740be2.jpg,switch,172.0,Q1,as,np,Nepal,blip_baseline,"[""switch"", ""light switch"", ""power switch""]",captioning,a person is holding a white electrical device,,,,,False
5ec4f81af0611d7ddd740be2,5ec4f81af0611d7ddd740be2.jpg,switch,172.0,Q1,as,np,Nepal,blip_prompted,"[""switch"", ""light switch"", ""power switch""]",captioning,the main household object in this image is a white electrical device,,,,,False
5ec4f989f0611d7ddd74182b,5ec4f989f0611d7ddd74182b.jpg,switch,391.0,Q2,af,cm,Cameroon,clip,"[""switch"", ""light switch"", ""power switch""]",classification,switch,switch,0.9727849960327148,1.0,,True
5ec4f989f0611d7ddd74182b,5ec4f989f0611d7ddd74182b.jpg,switch,391.0,Q2,af,cm,Cameroon,blip_baseline,"[""switch"", ""light switch"", ""power switch""]",captioning,a light switch on the wall in a room,,,,,True
5ec4f989f0611d7ddd74182b,5ec4f989f0611d7ddd74182b.jpg,switch,391.0,Q2,af,cm,Cameroon,blip_prompted,"[""switch"", ""light switch"", ""power switch""]",captioning,the main household object in this image is a light switch,,,,,True
5ec4fb68f0611d7ddd7427d4,5ec4fb68f0611d7ddd7427d4.jpg,switch,409.0,Q2,am,co,Colombia,clip,"[""switch"", ""light switch"", ""power switch""]",classification,switch,switch,0.9891303777694702,1.0,,True
5ec4fb68f0611d7ddd7427d4,5ec4fb68f0611d7ddd7427d4.jpg,switch,409.0,Q2,am,co,Colombia,blip_baseline,"[""switch"", ""light switch"", ""power switch""]",captioning,a white light switch on a wall,,,,,True
5ec4fb68f0611d7ddd7427d4,5ec4fb68f0611d7ddd7427d4.jpg,switch,409.0,Q2,am,co,Colombia,blip_prompted,"[""switch"", ""light switch"", ""power switch""]",captioning,the main household object in this image is a wall switch,,,,,True
5d4bf185cf0b3a0f3f356a5e,5d4bf185cf0b3a0f3f356a5e.jpg,switch,465.5026805,Q2,as,in,India,clip,"[""switch"", ""light switch"", ""power switch""]",classification,switch,switch,0.6542273759841919,1.0,,True
5d4bf185cf0b3a0f3f356a5e,5d4bf185cf0b3a0f3f356a5e.jpg,switch,465.5026805,Q2,as,in,India,blip_baseline,"[""switch"", ""light switch"", ""power switch""]",captioning,a white wall,,,,,False
5d4bf185cf0b3a0f3f356a5e,5d4bf185cf0b3a0f3f356a5e.jpg,switch,465.5026805,Q2,as,in,India,blip_prompted,"[""switch"", ""light switch"", ""power switch""]",captioning,the main household object in this image is a switch box,,,,,True
5d4be3ffcf0b3a0f3f33f4fa,5d4be3ffcf0b3a0f3f33f4fa.jpg,switch,227.0,Q2,af,cm,Cameroon,clip,"[""switch"", ""light switch"", ""power switch""]",classification,light source,light source,0.5005027055740356,2.0,,False
5d4be3ffcf0b3a0f3f33f4fa,5d4be3ffcf0b3a0f3f33f4fa.jpg,switch,227.0,Q2,af,cm,Cameroon,blip_baseline,"[""switch"", ""light switch"", ""power switch""]",captioning,a picture of a woman hanging on a wall,,,,,False
5d4be3ffcf0b3a0f3f33f4fa,5d4be3ffcf0b3a0f3f33f4fa.jpg,switch,227.0,Q2,af,cm,Cameroon,blip_prompted,"[""switch"", ""light switch"", ""power switch""]",captioning,the main household object in this image is a picture of a woman,,,,,False
5d4bdf17cf0b3a0f3f337195,5d4bdf17cf0b3a0f3f337195.JPG,switch,234.0,Q2,as,id,Indonesia,clip,"[""switch"", ""light switch"", ""power switch""]",classification,switch,switch,0.8747391700744629,1.0,,True
5d4bdf17cf0b3a0f3f337195,5d4bdf17cf0b3a0f3f337195.JPG,switch,234.0,Q2,as,id,Indonesia,blip_baseline,"[""switch"", ""light switch"", ""power switch""]",captioning,a broken light switch on a wall,,,,,True
5d4bdf17cf0b3a0f3f337195,5d4bdf17cf0b3a0f3f337195.JPG,switch,234.0,Q2,as,id,Indonesia,blip_prompted,"[""switch"", ""light switch"", ""power switch""]",captioning,the main household object in this image is a broken light switch,,,,,True
5d4bf168cf0b3a0f3f356784,5d4bf168cf0b3a0f3f356784.jpg,switch,399.0,Q2,as,id,Indonesia,clip,"[""switch"", ""light switch"", ""power switch""]",classification,switch,switch,0.9783740043640137,1.0,,True
5d4bf168cf0b3a0f3f356784,5d4bf168cf0b3a0f3f356784.jpg,switch,399.0,Q2,as,id,Indonesia,blip_baseline,"[""switch"", ""light switch"", ""power switch""]",captioning,a white wall outlet with a black cord,,,,,False
5d4bf168cf0b3a0f3f356784,5d4bf168cf0b3a0f3f356784.jpg,switch,399.0,Q2,as,id,Indonesia,blip_prompted,"[""switch"", ""light switch"", ""power switch""]",captioning,the main household object in this image is a plug,,,,,False
5f8c634fe894f07b8477dfbe,5f8c634fe894f07b8477dfbe.jpg,switch,304.0,Q2,as,pk,Pakistan,clip,"[""switch"", ""light switch"", ""power switch""]",classification,switch,switch,0.9780920147895813,1.0,,True
5f8c634fe894f07b8477dfbe,5f8c634fe894f07b8477dfbe.jpg,switch,304.0,Q2,as,pk,Pakistan,blip_baseline,"[""switch"", ""light switch"", ""power switch""]",captioning,a white electrical outlet with a white light,,,,,False
5f8c634fe894f07b8477dfbe,5f8c634fe894f07b8477dfbe.jpg,switch,304.0,Q2,as,pk,Pakistan,blip_prompted,"[""switch"", ""light switch"", ""power switch""]",captioning,the main household object in this image is a white electrical outlet with a white light switch,,,,,True
5d4bef89cf0b3a0f3f3536f2,5d4bef89cf0b3a0f3f3536f2.jpg,switch,1080.0,Q3,am,mx,Mexico,clip,"[""switch"", ""light switch"", ""power switch""]",classification,switch,switch,0.9944064617156982,1.0,,True
5d4bef89cf0b3a0f3f3536f2,5d4bef89cf0b3a0f3f3536f2.jpg,switch,1080.0,Q3,am,mx,Mexico,blip_baseline,"[""switch"", ""light switch"", ""power switch""]",captioning,a white light switch on a wall,,,,,True
5d4bef89cf0b3a0f3f3536f2,5d4bef89cf0b3a0f3f3536f2.jpg,switch,1080.0,Q3,am,mx,Mexico,blip_prompted,"[""switch"", ""light switch"", ""power switch""]",captioning,the main household object in this image is a light switch,,,,,True
5d4bf28fcf0b3a0f3f358788,5d4bf28fcf0b3a0f3f358788.jpg,switch,694.218371,Q3,as,cn,China,clip,"[""switch"", ""light switch"", ""power switch""]",classification,switch,switch,0.976166307926178,1.0,,True
5d4bf28fcf0b3a0f3f358788,5d4bf28fcf0b3a0f3f358788.jpg,switch,694.218371,Q3,as,cn,China,blip_baseline,"[""switch"", ""light switch"", ""power switch""]",captioning,a blue and white sign with a white and blue sign,,,,,False
5d4bf28fcf0b3a0f3f358788,5d4bf28fcf0b3a0f3f358788.jpg,switch,694.218371,Q3,as,cn,China,blip_prompted,"[""switch"", ""light switch"", ""power switch""]",captioning,the main household object in this image is a switch,,,,,True
5d4be02ecf0b3a0f3f338c56,5d4be02ecf0b3a0f3f338c56.JPG,switch,1260.0,Q3,eu,nl,Netherlands,clip,"[""switch"", ""light switch"", ""power switch""]",classification,switch,switch,0.6022976040840149,1.0,,True
5d4be02ecf0b3a0f3f338c56,5d4be02ecf0b3a0f3f338c56.JPG,switch,1260.0,Q3,eu,nl,Netherlands,blip_baseline,"[""switch"", ""light switch"", ""power switch""]",captioning,two speakers on a brick wall,,,,,False
5d4be02ecf0b3a0f3f338c56,5d4be02ecf0b3a0f3f338c56.JPG,switch,1260.0,Q3,eu,nl,Netherlands,blip_prompted,"[""switch"", ""light switch"", ""power switch""]",captioning,the main household object in this image is a black and gold double - socket socket,,,,,False
5fa325b3a4fd6154365dfcd4,5fa325b3a4fd6154365dfcd4.jpeg,switch,1025.0,Q3,am,co,Colombia,clip,"[""switch"", ""light switch"", ""power switch""]",classification,switch,switch,0.9907584190368652,1.0,,True
5fa325b3a4fd6154365dfcd4,5fa325b3a4fd6154365dfcd4.jpeg,switch,1025.0,Q3,am,co,Colombia,blip_baseline,"[""switch"", ""light switch"", ""power switch""]",captioning,a white light switch and a white light switch,,,,,True
5fa325b3a4fd6154365dfcd4,5fa325b3a4fd6154365dfcd4.jpeg,switch,1025.0,Q3,am,co,Colombia,blip_prompted,"[""switch"", ""light switch"", ""power switch""]",captioning,the main household object in this image is a plug and socket,,,,,False
5d4be2ffcf0b3a0f3f33d901,5d4be2ffcf0b3a0f3f33d901.jpg,switch,1125.0,Q3,as,in,India,clip,"[""switch"", ""light switch"", ""power switch""]",classification,switch,switch,0.9817318320274353,1.0,,True
5d4be2ffcf0b3a0f3f33d901,5d4be2ffcf0b3a0f3f33d901.jpg,switch,1125.0,Q3,as,in,India,blip_baseline,"[""switch"", ""light switch"", ""power switch""]",captioning,a white light switch,,,,,True
5d4be2ffcf0b3a0f3f33d901,5d4be2ffcf0b3a0f3f33d901.jpg,switch,1125.0,Q3,as,in,India,blip_prompted,"[""switch"", ""light switch"", ""power switch""]",captioning,the main household object in this image is a switch box,,,,,True
5d4be034cf0b3a0f3f338d08,5d4be034cf0b3a0f3f338d08.JPG,switch,1816.0,Q3,eu,nl,Netherlands,clip,"[""switch"", ""light switch"", ""power switch""]",classification,switch,switch,0.9939697980880737,1.0,,True
5d4be034cf0b3a0f3f338d08,5d4be034cf0b3a0f3f338d08.JPG,switch,1816.0,Q3,eu,nl,Netherlands,blip_baseline,"[""switch"", ""light switch"", ""power switch""]",captioning,a white light switch on a wall,,,,,True
5d4be034cf0b3a0f3f338d08,5d4be034cf0b3a0f3f338d08.JPG,switch,1816.0,Q3,eu,nl,Netherlands,blip_prompted,"[""switch"", ""light switch"", ""power switch""]",captioning,the main household object in this image is a white wall switch,,,,,True
5ec4f86df0611d7ddd740eb5,5ec4f86df0611d7ddd740eb5.jpg,switch,1706.0,Q3,as,ir,Iran,clip,"[""switch"", ""light switch"", ""power switch""]",classification,switch,switch,0.928159773349762,1.0,,True
5ec4f86df0611d7ddd740eb5,5ec4f86df0611d7ddd740eb5.jpg,switch,1706.0,Q3,as,ir,Iran,blip_baseline,"[""switch"", ""light switch"", ""power switch""]",captioning,a white toilet with a white toilet seat,,,,,False
5ec4f86df0611d7ddd740eb5,5ec4f86df0611d7ddd740eb5.jpg,switch,1706.0,Q3,as,ir,Iran,blip_prompted,"[""switch"", ""light switch"", ""power switch""]",captioning,the main household object in this image is a toilet,,,,,False
5d4be014cf0b3a0f3f338aa4,5d4be014cf0b3a0f3f338aa4.JPG,switch,3750.0,Q4,af,ng,Nigeria,clip,"[""switch"", ""light switch"", ""power switch""]",classification,switch,switch,0.9954386353492737,1.0,,True
5d4be014cf0b3a0f3f338aa4,5d4be014cf0b3a0f3f338aa4.JPG,switch,3750.0,Q4,af,ng,Nigeria,blip_baseline,"[""switch"", ""light switch"", ""power switch""]",captioning,a white light switch and a white wall,,,,,True
5d4be014cf0b3a0f3f338aa4,5d4be014cf0b3a0f3f338aa4.JPG,switch,3750.0,Q4,af,ng,Nigeria,blip_prompted,"[""switch"", ""light switch"", ""power switch""]",captioning,the main household object in this image is a switch,,,,,True
5ec4f831f0611d7ddd740cab,5ec4f831f0611d7ddd740cab.JPG,switch,3478.0,Q4,am,us,United States,clip,"[""switch"", ""light switch"", ""power switch""]",classification,switch,switch,0.9682965874671936,1.0,,True
5ec4f831f0611d7ddd740cab,5ec4f831f0611d7ddd740cab.JPG,switch,3478.0,Q4,am,us,United States,blip_baseline,"[""switch"", ""light switch"", ""power switch""]",captioning,a white light switch on a wall,,,,,True
5ec4f831f0611d7ddd740cab,5ec4f831f0611d7ddd740cab.JPG,switch,3478.0,Q4,am,us,United States,blip_prompted,"[""switch"", ""light switch"", ""power switch""]",captioning,the main household object in this image is a light switch,,,,,True
5d4be977cf0b3a0f3f348ac0,5d4be977cf0b3a0f3f348ac0.jpg,switch,7433.155246,Q4,as,jo,Jordan,clip,"[""switch"", ""light switch"", ""power switch""]",classification,switch,switch,0.9981254935264587,1.0,,True
5d4be977cf0b3a0f3f348ac0,5d4be977cf0b3a0f3f348ac0.jpg,switch,7433.155246,Q4,as,jo,Jordan,blip_baseline,"[""switch"", ""light switch"", ""power switch""]",captioning,two white switches on a wall,,,,,False
5d4be977cf0b3a0f3f348ac0,5d4be977cf0b3a0f3f348ac0.jpg,switch,7433.155246,Q4,as,jo,Jordan,blip_prompted,"[""switch"", ""light switch"", ""power switch""]",captioning,the main household object in this image is a light switch,,,,,True
5ec4fa5ff0611d7ddd741f24,5ec4fa5ff0611d7ddd741f24.jpg,switch,2900.0,Q4,eu,cz,Czech Republic,clip,"[""switch"", ""light switch"", ""power switch""]",classification,switch,switch,0.9578690528869629,1.0,,True
5ec4fa5ff0611d7ddd741f24,5ec4fa5ff0611d7ddd741f24.jpg,switch,2900.0,Q4,eu,cz,Czech Republic,blip_baseline,"[""switch"", ""light switch"", ""power switch""]",captioning,a white light switch on a wall,,,,,True
5ec4fa5ff0611d7ddd741f24,5ec4fa5ff0611d7ddd741f24.jpg,switch,2900.0,Q4,eu,cz,Czech Republic,blip_prompted,"[""switch"", ""light switch"", ""power switch""]",captioning,the main household object in this image is a white light switch,,,,,True
5ec4f60af4a4fb7dc0387c46,5ec4f60af4a4fb7dc0387c46.JPG,switch,6030.0,Q4,am,co,Colombia,clip,"[""switch"", ""light switch"", ""power switch""]",classification,switch,switch,0.9906892776489258,1.0,,True
5ec4f60af4a4fb7dc0387c46,5ec4f60af4a4fb7dc0387c46.JPG,switch,6030.0,Q4,am,co,Colombia,blip_baseline,"[""switch"", ""light switch"", ""power switch""]",captioning,how to install a light switch,,,,,True
5ec4f60af4a4fb7dc0387c46,5ec4f60af4a4fb7dc0387c46.JPG,switch,6030.0,Q4,am,co,Colombia,blip_prompted,"[""switch"", ""light switch"", ""power switch""]",captioning,the main household object in this image is a wall light switch,,,,,True
5d4bef60cf0b3a0f3f353222,5d4bef60cf0b3a0f3f353222.jpg,switch,3829.191091,Q4,as,np,Nepal,clip,"[""switch"", ""light switch"", ""power switch""]",classification,switch,switch,0.9911092519760132,1.0,,True
5d4bef60cf0b3a0f3f353222,5d4bef60cf0b3a0f3f353222.jpg,switch,3829.191091,Q4,as,np,Nepal,blip_baseline,"[""switch"", ""light switch"", ""power switch""]",captioning,a white light switch on a wall,,,,,True
5d4bef60cf0b3a0f3f353222,5d4bef60cf0b3a0f3f353222.jpg,switch,3829.191091,Q4,as,np,Nepal,blip_prompted,"[""switch"", ""light switch"", ""power switch""]",captioning,the main household object in this image is a white switch,,,,,True
5ec4f919f0611d7ddd741478,5ec4f919f0611d7ddd741478.jpg,switch,4256.0,Q4,eu,es,Spain,clip,"[""switch"", ""light switch"", ""power switch""]",classification,switch,switch,0.9384985566139221,1.0,,True
5ec4f919f0611d7ddd741478,5ec4f919f0611d7ddd741478.jpg,switch,4256.0,Q4,eu,es,Spain,blip_baseline,"[""switch"", ""light switch"", ""power switch""]",captioning,a white light switch on a tiled wall,,,,,True
5ec4f919f0611d7ddd741478,5ec4f919f0611d7ddd741478.jpg,switch,4256.0,Q4,eu,es,Spain,blip_prompted,"[""switch"", ""light switch"", ""power switch""]",captioning,the main household object in this image is a light switch,,,,,True
5d4bf08acf0b3a0f3f355178,5d4bf08acf0b3a0f3f355178.jpg,footwear,60.75268981,Q1,af,ci,Cote d'Ivoire,clip,"[""shoe"", ""shoes"", ""sandal"", ""sandals"", ""slipper"", ""slippers"", ""sneaker"", ""sneakers"", ""boot"", ""boots"", ""footwear""]",classification,footwear,footwear,0.9999692440032959,1.0,,True
5d4bf08acf0b3a0f3f355178,5d4bf08acf0b3a0f3f355178.jpg,footwear,60.75268981,Q1,af,ci,Cote d'Ivoire,blip_baseline,"[""shoe"", ""shoes"", ""sandal"", ""sandals"", ""slipper"", ""slippers"", ""sneaker"", ""sneakers"", ""boot"", ""boots"", ""footwear""]",captioning,a pair of dirty shoes on the ground,,,,,True
5d4bf08acf0b3a0f3f355178,5d4bf08acf0b3a0f3f355178.jpg,footwear,60.75268981,Q1,af,ci,Cote d'Ivoire,blip_prompted,"[""shoe"", ""shoes"", ""sandal"", ""sandals"", ""slipper"", ""slippers"", ""sneaker"", ""sneakers"", ""boot"", ""boots"", ""footwear""]",captioning,the main household object in this image is a pair of flip flops,,,,,False
5d4bf24dcf0b3a0f3f3580a2,5d4bf24dcf0b3a0f3f3580a2.jpg,footwear,143.0,Q1,am,co,Colombia,clip,"[""shoe"", ""shoes"", ""sandal"", ""sandals"", ""slipper"", ""slippers"", ""sneaker"", ""sneakers"", ""boot"", ""boots"", ""footwear""]",classification,footwear,footwear,0.9998282194137573,1.0,,True
5d4bf24dcf0b3a0f3f3580a2,5d4bf24dcf0b3a0f3f3580a2.jpg,footwear,143.0,Q1,am,co,Colombia,blip_baseline,"[""shoe"", ""shoes"", ""sandal"", ""sandals"", ""slipper"", ""slippers"", ""sneaker"", ""sneakers"", ""boot"", ""boots"", ""footwear""]",captioning,a pair of dirty shoes on the ground,,,,,True
5d4bf24dcf0b3a0f3f3580a2,5d4bf24dcf0b3a0f3f3580a2.jpg,footwear,143.0,Q1,am,co,Colombia,blip_prompted,"[""shoe"", ""shoes"", ""sandal"", ""sandals"", ""slipper"", ""slippers"", ""sneaker"", ""sneakers"", ""boot"", ""boots"", ""footwear""]",captioning,the main household object in this image is a pair of shoes,,,,,True
5d4be78acf0b3a0f3f345a14,5d4be78acf0b3a0f3f345a14.jpg,footwear,131.3989924,Q1,as,id,Indonesia,clip,"[""shoe"", ""shoes"", ""sandal"", ""sandals"", ""slipper"", ""slippers"", ""sneaker"", ""sneakers"", ""boot"", ""boots"", ""footwear""]",classification,footwear,footwear,0.9999306201934814,1.0,,True
5d4be78acf0b3a0f3f345a14,5d4be78acf0b3a0f3f345a14.jpg,footwear,131.3989924,Q1,as,id,Indonesia,blip_baseline,"[""shoe"", ""shoes"", ""sandal"", ""sandals"", ""slipper"", ""slippers"", ""sneaker"", ""sneakers"", ""boot"", ""boots"", ""footwear""]",captioning,a pair of red shoes on the ground,,,,,True
5d4be78acf0b3a0f3f345a14,5d4be78acf0b3a0f3f345a14.jpg,footwear,131.3989924,Q1,as,id,Indonesia,blip_prompted,"[""shoe"", ""shoes"", ""sandal"", ""sandals"", ""slipper"", ""slippers"", ""sneaker"", ""sneakers"", ""boot"", ""boots"", ""footwear""]",captioning,the main household object in this image is a pair of red shoes,,,,,True
5d4becb3cf0b3a0f3f34e59a,5d4becb3cf0b3a0f3f34e59a.jpg,footwear,73.16914591,Q1,af,zw,Zimbabwe,clip,"[""shoe"", ""shoes"", ""sandal"", ""sandals"", ""slipper"", ""slippers"", ""sneaker"", ""sneakers"", ""boot"", ""boots"", ""footwear""]",classification,footwear,footwear,0.9999593496322632,1.0,,True
5d4becb3cf0b3a0f3f34e59a,5d4becb3cf0b3a0f3f34e59a.jpg,footwear,73.16914591,Q1,af,zw,Zimbabwe,blip_baseline,"[""shoe"", ""shoes"", ""sandal"", ""sandals"", ""slipper"", ""slippers"", ""sneaker"", ""sneakers"", ""boot"", ""boots"", ""footwear""]",captioning,a pair of pink flip flops on a dirt covered ground,,,,,False
5d4becb3cf0b3a0f3f34e59a,5d4becb3cf0b3a0f3f34e59a.jpg,footwear,73.16914591,Q1,af,zw,Zimbabwe,blip_prompted,"[""shoe"", ""shoes"", ""sandal"", ""sandals"", ""slipper"", ""slippers"", ""sneaker"", ""sneakers"", ""boot"", ""boots"", ""footwear""]",captioning,the main household object in this image is a pair of flip flops,,,,,False
5d4bf2c2cf0b3a0f3f358d9c,5d4bf2c2cf0b3a0f3f358d9c.jpg,footwear,195.0,Q1,as,kh,Cambodia,clip,"[""shoe"", ""shoes"", ""sandal"", ""sandals"", ""slipper"", ""slippers"", ""sneaker"", ""sneakers"", ""boot"", ""boots"", ""footwear""]",classification,footwear,footwear,0.9999043941497803,1.0,,True
5d4bf2c2cf0b3a0f3f358d9c,5d4bf2c2cf0b3a0f3f358d9c.jpg,footwear,195.0,Q1,as,kh,Cambodia,blip_baseline,"[""shoe"", ""shoes"", ""sandal"", ""sandals"", ""slipper"", ""slippers"", ""sneaker"", ""sneakers"", ""boot"", ""boots"", ""footwear""]",captioning,a pair of red and white shoes on the ground,,,,,True
5d4bf2c2cf0b3a0f3f358d9c,5d4bf2c2cf0b3a0f3f358d9c.jpg,footwear,195.0,Q1,as,kh,Cambodia,blip_prompted,"[""shoe"", ""shoes"", ""sandal"", ""sandals"", ""slipper"", ""slippers"", ""sneaker"", ""sneakers"", ""boot"", ""boots"", ""footwear""]",captioning,the main household object in this image is a pair of shoes,,,,,True
5d4beee9cf0b3a0f3f352444,5d4beee9cf0b3a0f3f352444.jpg,footwear,67.67970667,Q1,af,ng,Nigeria,clip,"[""shoe"", ""shoes"", ""sandal"", ""sandals"", ""slipper"", ""slippers"", ""sneaker"", ""sneakers"", ""boot"", ""boots"", ""footwear""]",classification,footwear,footwear,0.9996484518051147,1.0,,True
5d4beee9cf0b3a0f3f352444,5d4beee9cf0b3a0f3f352444.jpg,footwear,67.67970667,Q1,af,ng,Nigeria,blip_baseline,"[""shoe"", ""shoes"", ""sandal"", ""sandals"", ""slipper"", ""slippers"", ""sneaker"", ""sneakers"", ""boot"", ""boots"", ""footwear""]",captioning,a pair of flip flops on a rock,,,,,False
5d4beee9cf0b3a0f3f352444,5d4beee9cf0b3a0f3f352444.jpg,footwear,67.67970667,Q1,af,ng,Nigeria,blip_prompted,"[""shoe"", ""shoes"", ""sandal"", ""sandals"", ""slipper"", ""slippers"", ""sneaker"", ""sneakers"", ""boot"", ""boots"", ""footwear""]",captioning,the main household object in this image is a pair of flip flops,,,,,False
5d4beebecf0b3a0f3f351f34,5d4beebecf0b3a0f3f351f34.jpg,footwear,97.63936288,Q1,as,ph,Philippines,clip,"[""shoe"", ""shoes"", ""sandal"", ""sandals"", ""slipper"", ""slippers"", ""sneaker"", ""sneakers"", ""boot"", ""boots"", ""footwear""]",classification,footwear,footwear,0.9998314380645752,1.0,,True
5d4beebecf0b3a0f3f351f34,5d4beebecf0b3a0f3f351f34.jpg,footwear,97.63936288,Q1,as,ph,Philippines,blip_baseline,"[""shoe"", ""shoes"", ""sandal"", ""sandals"", ""slipper"", ""slippers"", ""sneaker"", ""sneakers"", ""boot"", ""boots"", ""footwear""]",captioning,a pair of flip flops sitting on the ground,,,,,False
5d4beebecf0b3a0f3f351f34,5d4beebecf0b3a0f3f351f34.jpg,footwear,97.63936288,Q1,as,ph,Philippines,blip_prompted,"[""shoe"", ""shoes"", ""sandal"", ""sandals"", ""slipper"", ""slippers"", ""sneaker"", ""sneakers"", ""boot"", ""boots"", ""footwear""]",captioning,the main household object in this image is a pair of flip flops,,,,,False
5d4bdf26cf0b3a0f3f337341,5d4bdf26cf0b3a0f3f337341.JPG,footwear,670.0,Q2,af,tg,Togo,clip,"[""shoe"", ""shoes"", ""sandal"", ""sandals"", ""slipper"", ""slippers"", ""sneaker"", ""sneakers"", ""boot"", ""boots"", ""footwear""]",classification,footwear,footwear,0.9998486042022705,1.0,,True
5d4bdf26cf0b3a0f3f337341,5d4bdf26cf0b3a0f3f337341.JPG,footwear,670.0,Q2,af,tg,Togo,blip_baseline,"[""shoe"", ""shoes"", ""sandal"", ""sandals"", ""slipper"", ""slippers"", ""sneaker"", ""sneakers"", ""boot"", ""boots"", ""footwear""]",captioning,a person standing on a step with their feet up,,,,,False
5d4bdf26cf0b3a0f3f337341,5d4bdf26cf0b3a0f3f337341.JPG,footwear,670.0,Q2,af,tg,Togo,blip_prompted,"[""shoe"", ""shoes"", ""sandal"", ""sandals"", ""slipper"", ""slippers"", ""sneaker"", ""sneakers"", ""boot"", ""boots"", ""footwear""]",captioning,the main household object in this image is a pair of sandals,,,,,True
5ec4fb80f0611d7ddd7428aa,5ec4fb80f0611d7ddd7428aa.jpg,footwear,261.0,Q2,am,co,Colombia,clip,"[""shoe"", ""shoes"", ""sandal"", ""sandals"", ""slipper"", ""slippers"", ""sneaker"", ""sneakers"", ""boot"", ""boots"", ""footwear""]",classification,footwear,footwear,0.999546229839325,1.0,,True
5ec4fb80f0611d7ddd7428aa,5ec4fb80f0611d7ddd7428aa.jpg,footwear,261.0,Q2,am,co,Colombia,blip_baseline,"[""shoe"", ""shoes"", ""sandal"", ""sandals"", ""slipper"", ""slippers"", ""sneaker"", ""sneakers"", ""boot"", ""boots"", ""footwear""]",captioning,a pair of white sandals on a wooden floor,,,,,True
5ec4fb80f0611d7ddd7428aa,5ec4fb80f0611d7ddd7428aa.jpg,footwear,261.0,Q2,am,co,Colombia,blip_prompted,"[""shoe"", ""shoes"", ""sandal"", ""sandals"", ""slipper"", ""slippers"", ""sneaker"", ""sneakers"", ""boot"", ""boots"", ""footwear""]",captioning,the main household object in this image is a pair of crocy sandals,,,,,True
5d4bf2d6cf0b3a0f3f358fea,5d4bf2d6cf0b3a0f3f358fea.jpg,footwear,463.1308192,Q2,as,kh,Cambodia,clip,"[""shoe"", ""shoes"", ""sandal"", ""sandals"", ""slipper"", ""slippers"", ""sneaker"", ""sneakers"", ""boot"", ""boots"", ""footwear""]",classification,footwear,footwear,0.9999597072601318,1.0,,True
5d4bf2d6cf0b3a0f3f358fea,5d4bf2d6cf0b3a0f3f358fea.jpg,footwear,463.1308192,Q2,as,kh,Cambodia,blip_baseline,"[""shoe"", ""shoes"", ""sandal"", ""sandals"", ""slipper"", ""slippers"", ""sneaker"", ""sneakers"", ""boot"", ""boots"", ""footwear""]",captioning,a pair of shoes laying on the ground,,,,,True
5d4bf2d6cf0b3a0f3f358fea,5d4bf2d6cf0b3a0f3f358fea.jpg,footwear,463.1308192,Q2,as,kh,Cambodia,blip_prompted,"[""shoe"", ""shoes"", ""sandal"", ""sandals"", ""slipper"", ""slippers"", ""sneaker"", ""sneakers"", ""boot"", ""boots"", ""footwear""]",captioning,the main household object in this image is a pair of shoes,,,,,True
5d4bee44cf0b3a0f3f351150,5d4bee44cf0b3a0f3f351150.jpg,footwear,250.7905551,Q2,af,rw,Rwanda,clip,"[""shoe"", ""shoes"", ""sandal"", ""sandals"", ""slipper"", ""slippers"", ""sneaker"", ""sneakers"", ""boot"", ""boots"", ""footwear""]",classification,footwear,footwear,0.9999456405639648,1.0,,True
5d4bee44cf0b3a0f3f351150,5d4bee44cf0b3a0f3f351150.jpg,footwear,250.7905551,Q2,af,rw,Rwanda,blip_baseline,"[""shoe"", ""shoes"", ""sandal"", ""sandals"", ""slipper"", ""slippers"", ""sneaker"", ""sneakers"", ""boot"", ""boots"", ""footwear""]",captioning,a pair of blue shoes sitting on the floor,,,,,True
5d4bee44cf0b3a0f3f351150,5d4bee44cf0b3a0f3f351150.jpg,footwear,250.7905551,Q2,af,rw,Rwanda,blip_prompted,"[""shoe"", ""shoes"", ""sandal"", ""sandals"", ""slipper"", ""slippers"", ""sneaker"", ""sneakers"", ""boot"", ""boots"", ""footwear""]",captioning,the main household object in this image is a pair of blue rubber shoes,,,,,True
5ec4fb67f0611d7ddd7427d0,5ec4fb67f0611d7ddd7427d0.jpg,footwear,409.0,Q2,am,co,Colombia,clip,"[""shoe"", ""shoes"", ""sandal"", ""sandals"", ""slipper"", ""slippers"", ""sneaker"", ""sneakers"", ""boot"", ""boots"", ""footwear""]",classification,footwear,footwear,0.998935878276825,1.0,,True
5ec4fb67f0611d7ddd7427d0,5ec4fb67f0611d7ddd7427d0.jpg,footwear,409.0,Q2,am,co,Colombia,blip_baseline,"[""shoe"", ""shoes"", ""sandal"", ""sandals"", ""slipper"", ""slippers"", ""sneaker"", ""sneakers"", ""boot"", ""boots"", ""footwear""]",captioning,a bunch of shoes,,,,,True
5ec4fb67f0611d7ddd7427d0,5ec4fb67f0611d7ddd7427d0.jpg,footwear,409.0,Q2,am,co,Colombia,blip_prompted,"[""shoe"", ""shoes"", ""sandal"", ""sandals"", ""slipper"", ""slippers"", ""sneaker"", ""sneakers"", ""boot"", ""boots"", ""footwear""]",captioning,the main household object in this image is a rack of shoes,,,,,True
5d4bed15cf0b3a0f3f34ef8a,5d4bed15cf0b3a0f3f34ef8a.jpg,footwear,245.9813854,Q2,as,vn,Vietnam,clip,"[""shoe"", ""shoes"", ""sandal"", ""sandals"", ""slipper"", ""slippers"", ""sneaker"", ""sneakers"", ""boot"", ""boots"", ""footwear""]",classification,footwear,footwear,0.9999291896820068,1.0,,True
5d4bed15cf0b3a0f3f34ef8a,5d4bed15cf0b3a0f3f34ef8a.jpg,footwear,245.9813854,Q2,as,vn,Vietnam,blip_baseline,"[""shoe"", ""shoes"", ""sandal"", ""sandals"", ""slipper"", ""slippers"", ""sneaker"", ""sneakers"", ""boot"", ""boots"", ""footwear""]",captioning,a pair of yellow shoes on the ground,,,,,True
5d4bed15cf0b3a0f3f34ef8a,5d4bed15cf0b3a0f3f34ef8a.jpg,footwear,245.9813854,Q2,as,vn,Vietnam,blip_prompted,"[""shoe"", ""shoes"", ""sandal"", ""sandals"", ""slipper"", ""slippers"", ""sneaker"", ""sneakers"", ""boot"", ""boots"", ""footwear""]",captioning,the main household object in this image is a pair of yellow shoes,,,,,True
5ec4fad3f0611d7ddd7422fa,5ec4fad3f0611d7ddd7422fa.jpg,footwear,375.0,Q2,af,gh,Ghana,clip,"[""shoe"", ""shoes"", ""sandal"", ""sandals"", ""slipper"", ""slippers"", ""sneaker"", ""sneakers"", ""boot"", ""boots"", ""footwear""]",classification,footwear,footwear,0.9963008165359497,1.0,,True
5ec4fad3f0611d7ddd7422fa,5ec4fad3f0611d7ddd7422fa.jpg,footwear,375.0,Q2,af,gh,Ghana,blip_baseline,"[""shoe"", ""shoes"", ""sandal"", ""sandals"", ""slipper"", ""slippers"", ""sneaker"", ""sneakers"", ""boot"", ""boots"", ""footwear""]",captioning,a man standing on a dirt covered ground,,,,,False
5ec4fad3f0611d7ddd7422fa,5ec4fad3f0611d7ddd7422fa.jpg,footwear,375.0,Q2,af,gh,Ghana,blip_prompted,"[""shoe"", ""shoes"", ""sandal"", ""sandals"", ""slipper"", ""slippers"", ""sneaker"", ""sneakers"", ""boot"", ""boots"", ""footwear""]",captioning,the main household object in this image is a pair of sandals,,,,,True
5d4be672cf0b3a0f3f343b09,5d4be672cf0b3a0f3f343b09.jpg,footwear,1050.70879,Q3,af,tz,Tanzania,clip,"[""shoe"", ""shoes"", ""sandal"", ""sandals"", ""slipper"", ""slippers"", ""sneaker"", ""sneakers"", ""boot"", ""boots"", ""footwear""]",classification,footwear,footwear,0.9998161196708679,1.0,,True
5d4be672cf0b3a0f3f343b09,5d4be672cf0b3a0f3f343b09.jpg,footwear,1050.70879,Q3,af,tz,Tanzania,blip_baseline,"[""shoe"", ""shoes"", ""sandal"", ""sandals"", ""slipper"", ""slippers"", ""sneaker"", ""sneakers"", ""boot"", ""boots"", ""footwear""]",captioning,a pair of white sneakers on a tiled floor,,,,,True
5d4be672cf0b3a0f3f343b09,5d4be672cf0b3a0f3f343b09.jpg,footwear,1050.70879,Q3,af,tz,Tanzania,blip_prompted,"[""shoe"", ""shoes"", ""sandal"", ""sandals"", ""slipper"", ""slippers"", ""sneaker"", ""sneakers"", ""boot"", ""boots"", ""footwear""]",captioning,the main household object in this image is a pair of shoes,,,,,True
5d4be09ccf0b3a0f3f3398bb,5d4be09ccf0b3a0f3f3398bb.JPG,footwear,1034.0,Q3,am,br,Brazil,clip,"[""shoe"", ""shoes"", ""sandal"", ""sandals"", ""slipper"", ""slippers"", ""sneaker"", ""sneakers"", ""boot"", ""boots"", ""footwear""]",classification,footwear,footwear,0.9999912977218628,1.0,,True
5d4be09ccf0b3a0f3f3398bb,5d4be09ccf0b3a0f3f3398bb.JPG,footwear,1034.0,Q3,am,br,Brazil,blip_baseline,"[""shoe"", ""shoes"", ""sandal"", ""sandals"", ""slipper"", ""slippers"", ""sneaker"", ""sneakers"", ""boot"", ""boots"", ""footwear""]",captioning,a pair of black flip flops on a towel,,,,,False
5d4be09ccf0b3a0f3f3398bb,5d4be09ccf0b3a0f3f3398bb.JPG,footwear,1034.0,Q3,am,br,Brazil,blip_prompted,"[""shoe"", ""shoes"", ""sandal"", ""sandals"", ""slipper"", ""slippers"", ""sneaker"", ""sneakers"", ""boot"", ""boots"", ""footwear""]",captioning,the main household object in this image is a pair of flip flops,,,,,False
5edfe79012a022abbc87ea5a,5edfe79012a022abbc87ea5a.jpg,footwear,1091.0,Q3,as,np,Nepal,clip,"[""shoe"", ""shoes"", ""sandal"", ""sandals"", ""slipper"", ""slippers"", ""sneaker"", ""sneakers"", ""boot"", ""boots"", ""footwear""]",classification,footwear,footwear,0.9323369860649109,1.0,,True
5edfe79012a022abbc87ea5a,5edfe79012a022abbc87ea5a.jpg,footwear,1091.0,Q3,as,np,Nepal,blip_baseline,"[""shoe"", ""shoes"", ""sandal"", ""sandals"", ""slipper"", ""slippers"", ""sneaker"", ""sneakers"", ""boot"", ""boots"", ""footwear""]",captioning,a woman is cleaning a room with a broom,,,,,False
5edfe79012a022abbc87ea5a,5edfe79012a022abbc87ea5a.jpg,footwear,1091.0,Q3,as,np,Nepal,blip_prompted,"[""shoe"", ""shoes"", ""sandal"", ""sandals"", ""slipper"", ""slippers"", ""sneaker"", ""sneakers"", ""boot"", ""boots"", ""footwear""]",captioning,the main household object in this image is a broom,,,,,False
5d4be092cf0b3a0f3f3397a5,5d4be092cf0b3a0f3f3397a5.JPG,footwear,1728.0,Q3,eu,nl,Netherlands,clip,"[""shoe"", ""shoes"", ""sandal"", ""sandals"", ""slipper"", ""slippers"", ""sneaker"", ""sneakers"", ""boot"", ""boots"", ""footwear""]",classification,footwear,footwear,0.9996310472488403,1.0,,True
5d4be092cf0b3a0f3f3397a5,5d4be092cf0b3a0f3f3397a5.JPG,footwear,1728.0,Q3,eu,nl,Netherlands,blip_baseline,"[""shoe"", ""shoes"", ""sandal"", ""sandals"", ""slipper"", ""slippers"", ""sneaker"", ""sneakers"", ""boot"", ""boots"", ""footwear""]",captioning,a pair of white sneakers on a wooden floor,,,,,True
5d4be092cf0b3a0f3f3397a5,5d4be092cf0b3a0f3f3397a5.JPG,footwear,1728.0,Q3,eu,nl,Netherlands,blip_prompted,"[""shoe"", ""shoes"", ""sandal"", ""sandals"", ""slipper"", ""slippers"", ""sneaker"", ""sneakers"", ""boot"", ""boots"", ""footwear""]",captioning,the main household object in this image is a pair of adidas ' s shoes,,,,,True
5ec4fb75f0611d7ddd74284a,5ec4fb75f0611d7ddd74284a.jpg,footwear,1394.0,Q3,am,co,Colombia,clip,"[""shoe"", ""shoes"", ""sandal"", ""sandals"", ""slipper"", ""slippers"", ""sneaker"", ""sneakers"", ""boot"", ""boots"", ""footwear""]",classification,footwear,footwear,0.9997368454933167,1.0,,True
5ec4fb75f0611d7ddd74284a,5ec4fb75f0611d7ddd74284a.jpg,footwear,1394.0,Q3,am,co,Colombia,blip_baseline,"[""shoe"", ""shoes"", ""sandal"", ""sandals"", ""slipper"", ""slippers"", ""sneaker"", ""sneakers"", ""boot"", ""boots"", ""footwear""]",captioning,a pair of blue crocs with colorful animals on them,,,,,False
5ec4fb75f0611d7ddd74284a,5ec4fb75f0611d7ddd74284a.jpg,footwear,1394.0,Q3,am,co,Colombia,blip_prompted,"[""shoe"", ""shoes"", ""sandal"", ""sandals"", ""slipper"", ""slippers"", ""sneaker"", ""sneakers"", ""boot"", ""boots"", ""footwear""]",captioning,the main household object in this image is a pair of crocy crocy crocy crocy crocy crocy crocy crocy crocy,,,,,False
5d4bf296cf0b3a0f3f35885a,5d4bf296cf0b3a0f3f35885a.jpg,footwear,730.281663,Q3,as,cn,China,clip,"[""shoe"", ""shoes"", ""sandal"", ""sandals"", ""slipper"", ""slippers"", ""sneaker"", ""sneakers"", ""boot"", ""boots"", ""footwear""]",classification,footwear,footwear,0.9963215589523315,1.0,,True
5d4bf296cf0b3a0f3f35885a,5d4bf296cf0b3a0f3f35885a.jpg,footwear,730.281663,Q3,as,cn,China,blip_baseline,"[""shoe"", ""shoes"", ""sandal"", ""sandals"", ""slipper"", ""slippers"", ""sneaker"", ""sneakers"", ""boot"", ""boots"", ""footwear""]",captioning,a rack of shoes,,,,,True
5d4bf296cf0b3a0f3f35885a,5d4bf296cf0b3a0f3f35885a.jpg,footwear,730.281663,Q3,as,cn,China,blip_prompted,"[""shoe"", ""shoes"", ""sandal"", ""sandals"", ""slipper"", ""slippers"", ""sneaker"", ""sneakers"", ""boot"", ""boots"", ""footwear""]",captioning,the main household object in this image is a rack of shoes,,,,,True
5d4bef4dcf0b3a0f3f352ff2,5d4bef4dcf0b3a0f3f352ff2.jpg,footwear,1747.0,Q3,as,np,Nepal,clip,"[""shoe"", ""shoes"", ""sandal"", ""sandals"", ""slipper"", ""slippers"", ""sneaker"", ""sneakers"", ""boot"", ""boots"", ""footwear""]",classification,footwear,footwear,0.9999128580093384,1.0,,True
5d4bef4dcf0b3a0f3f352ff2,5d4bef4dcf0b3a0f3f352ff2.jpg,footwear,1747.0,Q3,as,np,Nepal,blip_baseline,"[""shoe"", ""shoes"", ""sandal"", ""sandals"", ""slipper"", ""slippers"", ""sneaker"", ""sneakers"", ""boot"", ""boots"", ""footwear""]",captioning,a shelf with a bunch of shoes on it,,,,,True
5d4bef4dcf0b3a0f3f352ff2,5d4bef4dcf0b3a0f3f352ff2.jpg,footwear,1747.0,Q3,as,np,Nepal,blip_prompted,"[""shoe"", ""shoes"", ""sandal"", ""sandals"", ""slipper"", ""slippers"", ""sneaker"", ""sneakers"", ""boot"", ""boots"", ""footwear""]",captioning,the main household object in this image is a shelf of shoes,,,,,True
5d4bdfc3cf0b3a0f3f33824f,5d4bdfc3cf0b3a0f3f33824f.jpg,footwear,2044.0,Q4,am,co,Colombia,clip,"[""shoe"", ""shoes"", ""sandal"", ""sandals"", ""slipper"", ""slippers"", ""sneaker"", ""sneakers"", ""boot"", ""boots"", ""footwear""]",classification,footwear,footwear,0.9989340901374817,1.0,,True
5d4bdfc3cf0b3a0f3f33824f,5d4bdfc3cf0b3a0f3f33824f.jpg,footwear,2044.0,Q4,am,co,Colombia,blip_baseline,"[""shoe"", ""shoes"", ""sandal"", ""sandals"", ""slipper"", ""slippers"", ""sneaker"", ""sneakers"", ""boot"", ""boots"", ""footwear""]",captioning,a person wearing blue shoes and jeans,,,,,True
5d4bdfc3cf0b3a0f3f33824f,5d4bdfc3cf0b3a0f3f33824f.jpg,footwear,2044.0,Q4,am,co,Colombia,blip_prompted,"[""shoe"", ""shoes"", ""sandal"", ""sandals"", ""slipper"", ""slippers"", ""sneaker"", ""sneakers"", ""boot"", ""boots"", ""footwear""]",captioning,the main household object in this image is a pair of shoes,,,,,True
5d4be6b3cf0b3a0f3f344270,5d4be6b3cf0b3a0f3f344270.JPG,footwear,2235.172785,Q4,as,cn,China,clip,"[""shoe"", ""shoes"", ""sandal"", ""sandals"", ""slipper"", ""slippers"", ""sneaker"", ""sneakers"", ""boot"", ""boots"", ""footwear""]",classification,footwear,footwear,0.9998086094856262,1.0,,True
5d4be6b3cf0b3a0f3f344270,5d4be6b3cf0b3a0f3f344270.JPG,footwear,2235.172785,Q4,as,cn,China,blip_baseline,"[""shoe"", ""shoes"", ""sandal"", ""sandals"", ""slipper"", ""slippers"", ""sneaker"", ""sneakers"", ""boot"", ""boots"", ""footwear""]",captioning,a shelf with a bunch of shoes on it,,,,,True
5d4be6b3cf0b3a0f3f344270,5d4be6b3cf0b3a0f3f344270.JPG,footwear,2235.172785,Q4,as,cn,China,blip_prompted,"[""shoe"", ""shoes"", ""sandal"", ""sandals"", ""slipper"", ""slippers"", ""sneaker"", ""sneakers"", ""boot"", ""boots"", ""footwear""]",captioning,the main household object in this image is a shoe rack,,,,,True
5d4bdf81cf0b3a0f3f337c37,5d4bdf81cf0b3a0f3f337c37.jpg,footwear,2379.0,Q4,eu,ro,Romania,clip,"[""shoe"", ""shoes"", ""sandal"", ""sandals"", ""slipper"", ""slippers"", ""sneaker"", ""sneakers"", ""boot"", ""boots"", ""footwear""]",classification,footwear,footwear,0.9998074173927307,1.0,,True
5d4bdf81cf0b3a0f3f337c37,5d4bdf81cf0b3a0f3f337c37.jpg,footwear,2379.0,Q4,eu,ro,Romania,blip_baseline,"[""shoe"", ""shoes"", ""sandal"", ""sandals"", ""slipper"", ""slippers"", ""sneaker"", ""sneakers"", ""boot"", ""boots"", ""footwear""]",captioning,a pair of shoes on a rug,,,,,True
5d4bdf81cf0b3a0f3f337c37,5d4bdf81cf0b3a0f3f337c37.jpg,footwear,2379.0,Q4,eu,ro,Romania,blip_prompted,"[""shoe"", ""shoes"", ""sandal"", ""sandals"", ""slipper"", ""slippers"", ""sneaker"", ""sneakers"", ""boot"", ""boots"", ""footwear""]",captioning,the main household object in this image is a pair of shoes,,,,,True
5d4bef5fcf0b3a0f3f353214,5d4bef5fcf0b3a0f3f353214.jpg,footwear,3829.191091,Q4,as,np,Nepal,clip,"[""shoe"", ""shoes"", ""sandal"", ""sandals"", ""slipper"", ""slippers"", ""sneaker"", ""sneakers"", ""boot"", ""boots"", ""footwear""]",classification,footwear,footwear,0.9999030828475952,1.0,,True
5d4bef5fcf0b3a0f3f353214,5d4bef5fcf0b3a0f3f353214.jpg,footwear,3829.191091,Q4,as,np,Nepal,blip_baseline,"[""shoe"", ""shoes"", ""sandal"", ""sandals"", ""slipper"", ""slippers"", ""sneaker"", ""sneakers"", ""boot"", ""boots"", ""footwear""]",captioning,a pair of black and green sandals,,,,,True
5d4bef5fcf0b3a0f3f353214,5d4bef5fcf0b3a0f3f353214.jpg,footwear,3829.191091,Q4,as,np,Nepal,blip_prompted,"[""shoe"", ""shoes"", ""sandal"", ""sandals"", ""slipper"", ""slippers"", ""sneaker"", ""sneakers"", ""boot"", ""boots"", ""footwear""]",captioning,the main household object in this image is a pair of black and green sandals,,,,,True
5d4bdf9ecf0b3a0f3f337f0b,5d4bdf9ecf0b3a0f3f337f0b.JPG,footwear,2602.0,Q4,eu,ch,Switzerland,clip,"[""shoe"", ""shoes"", ""sandal"", ""sandals"", ""slipper"", ""slippers"", ""sneaker"", ""sneakers"", ""boot"", ""boots"", ""footwear""]",classification,footwear,footwear,0.9999533891677856,1.0,,True
5d4bdf9ecf0b3a0f3f337f0b,5d4bdf9ecf0b3a0f3f337f0b.JPG,footwear,2602.0,Q4,eu,ch,Switzerland,blip_baseline,"[""shoe"", ""shoes"", ""sandal"", ""sandals"", ""slipper"", ""slippers"", ""sneaker"", ""sneakers"", ""boot"", ""boots"", ""footwear""]",captioning,a pair of shoes on the ground,,,,,True
5d4bdf9ecf0b3a0f3f337f0b,5d4bdf9ecf0b3a0f3f337f0b.JPG,footwear,2602.0,Q4,eu,ch,Switzerland,blip_prompted,"[""shoe"", ""shoes"", ""sandal"", ""sandals"", ""slipper"", ""slippers"", ""sneaker"", ""sneakers"", ""boot"", ""boots"", ""footwear""]",captioning,the main household object in this image is a pair of shoes,,,,,True
5d4be0e9cf0b3a0f3f33a1a1,5d4be0e9cf0b3a0f3f33a1a1.jpg,footwear,4732.0,Q4,as,in,India,clip,"[""shoe"", ""shoes"", ""sandal"", ""sandals"", ""slipper"", ""slippers"", ""sneaker"", ""sneakers"", ""boot"", ""boots"", ""footwear""]",classification,footwear,footwear,0.9999861717224121,1.0,,True
5d4be0e9cf0b3a0f3f33a1a1,5d4be0e9cf0b3a0f3f33a1a1.jpg,footwear,4732.0,Q4,as,in,India,blip_baseline,"[""shoe"", ""shoes"", ""sandal"", ""sandals"", ""slipper"", ""slippers"", ""sneaker"", ""sneakers"", ""boot"", ""boots"", ""footwear""]",captioning,a group of shoes sitting on the floor,,,,,True
5d4be0e9cf0b3a0f3f33a1a1,5d4be0e9cf0b3a0f3f33a1a1.jpg,footwear,4732.0,Q4,as,in,India,blip_prompted,"[""shoe"", ""shoes"", ""sandal"", ""sandals"", ""slipper"", ""slippers"", ""sneaker"", ""sneakers"", ""boot"", ""boots"", ""footwear""]",captioning,the main household object in this image is the sandals,,,,,True
5d4be0dccf0b3a0f3f33a033,5d4be0dccf0b3a0f3f33a033.JPG,footwear,2370.0,Q4,eu,nl,Netherlands,clip,"[""shoe"", ""shoes"", ""sandal"", ""sandals"", ""slipper"", ""slippers"", ""sneaker"", ""sneakers"", ""boot"", ""boots"", ""footwear""]",classification,footwear,footwear,0.9982221722602844,1.0,,True
5d4be0dccf0b3a0f3f33a033,5d4be0dccf0b3a0f3f33a033.JPG,footwear,2370.0,Q4,eu,nl,Netherlands,blip_baseline,"[""shoe"", ""shoes"", ""sandal"", ""sandals"", ""slipper"", ""slippers"", ""sneaker"", ""sneakers"", ""boot"", ""boots"", ""footwear""]",captioning,a man standing on a kitchen floor next to a pair of shoes,,,,,True
5d4be0dccf0b3a0f3f33a033,5d4be0dccf0b3a0f3f33a033.JPG,footwear,2370.0,Q4,eu,nl,Netherlands,blip_prompted,"[""shoe"", ""shoes"", ""sandal"", ""sandals"", ""slipper"", ""slippers"", ""sneaker"", ""sneakers"", ""boot"", ""boots"", ""footwear""]",captioning,the main household object in this image is a pair of shoes,,,,,True
